concept_id,concept_name,domain_id,vocabulary_id,concept_class_id,concept_code,table_name,record_count,patient_count,patient_coverage_pct,units,coverage_7,coverage_Amsterdam UMC Epic,coverage_Amsterdam UMC Metavision Meibergdreef,coverage_Catharina Ziekenhuis Eindhoven,coverage_Franciscus Gasthuis,coverage_OLVG,coverage_Radboudumc,coverage_UMC Utrecht,coverage_Amsterdam UMC Metavision Boelelaan
967823,sodium chloride,Drug,RxNorm,Ingredient,9863,drug_exposure,10866148,117420,92.70487920416863,,72.20931313319082,96.53432164964713,99.11548154370708,43.75,55.96555965559656,98.6750730994152,75.85308200496999,97.64459565558754,96.84607645875252
19010309,water,Drug,RxNorm,Ingredient,11295,drug_exposure,5524545,45645,36.03742302226433,,2.0912724230876476,3.8441824705279344,99.60962593269754,1.5625,,91.60270467836257,0.2727438026547063,63.9623135304894,
1321341,norepinephrine,Drug,RxNorm,Ingredient,7512,drug_exposure,2812182,69468,54.846044528659405,,40.29184868482201,66.08051098056224,59.514750210011364,18.883928571428573,,62.73757309941521,53.966907085277896,72.36325569222717,38.96378269617706
1125315,acetaminophen,Drug,RxNorm,Ingredient,161,drug_exposure,2164131,95234,75.18869414179693,,80.5651082814388,87.94306667192367,83.6635864999753,64.64285714285714,85.05535055350553,22.441520467836256,81.24734832414086,88.11829364040827,80.34708249496983
2000000255,Enteral feeding,Drug,ICUdata,Observable Entity,2000000255,drug_exposure,1857433,41956,33.12490131059529,,24.212287387303654,23.084808579426724,36.87799575035825,7.901785714285714,0.984009840098401,43.494152046783626,22.340747924116613,31.771787490185815,41.29778672032193
35198096,insulin aspart,Drug,RxNorm Extension,Ingredient,OMOP4819461,drug_exposure,1703212,44276,34.956576661929574,,61.14880565108282,39.19883294562946,58.31397934476454,14.866071428571429,3.8130381303813037,3.403691520467836,40.66307048912055,30.855796911803193,19.507042253521128
1560524,glucose,Drug,RxNorm,Ingredient,4850,drug_exposure,1563025,47738,37.6898784146534,,33.850729621712055,28.68745810826795,27.953748085190494,4.776785714285714,6.765067650676507,38.33150584795322,41.25098490817625,15.100758963622088,64.48692152917505
2000000571,selective digestive decontamination - oral,Drug,ICUdata,Observable Entity,2000000571,drug_exposure,1513457,40976,32.35117637770409,,30.783530067850172,40.48022710247211,39.82309630874141,10.334821428571429,0.5535055350553506,47.245065789473685,31.844354203285047,34.467416906568964,1.7655935613682092
753626,propofol,Drug,RxNorm,Ingredient,8782,drug_exposure,1458543,66460,52.47118269382599,,49.10307649409796,67.79560777510547,70.59346741117754,12.924107142857142,18.204182041820417,20.664290935672515,29.23813564458452,73.56712902381575,71.0513078470825
19049105,potassium chloride,Drug,RxNorm,Ingredient,8591,drug_exposure,1075945,55336,43.688615190273175,,18.88651361650711,39.43934077199069,62.84034194791718,10.446428571428571,25.092250922509226,49.826388888888886,21.74071155827626,34.624443862863124,43.06841046277666
974140,hydrochloric acid,Drug,RxNorm,Ingredient,5486,drug_exposure,1052749,21295,16.81272698563082,,,,,,,96.55975877192982,,,
19069760,sodium hydroxide,Drug,RxNorm,Ingredient,9880,drug_exposure,980394,20178,15.930838465182378,,,,,,,91.4610745614035,,,
956874,furosemide,Drug,RxNorm,Ingredient,4603,drug_exposure,766465,50011,39.484446549818415,,11.320754716981131,30.083192051413477,55.27004990858329,13.013392857142858,24.477244772447726,38.56907894736842,16.69192072246803,21.565035331065165,28.52112676056338
19049024,potassium,Drug,RxNorm,Ingredient,8588,drug_exposure,703903,25815,20.381335859782094,,,,22.06848841231408,,,96.77448830409357,,,
1774470,cefotaxime,Drug,RxNorm,Ingredient,2186,drug_exposure,666722,35362,27.918837833570187,,16.758063017009015,32.11370894610259,36.02312595740475,8.683035714285714,1.3530135301353015,47.482638888888886,17.073762046184616,,16.448692152917506
19001014,nadroparin,Drug,RxNorm,Ingredient,67031,drug_exposure,646555,80478,63.5386072951208,,52.941723208476624,67.10956905728817,71.02337302959926,,,66.97733918128655,44.232983817201045,,43.11368209255533
1154029,fentanyl,Drug,RxNorm,Ingredient,4337,drug_exposure,640603,28636,22.60855834517606,,64.33683427827864,18.56641564483697,16.37100360725404,3.080357142857143,3.013530135301353,6.82108918128655,8.661130977635008,8.374771002355404,37.052313883299796
1367571,heparin,Drug,RxNorm,Ingredient,5224,drug_exposure,624803,13767,10.869256276646139,,2.621061436936518,16.374245948823088,0.3953155111923704,1.8080357142857142,3.1365313653136533,,2.836535547608946,6.699816801884324,16.609657947686117
708298,midazolam,Drug,RxNorm,Ingredient,6960,drug_exposure,588796,35710,28.19358913627033,,16.88818663444558,14.812916453100973,25.30513416020161,3.4598214285714284,10.33210332103321,34.50292397660819,13.909933935390024,18.37215388641717,23.495975855130784
1110410,morphine,Drug,RxNorm,Ingredient,7052,drug_exposure,582131,68784,54.306016106110846,,1.552188865136165,58.6484248708749,69.98566981271928,26.026785714285715,11.623616236162361,51.09192251461988,46.07551972846839,67.05051033760796,52.23340040241449
1596977,"insulin, regular, human",Drug,RxNorm,Ingredient,253182,drug_exposure,572953,20240,15.979788409916312,,,0.0039427512518235225,,,,62.874634502923975,0.06060973392326808,,31.654929577464788
1307046,metoprolol,Drug,RxNorm,Ingredient,6918,drug_exposure,534704,41954,33.12332228012001,,19.137466307277627,20.45105074320861,21.139496961012007,30.267857142857142,0.3075030750307503,27.13358918128655,38.90538820534578,21.905260403035854,21.1317907444668
36029299,glucose / sodium chloride,Drug,RxNorm,Multiple Ingredients,108190,drug_exposure,513097,32560,25.70661613769146,,0.4554326610279766,12.261956393171156,,0.06696428571428571,,15.323464912280702,46.57251954663919,0.10468463752944256,82.42454728370221
19087208,lactose,Drug,RxNorm,Ingredient,6211,drug_exposure,502466,19391,15.309489973156483,,,,,,,87.87463450292398,,,
1139042,acetylcysteine,Drug,RxNorm,Ingredient,197,drug_exposure,488736,25651,20.251855360808463,,0.8086253369272237,21.29085675984702,66.60572219202452,1.6964285714285714,,2.0376461988304095,3.6911327959270257,13.13792200994504,4.9044265593561365
1154343,albuterol,Drug,RxNorm,Ingredient,435,drug_exposure,484597,33155,26.17637770408969,,0.6041453666697648,12.522177975791507,65.82991550130949,0.6696428571428571,10.39360393603936,58.76279239766082,3.2608036850718225,20.256477361947134,1.1167002012072436
36029881,albuterol / ipratropium,Drug,RxNorm,Multiple Ingredients,214199,drug_exposure,464155,18772,14.820780041054793,,14.425132447253462,18.495446122304145,,7.053571428571429,0.06150061500615006,8.76736111111111,17.63743257167101,10.546977231091338,13.038229376257545
923540,phenol,Drug,RxNorm,Ingredient,33290,drug_exposure,447449,14888,11.75430285804516,,,,,,,67.3656798245614,,,
948078,pantoprazole,Drug,RxNorm,Ingredient,40790,drug_exposure,348631,41145,32.48460445286594,,25.597174458592807,18.968576272522967,2.5201363838513613,42.276785714285715,34.132841328413285,7.542945906432749,55.08212618946603,17.770217220622875,29.14989939637827
1398937,clonidine,Drug,RxNorm,Ingredient,2599,drug_exposure,289647,14140,11.163745460287384,,4.368435728227531,15.601466703465679,7.436873054306468,2.34375,4.243542435424354,10.34356725146199,8.109582398933268,39.67547762365873,7.892354124748491
19137312,thiamine,Drug,RxNorm,Ingredient,10454,drug_exposure,282929,22807,18.00647402494868,,5.270006506180872,15.589638449710208,33.54252112467263,3.1919642857142856,11.746617466174662,16.67580409356725,6.248863567488939,6.176393614237111,23.194164989939637
1340128,captopril,Drug,RxNorm,Ingredient,1998,drug_exposure,273397,30916,24.40865308700458,,23.217771168324195,17.79757915073138,27.701734446805357,,,52.72295321637427,10.691557064064488,7.223239989531536,11.725352112676056
766529,haloperidol,Drug,RxNorm,Ingredient,5093,drug_exposure,261692,22536,17.792515395547134,,5.744028255414072,12.466979458265978,16.82067500123536,4.352678571428571,12.607626076260763,26.439144736842106,15.91005515485787,9.945040565297043,16.856136820925553
1309944,amiodarone,Drug,RxNorm,Ingredient,703,drug_exposure,259500,13811,10.903994947102479,,7.147504414908449,9.931790403343452,12.141127637495677,6.383928571428571,4.858548585485855,18.608369883040936,2.6001575853082004,7.825176655325831,10.588531187122737
2000000575,albuterol / acetylcysteine,Drug,ICUdata,Observable Entity,2000000575,drug_exposure,250538,14268,11.264803410705827,,,,65.6273163018234,,,,,,
948487,polyethylene glycol 300,Drug,RxNorm,Ingredient,8513,drug_exposure,249643,16066,12.684351807989895,,0.13012361743656473,43.78425265150022,,0.13392857142857142,1.1070110701107012,,,,
724816,oxazepam,Drug,RxNorm,Ingredient,7781,drug_exposure,239963,30322,23.939681035843993,,10.958267496979273,19.011946536293024,25.280426940752086,13.348214285714286,15.252152521525215,20.58205409356725,11.097642281350385,6.438105208060717,20.43762575452716
19016749,remifentanil,Drug,RxNorm,Ingredient,73032,drug_exposure,232592,6531,5.156324017053529,,0.009294544102611766,7.3177463233844575,0.15812620447694817,0.22321428571428573,,,8.945996727074368,69.2750588851086,0.3118712273641851
1124957,oxycodone,Drug,RxNorm,Ingredient,7804,drug_exposure,232491,19512,15.405021316911416,,0.836508969235059,3.6273311516776405,1.5417304936502445,16.875,,,18.16473725680344,4.1612143417953416,0.8199195171026157
36854851,METAMIZOLE,Drug,RxNorm Extension,Ingredient,OMOP5172468,drug_exposure,228724,16806,13.268593083846518,,4.126777581559624,27.240468398848716,13.124474971586698,23.504464285714285,4.551045510455104,7.177448830409356,1.666767682889872,,
948515,polyethylene glycols,Drug,RxNorm,Ingredient,8516,drug_exposure,224486,18510,14.613927048792041,,21.284505994980947,0.48101565272246977,0.10377032168799723,12.008928571428571,60.94710947109471,25.62591374269006,,42.030881968071185,16.30784708249497
1337860,dopamine,Drug,RxNorm,Ingredient,3628,drug_exposure,224442,18109,14.297331438496762,,0.4461381169253648,4.80227102472105,5.554182932252805,,,38.66045321637427,,,33.445674044265594
904453,esomeprazole,Drug,RxNorm,Ingredient,283742,drug_exposure,216236,19105,15.083688615190272,,2.760479598475695,27.169498876315892,32.30221870830657,4.955357142857143,21.832718327183272,2.6270102339181287,0.8909630886720408,14.603506935357236,6.061368209255533
1112921,ipratropium,Drug,RxNorm,Ingredient,7213,drug_exposure,209642,10623,8.387020369493131,,1.2826470861604238,5.961439892757166,1.9271631170628059,2.142857142857143,11.562115621156211,1.722404970760234,7.800472755924601,11.09657157812091,6.212273641851106
19093848,magnesium sulfate,Drug,RxNorm,Ingredient,6585,drug_exposure,208586,53475,42.219327333017524,,24.007807417046195,26.89744903994007,35.024954291644015,5.892857142857143,25.707257072570727,87.62792397660819,0.0848536274925753,24.862601413242608,74.69818913480886
19061088,dexmedetomidine,Drug,RxNorm,Ingredient,48937,drug_exposure,202326,4722,3.7280909521553767,,5.5860210056696715,5.91018412648346,0.11365320946780649,3.2142857142857144,,3.481359649122807,7.279229044184496,2.250719706883015,
19054936,floxacillin,Drug,RxNorm,Ingredient,4448,drug_exposure,198826,4702,3.7123006474024947,,0.8550980574402826,3.9664077593344635,4.383060730345407,1.0714285714285714,2.091020910209102,,2.9516940420631554,1.9104946349123266,4.20523138832998
1707687,vancomycin,Drug,RxNorm,Ingredient,11124,drug_exposure,186845,12403,9.792357492499605,,2.2492796728320474,9.383747979339983,11.256609181202748,1.9642857142857142,1.045510455104551,9.516630116959064,1.448572640766107,9.578644333943993,17.71629778672032
975125,hydrocortisone,Drug,RxNorm,Ingredient,5492,drug_exposure,183289,14067,11.106110847939366,,5.074821080026025,15.798604266056854,17.660720462519148,5.558035714285714,10.45510455104551,,3.9093278380507908,8.322428683590683,17.61066398390342
19011773,ascorbic acid,Drug,RxNorm,Ingredient,1151,drug_exposure,175701,33369,26.345333964945524,,2.147039687703318,3.5879036391594052,17.463062706922962,1.1607142857142858,7.134071340713407,86.55884502923976,3.9214497848354446,3.1405391258832767,37.93259557344064
35884360,Heparin Sodium,Drug,RxNorm Extension,Ingredient,OMOP5031264,drug_exposure,170317,10525,8.30964787620401,,,,18.308049612096653,,,29.070723684210527,0.3333535365779744,,
1707164,metronidazole,Drug,RxNorm,Ingredient,6922,drug_exposure,166617,12136,9.581556924048634,,7.454224370294637,9.253637188029808,10.21396452043287,5.0,12.607626076260763,9.923245614035087,3.4547548336262803,6.673645642501963,9.577464788732394
19018544,calcium,Drug,RxNorm,Ingredient,1895,drug_exposure,162749,11089,8.754934470235275,,,,52.26565202352127,,,,,,
36027614,Cobalamins / Vitamin B 12,Drug,RxNorm,Multiple Ingredients,1007494,drug_exposure,157662,11826,9.336807200378967,,,,,,,53.271198830409354,,,
19037038,calcium gluconate,Drug,RxNorm,Ingredient,1908,drug_exposure,152629,16548,13.064898152534344,,1.5800724974440004,9.86082088081063,4.887088007115679,1.1160714285714286,1.2300123001230012,52.84173976608187,0.006060973392326808,14.577335775974875,0.7997987927565392
19024770,biotin,Drug,RxNorm,Ingredient,1588,drug_exposure,150432,11556,9.123638086215063,,,,,,,52.03764619883041,0.006060973392326808,,
1797513,ciprofloxacin,Drug,RxNorm,Ingredient,2551,drug_exposure,147514,15140,11.95326069793147,,13.123896272887816,11.323581595237156,9.976775213717449,2.5,6.211562115621156,19.951571637426902,3.975998545366386,3.9518450667364564,6.47887323943662
1319133,nimodipine,Drug,RxNorm,Ingredient,7426,drug_exposure,147054,2728,2.153797568293068,,0.0278836323078353,2.791467886291054,5.1489845332806246,0.022321428571428572,,,2.903206254924541,2.9835121695891127,1.056338028169014
19078219,sufentanil,Drug,RxNorm,Ingredient,56795,drug_exposure,143277,5556,4.386546660350545,,,0.05519851752552932,0.7856895784948362,7.008928571428571,11.869618696186961,0.9685672514619883,20.595187587126492,5.1033760795603245,
1386957,labetalol,Drug,RxNorm,Ingredient,6185,drug_exposure,140679,5628,4.443391757460919,,2.872014127707036,5.440996727516461,4.20516875030884,1.2053571428571428,1.7835178351783518,1.7132675438596492,7.394387538638705,5.705312745354619,2.992957746478873
1361711,nitroglycerin,Drug,RxNorm,Ingredient,4917,drug_exposure,138115,22012,17.37880941102163,,1.2175852774421414,3.48144935536017,10.732816128872857,1.1160714285714286,1.4760147601476015,41.744334795321635,10.436996181586762,5.234231876472128,21.609657947686117
40798706,Carbasalate Calcium,Drug,RxNorm Extension,Ingredient,OMOP2721042,drug_exposure,131646,28169,22.239854729196274,,0.07435635282089413,11.847967511729685,35.86499975292781,1.1607142857142858,10.33210332103321,34.61257309941521,15.200921267955634,28.343365611096573,17.012072434607646
19063454,enoximone,Drug,RxNorm,Ingredient,49626,drug_exposure,129977,12238,9.662087478288331,,6.84078445952226,3.591846390411229,0.6918021445866482,,,36.344115497076025,,,11.715291750503019
902251,hypromellose,Drug,RxNorm,Ingredient,27334,drug_exposure,127399,2646,2.089057318806253,,,,,,,,,0.44490970950013087,12.982897384305835
791967,lorazepam,Drug,RxNorm,Ingredient,6470,drug_exposure,124647,14636,11.555345018158851,,2.193512408216377,9.896305642077042,10.955181103918566,2.767857142857143,6.396063960639607,2.9102704678362574,4.866961634038427,2.9573410102067523,14.019114688128772
19010970,vitamin B complex,Drug,RxNorm,Ingredient,11251,drug_exposure,123608,29428,23.23385441339018,,1.99832698206153,4.467137168316051,0.9289914513020705,1.6964285714285714,7.626076260762607,83.62573099415205,4.660888538699315,5.077204920177964,37.21830985915493
1368671,milrinone,Drug,RxNorm,Ingredient,52769,drug_exposure,123156,8245,6.509553134375493,,,6.008752907779048,20.97148786875525,5.892857142857143,0.3075030750307503,,7.473180192738954,11.803192881444648,
1718517,acetylsalicylsalicylic acid,Drug,RxNorm,Ingredient,1858285,drug_exposure,121913,22485,17.752250118427284,,43.43340459150479,24.173007924930015,1.4873746108612937,34.50892857142857,0.12300123001230012,21.098318713450293,0.05454876053094127,19.052604030358545,3.5261569416498992
35198180,acetated ringer's solution(with glucose),Drug,RxNorm Extension,Ingredient,OMOP4819545,drug_exposure,118178,12012,9.483657034580768,,32.6982061529882,,,,,,0.8667191951027335,72.54645380790369,27.3943661971831
19003953,rocuronium,Drug,RxNorm,Ingredient,68139,drug_exposure,118099,16499,13.026211905889785,,8.736871456455061,10.56657335488704,20.74418144981964,5.178571428571429,25.522755227552274,15.995065789473685,4.036608279289654,15.650353310651662,9.004024144869215
1790812,chlorhexidine,Drug,RxNorm,Ingredient,2358,drug_exposure,116780,21438,16.925627664613927,,0.0836508969235059,28.28529748058195,21.920245095616938,0.11160714285714286,0.18450184501845018,42.754020467836256,0.03636584035396084,0.18319811567652447,1.5945674044265594
19134009,pirinitramide,Drug,RxNorm,Ingredient,8354,drug_exposure,113330,14003,11.055581872730144,,0.5762617343619295,13.137247171075977,,0.3125,2.2140221402214024,23.442068713450293,8.642948057458028,1.2823868097356712,3.113682092555332
19136048,sodium,Drug,RxNorm,Ingredient,9853,drug_exposure,112897,4488,3.5433443865466603,,,0.011828253755470567,22.083312743983793,,,,,,
42898711,chlorine,Drug,RxNorm,Ingredient,1310122,drug_exposure,112863,4470,3.529133112269067,,,,22.083312743983793,,,,,,
19124906,magnesium,Drug,RxNorm,Ingredient,6574,drug_exposure,112845,4480,3.5370282646455076,,,,22.06848841231408,,,,0.03030486696163404,,
19043395,phosphorus,Drug,RxNorm,Ingredient,8263,drug_exposure,112778,4467,3.5267645665561345,,,,22.06848841231408,,,,,,
36029811,amoxicillin / clavulanate,Drug,RxNorm,Multiple Ingredients,19711,drug_exposure,109640,7679,6.06268750986894,,2.2864578492424945,4.6918739896699915,8.672234026782625,1.1160714285714286,1.045510455104551,,2.3819625431844353,1.727296519235802,5.633802816901408
906780,metoclopramide,Drug,RxNorm,Ingredient,6915,drug_exposure,108234,15811,12.483025422390652,,0.5390835579514824,7.715964199818633,12.299253841972625,4.955357142857143,17.466174661746617,1.9234283625730995,11.552215285774896,2.2768908662653757,9.914486921529175
1550557,prednisolone,Drug,RxNorm,Ingredient,8638,drug_exposure,106129,11942,9.428390967945681,,4.071010316943954,0.14982454756929386,5.628304590601374,3.549107142857143,13.468634686346864,23.026315789473685,10.491544942117704,10.25909447788537,5.980885311871227
36878782,Multivitamin preparation,Drug,RxNorm Extension,Ingredient,OMOP994671,drug_exposure,105713,16632,13.131217432496447,,1.7009015707779533,5.768245081417813,0.08400454612837871,0.06696428571428571,,45.138888888888886,1.3455360930965512,1.8319811567652446,19.56237424547284
1776684,ceftazidime,Drug,RxNorm,Ingredient,2191,drug_exposure,102613,4429,3.4967629875256594,,0.0836508969235059,4.593305208374404,6.769778129169343,0.24553571428571427,,,3.212315897933208,1.7534676786181629,1.9064386317907445
943852,xylometazoline,Drug,RxNorm,Ingredient,39841,drug_exposure,101815,4532,3.578083057003,,1.5428943210335533,1.592871505736703,0.8696941246232149,0.24553571428571427,2.7675276752767526,1.183296783625731,1.927389538759925,0.4710808688824915,12.681086519114688
1370109,sotalol,Drug,RxNorm,Ingredient,9947,drug_exposure,100878,16108,12.717511447970946,,24.93726182730737,4.305484366991286,6.369521174087068,0.17857142857142858,1.2915129151291513,30.5281432748538,0.5212437117401054,0.287882753205967,4.582494969818914
36030544,polyethylene glycol 400 / propylene glycol,Drug,RxNorm,Multiple Ingredients,689953,drug_exposure,96900,12145,9.58866256118743,,,,,,,,50.08182314079641,,
1709170,meropenem,Drug,RxNorm,Ingredient,29561,drug_exposure,96889,3369,2.6598768356229274,,0.3903708523096942,4.337026377005874,2.0506992143104217,0.9821428571428571,3.3825338253382533,1.8594663742690059,1.86071883144433,7.6419785396493065,1.3832997987927564
1318137,nicardipine,Drug,RxNorm,Ingredient,7396,drug_exposure,96511,6799,5.367914100742144,,14.629612417510922,2.0108031384299965,0.3854326234125611,2.1205357142857144,,,8.139887265894902,25.202826485213293,10.271629778672033
939506,sodium bicarbonate,Drug,RxNorm,Ingredient,36676,drug_exposure,94028,14927,11.78509395231328,,2.31434148155033,9.068327879194102,17.552008696941247,3.125,6.765067650676507,11.20248538011696,11.564337232559549,7.5634650615022245,9.079476861167002
1777806,ceftriaxone,Drug,RxNorm,Ingredient,2193,drug_exposure,93594,18487,14.595768198326228,,14.387954270843014,14.738004179316327,3.3058259623461974,6.607142857142857,16.359163591635916,2.68640350877193,6.897387720467907,36.273226903951844,22.248490945674043
992956,magnesium hydroxide,Drug,RxNorm,Ingredient,6581,drug_exposure,93409,11791,9.309174167061425,,0.6413235430802119,1.8964633521271144,,18.370535714285715,1.968019680196802,,1.2000727316807078,0.8113059408531798,
836715,temazepam,Drug,RxNorm,Ingredient,10355,drug_exposure,91794,26541,20.9545239223117,,7.20327167952412,9.293064700548042,15.239412956465879,6.361607142857143,9.16359163591636,7.666301169590644,4.854839687253773,1.6487830410887203,13.893360160965795
1746940,erythromycin,Drug,RxNorm,Ingredient,4053,drug_exposure,87597,10399,8.210168956260857,,0.7528580723115531,9.821393368292394,10.164550081533823,3.482142857142857,0.7995079950799509,11.476608187134502,1.4243287471967998,7.092384192619733,9.844064386317907
1366610,esketamine,Drug,RxNorm,Ingredient,2119365,drug_exposure,86448,6500,5.131849044686563,,1.0502834835951296,6.276859992903048,4.229875969758363,2.9017857142857144,8.91758917589176,5.025584795321637,6.091278259288441,4.08270086364826,1.70523138832998
1713332,amoxicillin,Drug,RxNorm,Ingredient,723,drug_exposure,86249,5404,4.266540344228644,,1.310530718468259,2.949177936363995,7.006967435884765,0.5803571428571429,2.952029520295203,1.8183479532163742,1.0606703436571914,2.8526563726773095,3.475855130784708
1771162,cefazolin,Drug,RxNorm,Ingredient,2180,drug_exposure,83258,27882,22.01326385599242,,47.0768658797286,33.663210188069236,10.688343133863714,5.223214285714286,16.728167281672818,0.5436769005847953,1.8001090975210619,36.194713425804764,40.11569416498994
951511,mupirocin,Drug,RxNorm,Ingredient,42372,drug_exposure,79117,18697,14.761566398231485,,0.399665396412306,10.5429168473761,4.985916884913772,30.290178571428573,0.984009840098401,,0.012121946784653616,52.15912064904475,20.699195171026158
1322184,clopidogrel,Drug,RxNorm,Ingredient,32968,drug_exposure,76059,12377,9.771830096320858,,5.028348359512966,9.407404486850925,5.835845233977368,4.933035714285714,19.92619926199262,6.46016081871345,7.576216740408509,4.10887202303062,4.124748490945674
1503297,metformin,Drug,RxNorm,Ingredient,6809,drug_exposure,75697,6677,5.2715932417495655,,1.598661585649224,2.5864448211962308,2.0259919948608984,2.455357142857143,12.792127921279214,,2.4183283835383964,0.654278984559016,1.0311871227364184
1539403,simvastatin,Drug,RxNorm,Ingredient,36567,drug_exposure,75204,13955,11.017685141323227,,4.926108374384237,4.585419705870756,8.138558086672926,3.1473214285714284,9.71709717097171,3.686951754385965,13.04321474028729,0.575765506411934,11.946680080482897
1332418,amlodipine,Drug,RxNorm,Ingredient,17767,drug_exposure,71803,13327,10.52186957208274,,3.476159494376801,6.016638410282695,2.035874882640708,14.6875,18.019680196801968,6.9764254385964914,12.315897933208074,9.500130855796911,9.647887323943662
1545958,atorvastatin,Drug,RxNorm,Ingredient,83367,drug_exposure,71690,11613,9.168640454760776,,5.009759271307742,7.814532981114222,2.2384740821267974,13.816964285714286,17.650676506765066,2.8828581871345027,5.824595430026062,0.5495943470295734,7.9124748490945676
1301065,dalteparin,Drug,RxNorm,Ingredient,67109,drug_exposure,71317,10343,8.165956102952787,,,0.01577100500729409,,33.236607142857146,0.3075030750307503,,21.71646766470695,65.32321381837215,
2000000583,erythrocytes,Drug,ICUdata,Observable Entity,2000000583,drug_exposure,69370,18950,14.961313753355439,,,,29.090280179868557,11.473214285714286,,24.707602339181285,,13.687516356974614,29.25553319919517
970250,spironolactone,Drug,RxNorm,Ingredient,9997,drug_exposure,66945,9673,7.636980893731249,,1.3477088948787062,4.068919291881875,2.8808617878143994,3.6160714285714284,6.642066420664206,3.024488304093567,1.515243348081702,5.286574195236849,2.8923541247484907
42899937,polyethylene glycol 4000,Drug,RxNorm,Ingredient,1310594,drug_exposure,65540,5588,4.411811147955156,,,,,,,,,42.05705312745355,19.929577464788732
2000000587,albuterol / salbutamol / / Ipratropium bromide / acetylcysteine,Drug,ICUdata,Observable Entity,2000000587,drug_exposure,65395,3564,2.8138323069635245,,,,17.517418589711912,,,,,,
1337720,dobutamine,Drug,RxNorm,Ingredient,3616,drug_exposure,65273,7916,6.249802621190589,,9.173715029277814,4.407995899538698,12.852695557641942,0.9151785714285714,,1.0508040935672514,3.7638644766349474,11.593823606385763,6.99195171026157
1518254,dexamethasone,Drug,RxNorm,Ingredient,3264,drug_exposure,64319,16652,13.147007737249329,,2.63035598103913,7.43208610968734,6.3250481790779265,8.125,15.990159901599016,38.98940058479532,4.188132614097824,7.9560324522376344,7.489939637826962
1318853,nifedipine,Drug,RxNorm,Ingredient,7417,drug_exposure,63865,8044,6.350860571609032,,7.519286179012919,5.957497141505343,6.967435884765528,0.5133928571428571,7.564575645756458,7.556652046783626,0.6364022061943148,0.18319811567652447,1.5895372233400402
1000560,ondansetron,Drug,RxNorm,Ingredient,26225,drug_exposure,63667,21427,16.916942996999843,,17.919881029835487,20.234199424358316,11.459208380688837,0.022321428571428572,,9.845577485380117,14.16449481786775,12.562156503533107,10.789738430583501
19092849,magnesium chloride,Drug,RxNorm,Ingredient,6579,drug_exposure,63370,11776,9.297331438496762,,,0.0039427512518235225,,0.24553571428571427,,,60.027880477604704,18.058099973828842,
711584,levetiracetam,Drug,RxNorm,Ingredient,114477,drug_exposure,60015,3151,2.4877625138165165,,1.2268798215447532,4.751015258447344,1.749271137026239,1.5625,2.1525215252152523,,2.781986787078005,3.533106516618686,2.2183098591549295
35741950,Macrogol cetostearyl ether 22,Drug,RxNorm Extension,Ingredient,OMOP2800098,drug_exposure,58599,4429,3.4967629875256594,,,,21.73247022780056,,,,,,0.05533199195171026
19097867,calcium glubionate,Drug,RxNorm,Ingredient,25806,drug_exposure,58058,14434,11.395862940154744,,,,,,,33.150584795321635,,,35.19114688128773
36029301,sulfamethoxazole / trimethoprim,Drug,RxNorm,Multiple Ingredients,10831,drug_exposure,57471,4536,3.5812411179535766,,1.2547634538525885,3.4025943303237,2.3867173988239365,0.6696428571428571,7.072570725707257,1.2701023391812865,1.5576701618279896,5.208060717089767,3.7072434607645874
766814,quetiapine,Drug,RxNorm,Ingredient,51272,drug_exposure,55044,4167,3.2899099952629087,,5.985686402081978,5.397626463746402,0.2124820872658991,3.8169642857142856,3.874538745387454,4.015899122807017,1.2788653857809564,4.9463491232661605,0.6639839034205232
1353228,vitamin B6,Drug,RxNorm,Ingredient,42954,drug_exposure,52759,3767,2.974103900205274,,0.046472720513058834,0.13799629381382328,16.904679547363738,,,,0.012121946784653616,,
19024063,acenocoumarol,Drug,RxNorm,Ingredient,154,drug_exposure,52193,11359,8.968103584399179,,5.297890138488707,3.1936285139770533,11.385086722340267,0.11160714285714286,3.3825338253382533,1.4254385964912282,3.1577671374022667,1.1253598534415075,2.8621730382293764
19026739,pantothenic acid,Drug,RxNorm,Ingredient,7891,drug_exposure,51765,3702,2.9227854097584083,,,,16.899738103473837,,,,,,
1588986,"insulin human, rDNA origin",Drug,RxNorm,Ingredient,631657,drug_exposure,51018,2464,1.9453655455550292,,,,,,,,,,12.002012072434608
745466,valproate,Drug,RxNorm,Ingredient,40254,drug_exposure,48169,2880,2.2738038844149693,,1.068872571800353,2.180341442258408,3.3848890645846716,0.8482142857142857,0.7995079950799509,1.480263157894737,2.048609006606461,0.9683328971473436,2.6207243460764587
734354,pregabalin,Drug,RxNorm,Ingredient,187832,drug_exposure,48129,2220,1.752723827569872,,1.0781671159029649,2.08177266096282,0.7708652468251223,1.3392857142857142,4.674046740467404,,2.14558458088369,2.015179272441769,0.7997987927565392
19009540,vitamin E,Drug,RxNorm,Ingredient,11256,drug_exposure,47965,3452,2.725406600347387,,0.009294544102611766,,15.644611355438059,,,,0.006060973392326808,,
987245,lactulose,Drug,RxNorm,Ingredient,6218,drug_exposure,47622,5471,4.319437865150797,,0.4182544846175295,1.675669282024997,4.328704847556456,0.8035714285714286,2.091020910209102,,0.9576337959876356,0.6281078251766553,1.0261569416498995
1308216,lisinopril,Drug,RxNorm,Ingredient,29046,drug_exposure,47527,7690,6.071372177483026,,0.17659633794962357,2.3183377360722313,0.7510994712655038,0.44642857142857145,1.6605166051660516,2.6909722222222223,1.103097157403479,0.5495943470295734,5.724346076458753
19118265,succinylated gelatin,Drug,RxNorm,Ingredient,56790,drug_exposure,47103,9600,7.579346281383231,,,,,,,,,,47.203219315895375
1326303,digoxin,Drug,RxNorm,Ingredient,3407,drug_exposure,45397,6934,5.474498657824096,,1.6265452179570592,4.490793675826992,4.388002174235312,1.6741071428571428,4.858548585485855,1.1239035087719298,5.291229771501303,1.9628369536770478,4.386317907444668
1501700,levothyroxine,Drug,RxNorm,Ingredient,10582,drug_exposure,45260,4730,3.7344070740565294,,3.9130030671995537,3.6312739029294643,2.9154518950437316,3.080357142857143,5.535055350553505,3.289473684210526,2.6062185587005273,3.114367966500916,3.651911468812877
19044883,zopiclone,Drug,RxNorm,Ingredient,40001,drug_exposure,45258,6424,5.071845886625612,,0.38107630820708244,0.6229546977881165,,3.4375,11.377613776137762,,18.934480877628946,6.15022245485475,0.14084507042253522
36030773,piperacillin / tazobactam,Drug,RxNorm,Multiple Ingredients,74169,drug_exposure,45044,3168,2.501184272856466,,,,0.12353609724761576,4.441964285714286,1.7220172201722017,,10.04303291108552,1.5702695629416383,
1717240,amphotericin B,Drug,RxNorm,Ingredient,732,drug_exposure,44674,2462,1.943786515079741,,1.431359791802212,0.09068327879194102,2.174235311558037,0.022321428571428572,0.24600246002460024,6.588084795321637,0.07273168070792169,1.7534676786181629,0.45271629778672035
2000000570,selective digestive decontamination - drink,Drug,ICUdata,Observable Entity,2000000570,drug_exposure,44183,1321,1.0429496289278384,,,5.184717896147932,,,,,,,
1567198,"insulin aspart, human",Drug,RxNorm,Ingredient,51428,drug_exposure,44078,3137,2.4767093004894996,,0.5762617343619295,1.9201198596380555,,2.232142857142857,14.022140221402214,,5.727619855748833,,
19020994,nitroprusside,Drug,RxNorm,Ingredient,7476,drug_exposure,43883,2973,2.347228801515869,,,3.485392106611994,7.738301131590651,,,,,,1.9114688128772637
1551099,prednisone,Drug,RxNorm,Ingredient,8640,drug_exposure,42715,3529,2.7861992736459813,,0.018589088205223533,8.094468319993691,,0.044642857142857144,0.12300123001230012,1.2838084795321638,0.9636947693799625,,0.09557344064386318
1551860,pravastatin,Drug,RxNorm,Ingredient,42463,drug_exposure,42663,6979,5.51002684351808,,0.37178176410447067,11.552261167842921,9.176261303552899,0.35714285714285715,1.7220172201722017,,1.381901933450512,22.11462967809474,1.619718309859155
1778162,cefuroxime,Drug,RxNorm,Ingredient,2194,drug_exposure,41980,15552,12.278540975840833,,3.550515847197695,0.09856878129558806,0.7708652468251223,3.392857142857143,28.167281672816728,51.663011695906434,5.842778350203043,0.23554043444124576,3.425553319919517
36028653,"sodium phosphate / sodium phosphate, monobasic",Drug,RxNorm,Multiple Ingredients,1008574,drug_exposure,41933,8029,6.33901784304437,,,,,,,,42.693496575550036,,
37493801,Sodium 1-glycerophosphate,Drug,RxNorm Extension,Ingredient,OMOP4873901,drug_exposure,41902,2541,2.0061582188536238,,2.8906032159122597,8.60702598273075,,,,,,,
2000000585,eye ointment,Drug,ICUdata,Observable Entity,2000000585,drug_exposure,41891,1559,1.230854255487131,,,2.1842841935102313,1.1661807580174928,6.361607142857143,2.5215252152521526,,1.0243045033032305,,
732893,bupivacaine,Drug,RxNorm,Ingredient,1815,drug_exposure,40528,2036,1.6074530238433602,,2.47234873129473,1.9753183771635847,0.8647526807333102,2.9464285714285716,,,0.024243893569307232,5.417429992148652,0.08048289738430583
40241186,ticagrelor,Drug,RxNorm,Ingredient,1116632,drug_exposure,38614,4516,3.5654508132006946,,4.916813830281625,3.840239719276111,0.5386173839996047,1.71875,1.9065190651906518,3.0381944444444446,1.5697921086126432,1.9890081130594086,0.8350100603621731
1124300,diclofenac,Drug,RxNorm,Ingredient,3355,drug_exposure,37455,3659,2.888836254539713,,1.4406543359048238,0.5598706777589402,0.7016850323664575,0.11160714285714286,1.4760147601476015,,1.418267773804473,0.15702695629416383,1.5040241448692153
974166,hydrochlorothiazide,Drug,RxNorm,Ingredient,5487,drug_exposure,36489,5880,4.642349597347229,,0.5204944697462589,5.090091866104167,2.618965261649454,2.8348214285714284,6.826568265682657,1.379751461988304,2.8486574943935996,3.7424757916775713,4.094567404426559
718583,nicotine,Drug,RxNorm,Ingredient,7407,drug_exposure,35069,4063,3.2078004105479234,,1.0874616600055766,4.99152308480858,1.615852151998814,4.0625,4.612546125461255,,5.273046851324323,2.2768908662653757,1.2474849094567404
1195334,choline,Drug,RxNorm,Ingredient,2449,drug_exposure,34920,1831,1.4456024001263224,,,,7.970548994416168,,,,,,
991876,loperamide,Drug,RxNorm,Ingredient,6468,drug_exposure,34236,1639,1.2940154744986578,,0.4554326610279766,0.8043212553719986,0.5583831595592232,0.7142857142857143,3.1365313653136533,,0.7212558336868902,0.6281078251766553,0.28672032193158953
43012293,hydroxyethyl starch 130-0.4,Drug,RxNorm,Ingredient,1363352,drug_exposure,33523,9882,7.801989578398863,,,,40.51983989721797,,,3.874269005847953,,,2.7766599597585513
939871,sodium phosphate,Drug,RxNorm,Ingredient,36709,drug_exposure,33141,10142,8.007263540186326,,,12.183101368134684,12.338785393091861,,,,2.236499181768592,8.767338393090814,
36030040,potassium phosphate / sodium phosphate,Drug,RxNorm,Multiple Ingredients,214794,drug_exposure,32607,8590,6.7819358913627035,,10.632958453387861,4.948152821038521,5.41088105944557,,,22.966922514619885,,,
923645,omeprazole,Drug,RxNorm,Ingredient,7646,drug_exposure,31716,5255,4.148902573819675,,3.6992285528394833,2.3301659898277016,0.6670949251371251,1.9866071428571428,12.177121771217712,,3.1698890841869205,0.3402250719706883,0.5030181086519114
1135766,phenylephrine,Drug,RxNorm,Ingredient,8163,drug_exposure,31636,5443,4.297331438496763,,20.131982526257087,3.1344872451997006,6.152097642931264,2.5223214285714284,,,0.15152433480817018,12.169589112797697,0.2414486921529175
1754994,fluconazole,Drug,RxNorm,Ingredient,4450,drug_exposure,31035,3068,2.4222327490920574,,0.46472720513058835,2.3735362535977607,3.67149281019914,0.7366071428571429,0.6150061500615006,,0.7454997272561974,1.805809997382884,3.7977867203219318
36029420,Bupivacaine / Sufentanil,Drug,RxNorm,Multiple Ingredients,1192824,drug_exposure,30473,2253,1.778777830412127,,7.742355237475602,0.7964357528683516,1.7047981420170975,3.549107142857143,,1.608187134502924,,4.972520282648522,0.025150905432595575
1703687,acyclovir,Drug,RxNorm,Ingredient,281,drug_exposure,30185,2067,1.6319279962103268,,0.6692071753880472,2.401135512360525,1.6553837031180512,0.26785714285714285,0.36900369003690037,1.516812865497076,0.01818292017698042,1.4132426066474746,2.1780684104627768
2000000577,Albumine 20%,Drug,ICUdata,Observable Entity,2000000577,drug_exposure,29490,9131,7.209063634928154,,14.295008829816897,8.248235618814808,3.5034837179423826,4.53125,1.5990159901599017,9.47094298245614,3.7638644766349474,,5.7847082494969815
997881,clindamycin,Drug,RxNorm,Ingredient,2582,drug_exposure,29305,2043,1.6129796305068689,,0.6041453666697648,1.2695659030871742,1.3539556258338687,0.625,1.968019680196802,,1.0606703436571914,1.9628369536770478,1.539235412474849
1728416,penicillin G,Drug,RxNorm,Ingredient,7980,drug_exposure,28506,1285,1.0145270803726512,,0.6970908076958825,0.2799353388794701,2.0605821020902306,0.9598214285714286,,,1.066731317049518,1.1777021722062286,1.0663983903420524
922570,nystatin,Drug,RxNorm,Ingredient,7597,drug_exposure,28415,1302,1.0279488394126006,,0.15800724974440003,0.3903323739305287,0.2124820872658991,0.7142857142857143,3.5670356703567037,,0.6000363658403539,0.2093692750588851,0.07042253521126761
2000000594,selective digestive decontamination - suppository,Drug,ICUdata,Observable Entity,2000000594,drug_exposure,28412,3563,2.8130427917258802,,25.457756297053628,,1.230419528586253,,,2.311769005847953,0.012121946784653616,0.7327924627060979,
1133201,buprenorphine,Drug,RxNorm,Ingredient,1819,drug_exposure,28288,3127,2.4688141481130588,,0.046472720513058834,2.2591964672948786,1.7739783564757623,0.022321428571428572,,,0.4363900842475302,0.10468463752944256,
932745,bumetanide,Drug,RxNorm,Ingredient,1808,drug_exposure,27830,4440,3.505447655139744,,0.49261083743842365,0.5046721602334109,0.2915451895043732,0.42410714285714285,4.612546125461255,,0.4606339778168374,0.2093692750588851,0.6388329979879276
929435,acetazolamide,Drug,RxNorm,Ingredient,167,drug_exposure,27687,4457,3.5188694141796937,,0.4833162933358119,3.820525963016993,5.074862874932055,1.0714285714285714,1.4760147601476015,3.1295687134502925,1.3394751197042245,2.1198639099712118,4.914486921529175
19085688,ketanserin,Drug,RxNorm,Ingredient,6131,drug_exposure,27075,3236,2.554871309016264,,0.4182544846175295,0.03154201001458818,0.627563374017888,,,11.3578216374269,0.41214619067822295,,1.6498993963782695
36030283,calcium carbonate / cholecalciferol,Drug,RxNorm,Multiple Ingredients,608343,drug_exposure,26311,2366,1.8679930522659087,,0.9480434984664002,3.5248196191302292,,2.0535714285714284,3.936039360393604,,,1.2562156503533106,
1510813,rosuvastatin,Drug,RxNorm,Ingredient,301542,drug_exposure,26289,4635,3.659403126480341,,2.4630541871921183,2.01474588968182,0.7362751395957899,9.330357142857142,7.687576875768758,,3.7699254500272743,0.4187385501177702,0.7344064386317908
1502905,insulin glargine,Drug,RxNorm,Ingredient,274783,drug_exposure,25458,2609,2.0598452550134216,,0.34389813179663536,0.619011946536293,0.25201363838513613,0.35714285714285715,4.981549815498155,,0.8727801684950603,0.18319811567652447,0.060362173038229376
1149380,fluticasone,Drug,RxNorm,Ingredient,41126,drug_exposure,25388,1917,1.513500710563714,,0.6877962635932707,0.9423175491858219,0.22730641893561299,0.49107142857142855,1.968019680196802,,0.8727801684950603,0.4187385501177702,4.582494969818914
952004,sevelamer,Drug,RxNorm,Ingredient,214824,drug_exposure,24749,1277,1.0082109584714984,,0.2509526907705177,1.1670543705397627,0.5287344962197954,0.9151785714285714,3.4440344403444034,,1.072792290441845,0.9159905783826223,0.8350100603621731
1303425,tranexamic acid,Drug,RxNorm,Ingredient,10691,drug_exposure,24275,8709,6.87588820464235,,1.4592434241100474,4.482908173323345,6.552354598013539,2.4107142857142856,4.366543665436654,10.380116959064328,1.9940602460755197,2.9311698508243915,11.08148893360161
19003999,mycophenolate mofetil,Drug,RxNorm,Ingredient,68149,drug_exposure,24057,1463,1.1550607926732985,,0.20447997025745887,0.7215234790837046,0.6967435884765528,0.11160714285714286,0.24600246002460024,,1.4303897205891267,3.533106516618686,1.6498993963782695
911891,fiber,Drug,RxNorm,Ingredient,70727,drug_exposure,23909,1171,0.9245223432812253,,,,,,,5.286001461988304,,,
1717704,valacyclovir,Drug,RxNorm,Ingredient,73645,drug_exposure,23655,1072,0.8463603347544607,,0.17659633794962357,1.2340811418207625,0.6572120373573158,0.11160714285714286,,,0.442451057639857,2.172206228735933,0.5482897384305835
744740,zolpidem,Drug,RxNorm,Ingredient,39993,drug_exposure,23301,3271,2.582504342333807,,1.635839762059671,6.304459251665812,0.13341898502742502,0.13392857142857142,1.1070110701107012,3.760051169590643,0.27880477604703313,0.2093692750588851,0.07545271629778671
1301152,melatonin,Drug,RxNorm,Ingredient,6711,drug_exposure,23289,2018,1.5932417495657667,,0.037178176410447066,2.1409139297401727,1.0772347679992094,,0.18450184501845018,1.8777412280701755,0.20001212194678467,0.287882753205967,0.14587525150905434
19010128,vitamin K,Drug,RxNorm,Ingredient,11258,drug_exposure,22795,7070,5.581872730143692,,0.4554326610279766,4.873240547253873,8.079260759994071,,,4.947916666666667,0.5212437117401054,,9.637826961770624
723013,diazepam,Drug,RxNorm,Ingredient,3322,drug_exposure,22759,5029,3.9704721301121113,,0.2230690584626824,0.7530654890982927,1.3045411869348225,0.29017857142857145,1.2915129151291513,15.693530701754385,0.3697193769319353,,0.829979879275654
710062,amitriptyline,Drug,RxNorm,Ingredient,704,drug_exposure,21997,1799,1.4203379125217117,,0.6227344548749884,1.4667034656783504,0.9635815585314029,0.5133928571428571,1.9065190651906518,0.9639985380116959,1.1394629977574398,1.6226118817063595,1.0211267605633803
2000000593,selective digestive decontamination - oral/drink,Drug,ICUdata,Observable Entity,2000000593,drug_exposure,21785,804,0.6347702510658456,,,,,12.299107142857142,,1.0370979532163742,,,
993631,magnesium oxide,Drug,RxNorm,Ingredient,6582,drug_exposure,21425,1267,1.0003158060950577,,,,1.709739585907002,,,,,0.02617115938236064,4.496981891348089
901845,colistin,Drug,RxNorm,Ingredient,2709,drug_exposure,21349,808,0.637928312016422,,0.018589088205223533,0.24050782636123488,0.4447299500914167,,,,1.5637311352203165,0.9159905783826223,0.5835010060362174
1343916,epinephrine,Drug,RxNorm,Ingredient,3992,drug_exposure,20998,3190,2.5185536080846362,,0.28813086718096476,2.278910223553996,5.776547907298513,0.3794642857142857,0.4920049200492005,1.183296783625731,0.30910964300866717,2.1983773881182938,2.7917505030181085
918906,oxybutynin,Drug,RxNorm,Ingredient,32675,drug_exposure,20582,2898,2.288015158692563,,0.594850822567153,4.372511138272286,1.6504422592281465,1.5848214285714286,2.2140221402214024,,1.509182374689375,1.7011253598534415,1.3732394366197183
961047,ranitidine,Drug,RxNorm,Ingredient,9143,drug_exposure,20570,1640,1.2948049897363019,,0.13012361743656473,0.6584394590545283,0.8005139101645501,0.044642857142857144,,,0.9939996363415965,,3.043259557344064
19111620,folic acid,Drug,RxNorm,Ingredient,4511,drug_exposure,20049,2263,1.786672982788568,,0.4554326610279766,1.4272759531601151,0.8746355685131195,1.3392857142857142,4.920049200492005,4.015899122807017,0.1757682283774774,0.8374771002355405,0.613682092555332
1103314,tramadol,Drug,RxNorm,Ingredient,10689,drug_exposure,19834,3213,2.53671245855045,,0.09294544102611767,0.23262232385758783,4.926619558234917,0.022321428571428572,1.5990159901599017,,0.30304866961634036,,0.6438631790744467
797399,gabapentin,Drug,RxNorm,Ingredient,25480,drug_exposure,19661,724,0.5716090320543187,,0.23236360256529418,0.5046721602334109,0.38049117952265654,0.20089285714285715,3.321033210332103,,0.6364022061943148,0.44490970950013087,0.9859154929577465
19006871,argipressin,Drug,RxNorm,Ingredient,1098,drug_exposure,19593,1561,1.232433285962419,,2.137745143600706,1.305050664353586,,0.44642857142857145,0.3075030750307503,0.41118421052631576,2.7516819201163707,7.4849515833551425,
740910,phenytoin,Drug,RxNorm,Ingredient,8183,drug_exposure,19378,1542,1.2174324964471814,,0.0557672646156706,0.2838780901312936,3.098285318970203,0.17857142857142858,0.24600246002460024,1.0599415204678362,0.12728044123886295,0.15702695629416383,2.132796780684105
1714277,voriconazole,Drug,RxNorm,Ingredient,121243,drug_exposure,18972,1237,0.9766303489657351,,0.49261083743842365,1.4943027244411151,0.8054553540544547,0.15625,0.18450184501845018,,0.6727680465482756,1.2562156503533106,1.3179074446680081
715233,baclofen,Drug,RxNorm,Ingredient,1292,drug_exposure,18874,675,0.5329227854097585,,0.07435635282089413,0.5519851752552931,0.321193852843801,0.22321428571428573,0.6765067650676507,,0.5757924722710467,0.49725202826485215,0.5533199195171026
1595799,ferrous fumarate,Drug,RxNorm,Ingredient,24941,drug_exposure,18854,1677,1.3240170535291331,,0.4182544846175295,1.056657335488704,0.7609823590453131,0.8705357142857143,2.5830258302583027,,1.1091581307958058,,0.4426559356136821
19095164,cholecalciferol,Drug,RxNorm,Ingredient,2418,drug_exposure,18664,2402,1.896415600821096,,1.0874616600055766,2.255253716043055,0.45461283787122597,1.2723214285714286,0.24600246002460024,0.9868421052631579,0.3939632705012425,1.884323475529966,0.8450704225352113
902722,tobramycin,Drug,RxNorm,Ingredient,10627,drug_exposure,18427,1439,1.1361124269698406,,0.2695417789757412,0.22473682135394077,0.4051983989721797,,,2.80062134502924,0.5939753924480271,1.4394137660298352,1.9064386317907445
989878,lidocaine,Drug,RxNorm,Ingredient,6387,drug_exposure,18388,10157,8.019106268750987,,3.6062831118133656,5.165004139888814,3.122992538419726,2.544642857142857,6.211562115621156,,2.8547184677859265,0.5234231876472127,0.49798792756539234
1136487,ropivacaine,Drug,RxNorm,Ingredient,35780,drug_exposure,18125,1405,1.1092689088899417,,0.0557672646156706,0.04731301502188227,,0.15625,2.644526445264453,,4.836656767076793,0.15702695629416383,0.6237424547283702
19070174,cefamandole,Drug,RxNorm,Ingredient,2178,drug_exposure,18101,6217,4.908416232433286,,,,28.368829371942482,,,,,,
1103640,methadone,Drug,RxNorm,Ingredient,6813,drug_exposure,17487,774,0.6110847939365229,,0.2509526907705177,0.8240350116311161,0.4743786134308445,0.44642857142857145,0.8610086100861009,,0.6788290199406024,0.575765506411934,0.49798792756539234
19026450,anidulafungin,Drug,RxNorm,Ingredient,341018,drug_exposure,17103,2138,1.687983578083057,,5.297890138488707,2.5509600599298192,0.4595542817611306,1.0714285714285714,1.6605166051660516,,1.2546214922116492,1.7796388380005235,1.0211267605633803
1341927,enalapril,Drug,RxNorm,Ingredient,3827,drug_exposure,16612,2703,2.1340596873519657,,0.14871270564178826,1.5455584907148208,0.39037406730246577,19.174107142857142,4.428044280442805,0.004568713450292397,0.42426813746287656,0.7066213033237373,
905371,methylcellulose,Drug,RxNorm,Ingredient,6873,drug_exposure,16575,2022,1.596399810516343,,17.82693558880937,,0.03459010722933241,,,,0.2181950421237651,,0.005030181086519115
19014202,alfacalcidol,Drug,RxNorm,Ingredient,12062,drug_exposure,16330,1722,1.359545239223117,,0.6227344548749884,1.2222528880652919,0.7955724662746455,0.6026785714285714,3.075030750307503,1.1467470760233918,0.8424753015334263,1.517927244176917,0.9859154929577465
1525340,iomeprol,Drug,RxNorm,Ingredient,2606484,drug_exposure,16212,9947,7.853308068845728,,4.991170183102519,1.9871466309190553,,5.9375,,,10.412752288017456,,
1778262,imipenem,Drug,RxNorm,Ingredient,5690,drug_exposure,15786,616,0.4863413863887573,,,,0.20754064337599445,,,,,0.10468463752944256,2.7464788732394365
2000000592,Soluvit solution,Drug,ICUdata,Observable Entity,2000000592,drug_exposure,15339,1897,1.4977104058108321,,,,7.189800859811236,,,1.3843201754385965,,,
1553610,levocarnitine,Drug,RxNorm,Ingredient,42955,drug_exposure,15326,2584,2.0401073740723197,,0.0836508969235059,0.051255766273705795,,0.022321428571428572,0.12300123001230012,11.581688596491228,0.03030486696163404,0.05234231876472128,0.005030181086519115
781039,alprazolam,Drug,RxNorm,Ingredient,596,drug_exposure,15063,624,0.49265750828991,,0.1394181615391765,0.13405354256199975,0.11859465335771112,0.08928571428571429,0.12300123001230012,,0.14546336141584337,0.05234231876472128,2.1277665995975856
924939,bisacodyl,Drug,RxNorm,Ingredient,1596,drug_exposure,15001,2815,2.2224853939681037,,0.0836508969235059,1.1000275992587627,0.5534417156693185,0.08928571428571429,4.243542435424354,,1.509182374689375,0.654278984559016,0.1659959758551308
793127,magnesium sulfite,Drug,RxNorm,Ingredient,1990883,drug_exposure,14939,5217,4.1189009947891995,,,18.617671411110674,,,,,,,
45775571,glycopyrronium,Drug,RxNorm,Ingredient,1546438,drug_exposure,14890,753,0.5945049739459971,,0.046472720513058834,0.8200922603792927,0.4051983989721797,0.17857142857142858,0.18450184501845018,1.2929459064327486,0.20001212194678467,0.654278984559016,0.02012072434607646
43013024,apixaban,Drug,RxNorm,Ingredient,1364430,drug_exposure,14876,1409,1.112426969840518,,0.31601449948880006,0.47707290147064624,,0.26785714285714285,9.53259532595326,,0.18182920176980424,0.26171159382360637,
907879,miconazole,Drug,RxNorm,Ingredient,6932,drug_exposure,14763,981,0.7745144481288488,,0.06506180871828236,0.6426684540472342,0.5781489351188417,0.42410714285714285,0.5535055350553506,,0.20607309533911147,0.8374771002355405,1.5140845070422535
924566,tamsulosin,Drug,RxNorm,Ingredient,77492,drug_exposure,14614,2231,1.761408495183957,,0.40895994051491774,1.5968142569885266,,2.0982142857142856,4.243542435424354,,0.8606582217104067,0.23554043444124576,0.6991951710261569
1183554,isoproterenol,Drug,RxNorm,Ingredient,6054,drug_exposure,13948,874,0.6900363177009317,,0.7621526164141649,1.5455584907148208,0.01976577555961852,,,,,0.6019366657942947,1.5995975855130784
19053540,iobitridol,Drug,RxNorm,Ingredient,87639,drug_exposure,13913,8810,6.9556292436444025,,0.8550980574402826,10.251153254741158,,,,,0.012121946784653616,,
1373225,perindopril,Drug,RxNorm,Ingredient,54552,drug_exposure,13543,3312,2.6148744670772146,,1.477832512315271,0.3627331151677641,0.20754064337599445,1.0267857142857142,9.53259532595326,,0.472755924601491,0.7066213033237373,0.28672032193158953
950637,tacrolimus,Drug,RxNorm,Ingredient,42316,drug_exposure,12836,1113,0.8787304594978683,,0.09294544102611767,0.8910617829121161,0.4892029451005584,0.22321428571428573,0.6150061500615006,,0.5151827383477786,3.559277676001047,1.4134808853118712
1383815,isosorbide,Drug,RxNorm,Ingredient,6057,drug_exposure,12556,3295,2.601452708037265,,0.21377451436007064,0.7254662303355282,0.4990858328803676,0.4017857142857143,2.275522755227552,,0.6970119401175828,0.10468463752944256,0.5734406438631791
1167322,allopurinol,Drug,RxNorm,Ingredient,519,drug_exposure,12419,1640,1.2948049897363019,,0.4182544846175295,1.3641919331309387,0.7115679201462667,2.0535714285714284,3.8130381303813037,,1.0485483968725378,0.49725202826485215,0.5985915492957746
1338005,bisoprolol,Drug,RxNorm,Ingredient,19484,drug_exposure,12383,2598,2.0511605873993366,,0.4461381169253648,0.8634625241493514,0.6621534812472204,0.49107142857142855,5.043050430504305,,0.9636947693799625,0.10468463752944256,0.22635814889336017
1367500,losartan,Drug,RxNorm,Ingredient,52175,drug_exposure,12380,2372,1.8727301436917732,,0.23236360256529418,0.8831762804084691,0.4743786134308445,0.35714285714285715,3.874538745387454,,0.6727680465482756,0.8898194190002617,1.1468812877263581
1112807,aspirin,Drug,RxNorm,Ingredient,1191,drug_exposure,12300,3569,2.817779883151745,,0.18589088205223533,0.03154201001458818,,0.24553571428571427,0.3075030750307503,,7.164070549730287,0.5234231876472127,
939259,budesonide,Drug,RxNorm,Ingredient,19831,drug_exposure,12291,806,0.6363492815411338,,0.9387489543637885,0.4731301502188227,0.46943716954093984,0.20089285714285715,0.3075030750307503,,0.757621674040851,0.10468463752944256,0.8098591549295775
1201620,codeine,Drug,RxNorm,Ingredient,2670,drug_exposure,12110,956,0.7547765671877468,,0.1115345292313412,0.5480424240034696,0.321193852843801,0.22321428571428573,1.4145141451414514,,0.2181950421237651,0.10468463752944256,0.060362173038229376
1106776,tiotropium,Drug,RxNorm,Ingredient,69120,drug_exposure,12006,1807,1.4266540344228644,,0.46472720513058835,1.2616804005835272,0.5435588278895093,0.49107142857142855,4.858548585485855,,1.515243348081702,0.23554043444124576,0.1659959758551308
19010696,zinc,Drug,RxNorm,Ingredient,11416,drug_exposure,11991,306,0.24159166271909047,,,,,,,,,,1.5191146881287727
1353766,propranolol,Drug,RxNorm,Ingredient,8787,drug_exposure,11693,616,0.4863413863887573,,0.0557672646156706,0.536214170247999,0.27177941394475463,0.06696428571428571,0.5535055350553506,,0.48487787138614463,0.2093692750588851,0.3420523138832998
45892419,gentamicin,Drug,RxNorm,Ingredient,1596450,drug_exposure,11580,5494,4.337596715616612,,1.1339343805186355,3.012261956393171,10.001482433166972,0.42410714285714285,3.321033210332103,,0.41820716407054975,0.5495943470295734,3.23943661971831
19059796,gliclazide,Drug,RxNorm,Ingredient,4816,drug_exposure,11529,1727,1.3634928154113375,,0.2695417789757412,0.42975988644876395,,0.625,4.612546125461255,,0.5636705254863931,,0.060362173038229376
1763204,rifampin,Drug,RxNorm,Ingredient,9384,drug_exposure,11522,795,0.6276646139270488,,0.2974254112835765,0.2483933288648819,0.6868607006967435,0.26785714285714285,0.7995079950799509,,0.7151948602945634,0.3925673907354096,0.6086519114688129
19071236,lactitol,Drug,RxNorm,Ingredient,28395,drug_exposure,11484,1516,1.1969051002684352,,,,,5.825892857142857,0.7380073800738007,,5.800351536456755,,
1526475,ezetimibe,Drug,RxNorm,Ingredient,341248,drug_exposure,11471,1980,1.5632401705352914,,0.8550980574402826,1.510073729448409,0.4101398428620843,5.089285714285714,5.9655596555965555,,0.9818776895569429,0.575765506411934,0.26156941649899396
988095,ursodeoxycholate,Drug,RxNorm,Ingredient,62427,drug_exposure,11314,403,0.3181746407705669,,0.10223998512872944,0.5480424240034696,0.1976577555961852,0.06696428571428571,0.18450184501845018,,0.30304866961634036,0.44490970950013087,0.12072434607645875
994058,mannitol,Drug,RxNorm,Ingredient,6628,drug_exposure,11232,1050,0.8289909995262909,,0.037178176410447066,0.7530654890982927,1.6504422592281465,0.13392857142857142,,,0.12121946784653616,,1.2977867203219315
966282,selenium,Drug,RxNorm,Ingredient,9641,drug_exposure,11074,3044,2.4032843833885993,,,,,,,13.856907894736842,,,
40241331,rivaroxaban,Drug,RxNorm,Ingredient,1114195,drug_exposure,11061,1719,1.3571766935101848,,0.38107630820708244,0.6978669715727635,,0.44642857142857145,2.091020910209102,,0.10909752106188254,0.26171159382360637,
19060985,glutamine,Drug,RxNorm,Ingredient,4885,drug_exposure,10867,645,0.5092373282804358,,1.5335997769309415,,,,,1.9828216374269005,,,0.2012072434607646
1522957,octreotide,Drug,RxNorm,Ingredient,7617,drug_exposure,10730,809,0.638717827254066,,0.678501719490659,0.46524464771517565,1.1711222019073972,1.0491071428571428,0.3075030750307503,,0.21213406873143828,0.49725202826485215,0.3822937625754527
778784,fluticasone / salmeterol,Drug,RxNorm,Multiple Ingredients,284635,drug_exposure,10656,924,0.7295120795831359,,0.4275490287201413,0.792493001616528,,0.42410714285714285,1.6605166051660516,,0.6667070731559488,0.13085579691180318,
1101554,colchicine,Drug,RxNorm,Ingredient,2683,drug_exposure,10462,975,0.7697773567029844,,0.14871270564178826,0.7254662303355282,0.30636952117408706,0.29017857142857145,1.3530135301353015,,0.3394145099703012,0.5495943470295734,0.2766599597585513
1315865,fondaparinux,Drug,RxNorm,Ingredient,321208,drug_exposure,10317,2563,2.023527554081794,,0.2509526907705177,0.8713480266529985,0.39037406730246577,,,2.0513523391812867,0.6485241529789684,0.05234231876472128,0.6841046277665996
19050488,etomidate,Drug,RxNorm,Ingredient,4177,drug_exposure,10267,7304,5.766619295752408,,2.2585742169346594,0.8989472854157631,13.203538073825172,1.4508928571428572,1.1070110701107012,10.800438596491228,0.012121946784653616,3.114367966500916,5.392354124748491
19035704,calcium carbonate,Drug,RxNorm,Ingredient,1897,drug_exposure,10264,830,0.6552976472445918,,0.037178176410447066,0.9778023104522335,,0.17857142857142858,0.8610086100861009,,0.18789017516213105,1.596440722323999,1.0362173038229376
740275,carbamazepine,Drug,RxNorm,Ingredient,2002,drug_exposure,10238,633,0.49976314542870676,,0.278836323078353,0.41793163269329336,0.4892029451005584,0.13392857142857142,0.12300123001230012,,0.48487787138614463,0.3402250719706883,1.1066398390342052
1363053,doxazosin,Drug,RxNorm,Ingredient,49276,drug_exposure,10219,1898,1.4984999210484762,,1.1618180128264708,1.2892796593462919,1.3341898502742502,0.9821428571428571,1.9065190651906518,1.5213815789473684,0.3212315897933208,0.2093692750588851,0.7243460764587525
1307863,verapamil,Drug,RxNorm,Ingredient,11170,drug_exposure,10174,1429,1.1282172745933996,,0.10223998512872944,0.619011946536293,0.7412165834856945,0.3125,0.18450184501845018,,0.40002424389356933,0.13085579691180318,0.43762575452716296
45775570,polystyrene sulfonate,Drug,RxNorm,Ingredient,1546437,drug_exposure,10124,2447,1.9319437865150797,,1.2640579979552002,2.3459369948349957,0.49414438899046303,0.08928571428571429,,,0.6788290199406024,2.9049986914420307,4.627766599597585
36879118,human platelets,Drug,RxNorm Extension,Ingredient,OMOP1003896,drug_exposure,10047,4529,3.5757145112900677,,,,10.40668083213915,1.9866071428571428,,,,10.206752159120649,8.209255533199196
798874,clonazepam,Drug,RxNorm,Ingredient,2598,drug_exposure,9632,1291,1.0192641717985158,,0.2230690584626824,0.701809722824587,2.27306418935613,0.06696428571428571,0.3075030750307503,,0.24849990908539912,0.18319811567652447,1.9919517102615694
785788,olanzapine,Drug,RxNorm,Ingredient,61381,drug_exposure,9346,747,0.5897678825201327,,0.4275490287201413,0.5401569214998225,0.3014280772841824,0.3794642857142857,0.6150061500615006,,0.6242802594096611,0.287882753205967,0.6639839034205232
725131,mirtazapine,Drug,RxNorm,Ingredient,15996,drug_exposure,9306,797,0.6292436444023369,,0.3624872200018589,0.603240941528999,0.7165093640361714,0.26785714285714285,0.7380073800738007,,0.4788168979938178,0.26171159382360637,0.4074446680080483
1197677,clemastine,Drug,RxNorm,Ingredient,2578,drug_exposure,9215,2646,2.089057318806253,,0.4740217492332001,1.7821235658242323,1.828334239264713,0.5803571428571429,2.952029520295203,1.2198464912280702,0.7939875143948119,0.8898194190002617,1.4788732394366197
717136,neostigmine,Drug,RxNorm,Ingredient,7315,drug_exposure,9203,1582,1.2490131059529448,,1.8960869969328005,0.09462603004376453,0.2767208578346593,0.044642857142857144,0.06150061500615006,5.12609649122807,0.03030486696163404,,0.5432595573440644
19088795,phenethicillin,Drug,RxNorm,Ingredient,33277,drug_exposure,8850,380,0.3000157903047529,,0.07435635282089413,0.18530930883570557,0.22236497504570835,0.20089285714285715,0.12300123001230012,,0.09091460088490212,0.07851347814708191,0.05030181086519115
2000000572,selective digestive decontamination - tracheostomy,Drug,ICUdata,Observable Entity,2000000572,drug_exposure,8757,190,0.15000789515237645,,,,,,,,,,0.9406438631790744
920293,nitrofurantoin,Drug,RxNorm,Ingredient,7454,drug_exposure,8218,1065,0.8408337280909521,,0.12082907333395297,0.3154201001458818,,0.06696428571428571,0.922509225092251,,0.5091217649554518,0.02617115938236064,0.12575452716297786
797617,citalopram,Drug,RxNorm,Ingredient,2556,drug_exposure,8213,871,0.6876677719879993,,0.7528580723115531,0.62689744903994,0.3656668478529426,0.8482142857142857,1.5990159901599017,,0.6242802594096611,0.6281078251766553,0.829979879275654
789578,levodopa,Drug,RxNorm,Ingredient,6375,drug_exposure,8083,164,0.1294804989736302,,0.38107630820708244,0.40610337893782283,,,,,,0.23554043444124576,
1314002,atenolol,Drug,RxNorm,Ingredient,1202,drug_exposure,8075,1329,1.049265750828991,,0.0278836323078353,0.22079407010211727,,0.06696428571428571,0.12300123001230012,,1.891023698405964,0.15702695629416383,2.162977867203219
36030143,budesonide / formoterol,Drug,RxNorm,Multiple Ingredients,389132,drug_exposure,7918,635,0.501342175903995,,0.40895994051491774,0.48495840397429324,0.24213075060532688,0.44642857142857145,1.4145141451414514,,0.5515485787017395,0.07851347814708191,
1506270,methylprednisolone,Drug,RxNorm,Ingredient,6902,drug_exposure,7625,1476,1.1653244907626716,,0.20447997025745887,1.916177108386232,1.4478430597420566,0.3794642857142857,1.7220172201722017,,0.5818534456633735,1.7534676786181629,0.9406438631790744
36030368,Fenoterol / Ipratropium,Drug,RxNorm,Multiple Ingredients,687342,drug_exposure,7552,378,0.2984367598294647,,,,,7.075892857142857,3.259532595325953,,,0.07851347814708191,
722031,paroxetine,Drug,RxNorm,Ingredient,32937,drug_exposure,7454,868,0.6852992262750671,,0.594850822567153,0.7215234790837046,0.7016850323664575,0.8258928571428571,0.6765067650676507,,0.7515607006485242,0.4187385501177702,0.528169014084507
902427,timolol,Drug,RxNorm,Ingredient,10600,drug_exposure,7398,498,0.39317858834675506,,0.5390835579514824,0.6899814690691164,0.20754064337599445,0.06696428571428571,0.18450184501845018,,0.12121946784653616,0.4710808688824915,0.1710261569416499
36030181,Bupivacaine / Fentanyl,Drug,RxNorm,Multiple Ingredients,404781,drug_exposure,7358,977,0.7713563871782726,,,,3.7209072490981865,,,,,,0.8350100603621731
1331270,dipyridamole,Drug,RxNorm,Ingredient,3521,drug_exposure,7089,783,0.6181904310753198,,0.1951854261548471,0.18530930883570557,0.9685230024213075,0.044642857142857144,0.12300123001230012,,0.4666949512091642,0.05234231876472128,1.2877263581488934
36879068,sodium hypochlorite diluted,Drug,RxNorm Extension,Ingredient,OMOP997158,drug_exposure,7087,277,0.21869572082741198,,,0.41793163269329336,0.3261352967337056,0.044642857142857144,,,0.012121946784653616,0.10468463752944256,
1115008,naproxen,Drug,RxNorm,Ingredient,7258,drug_exposure,7068,1061,0.8376756671403758,,0.17659633794962357,0.0709695225328234,,1.1830357142857142,12.361623616236162,,0.20001212194678467,,0.12575452716297786
36029214,ropivacaine / Sufentanil,Drug,RxNorm,Multiple Ingredients,1014118,drug_exposure,7065,663,0.5234486025580294,,,,,,,,3.497181647372568,,
1746114,piperacillin,Drug,RxNorm,Ingredient,8339,drug_exposure,6948,430,0.3394915521869572,,0.0836508969235059,0.01971375625911761,0.00494144388990463,,,,0.03030486696163404,1.5702695629416383,1.6398390342052314
1153013,promethazine,Drug,RxNorm,Ingredient,8745,drug_exposure,6819,2729,2.154587083530712,,0.17659633794962357,0.27204983637582303,0.6670949251371251,0.15625,0.8610086100861009,1.7406798245614035,0.29092672283168675,0.18319811567652447,0.24647887323943662
1346823,carvedilol,Drug,RxNorm,Ingredient,20352,drug_exposure,6700,584,0.46107689878414654,,0.06506180871828236,0.3509048614122935,0.26683797005485005,0.11160714285714286,0.7995079950799509,,0.2242560155160919,0.18319811567652447,0.3722334004024145
759740,pyridostigmine,Drug,RxNorm,Ingredient,9000,drug_exposure,6552,157,0.12395389231012159,,0.0836508969235059,0.1577100500729409,0.11859465335771112,0.15625,0.6150061500615006,,0.14546336141584337,0.23554043444124576,0.09054325955734406
923081,ofloxacin,Drug,RxNorm,Ingredient,7623,drug_exposure,6531,186,0.1468498342018001,,0.037178176410447066,0.22079407010211727,0.04447299500914167,0.022321428571428572,,,0.13940238802351657,0.15702695629416383,0.21629778672032193
1799139,oseltamivir,Drug,RxNorm,Ingredient,260101,drug_exposure,6492,1253,0.9892625927680404,,0.0278836323078353,1.411504948152821,1.828334239264713,0.29017857142857145,1.045510455104551,1.0051169590643274,0.6242802594096611,0.287882753205967,0.2716297786720322
743670,venlafaxine,Drug,RxNorm,Ingredient,39786,drug_exposure,6444,678,0.5352913311226907,,0.5297890138488707,0.5440996727516461,0.5237930523298908,0.46875,0.922509225092251,,0.5454876053094126,0.4710808688824915,0.32696177062374243
19132965,Plantago seed,Drug,RxNorm,Ingredient,82088,drug_exposure,6215,558,0.44054950260540027,,0.0278836323078353,0.37061861767141113,,0.022321428571428572,0.06150061500615006,,0.3272925631856476,0.15702695629416383,
1757803,ganciclovir,Drug,RxNorm,Ingredient,4678,drug_exposure,6142,582,0.45949786830885836,,0.018589088205223533,0.01971375625911761,0.3656668478529426,0.022321428571428572,,1.4482821637426901,,1.4917560847945563,0.47283702213279677
36029153,aluminum oxide / magnesium hydroxide,Drug,RxNorm,Multiple Ingredients,1009101,drug_exposure,6114,735,0.5802936996684036,,,0.5992981902771755,,,,,,,
1036228,sucralfate,Drug,RxNorm,Ingredient,10156,drug_exposure,6081,378,0.2984367598294647,,0.0836508969235059,0.19713756259117612,0.0988288777980926,0.17857142857142858,,,0.157585308200497,0.10468463752944256,0.39738430583501005
1328165,diltiazem,Drug,RxNorm,Ingredient,3443,drug_exposure,5867,792,0.6252960682141165,,0.0836508969235059,0.2602215826203525,0.19271631170628056,0.044642857142857144,0.43050430504305043,,1.5879750287896237,0.10468463752944256,0.2766599597585513
1308368,midodrine,Drug,RxNorm,Ingredient,6963,drug_exposure,5807,194,0.15316595610295278,,0.009294544102611766,0.264164333872176,0.0494144388990463,0.8928571428571429,,,0.19395114855445786,0.2093692750588851,0.08048289738430583
1517070,desmopressin,Drug,RxNorm,Ingredient,3251,drug_exposure,5797,1961,1.5482393810200537,,0.49261083743842365,0.6860387178172929,1.7986855759252853,0.44642857142857145,0.06150061500615006,1.3066520467836258,2.054669979998788,1.9366657942946872,2.3641851106639837
932196,cisapride,Drug,RxNorm,Ingredient,35255,drug_exposure,5787,370,0.292120637928312,,,,0.8449869051736918,,,,,,0.02012072434607646
1308842,valsartan,Drug,RxNorm,Ingredient,69749,drug_exposure,5781,1008,0.7958313595452392,,0.07435635282089413,0.15376729882111737,,0.17857142857142858,1.5990159901599017,,0.6788290199406024,0.31405391258832765,0.4879275653923541
19031397,dipyrone,Drug,RxNorm,Ingredient,3523,drug_exposure,5768,697,0.5502921206379283,,,,,,,,2.139523607491363,4.7108086888249145,
965748,scopolamine,Drug,RxNorm,Ingredient,9601,drug_exposure,5643,1126,0.8889941575872414,,0.0836508969235059,2.397192761108702,0.9586401146414982,0.11160714285714286,0.24600246002460024,,0.3939632705012425,0.10468463752944256,0.3873239436619718
1742253,levofloxacin,Drug,RxNorm,Ingredient,82122,drug_exposure,5525,683,0.5392389073109111,,0.009294544102611766,0.2129085675984702,0.07412165834856946,0.044642857142857144,0.06150061500615006,,0.12121946784653616,0.05234231876472128,2.6156941649899395
19009405,vitamin D,Drug,RxNorm,Ingredient,11253,drug_exposure,5447,1009,0.7966208747828833,,0.15800724974440003,0.264164333872176,0.02470721944952315,0.7589285714285714,9.102091020910208,,1.666767682889872,,
1344992,iloprost,Drug,RxNorm,Ingredient,40138,drug_exposure,5445,240,0.18948365703458075,,,0.6150691952844695,0.20754064337599445,0.7142857142857143,,,0.03636584035396084,,
1738521,doxycycline,Drug,RxNorm,Ingredient,3640,drug_exposure,5436,901,0.711353229117322,,0.2695417789757412,0.3035918463904112,0.20259919948608984,0.33482142857142855,0.7995079950799509,1.804641812865497,0.3394145099703012,0.49725202826485215,0.23138832997987926
40234201,butylscopolamine,Drug,RxNorm,Ingredient,1085787,drug_exposure,5135,1646,1.2995420811621665,,0.10223998512872944,0.5756416827662343,0.8054553540544547,0.22321428571428573,0.8610086100861009,1.2792397660818713,0.24243893569307232,,2.308853118712274
19037833,domperidone,Drug,RxNorm,Ingredient,3626,drug_exposure,5133,388,0.30633191220590555,,0.009294544102611766,0.14982454756929386,0.27177941394475463,0.044642857142857144,0.3075030750307503,,0.09091460088490212,0.13085579691180318,0.12072434607645875
19091621,"insulin, protamine zinc, human",Drug,RxNorm,Ingredient,236646,drug_exposure,5098,467,0.3687036159797884,,0.009294544102611766,0.10251153254741159,0.08400454612837871,,,,,,
19044522,zinc sulfate,Drug,RxNorm,Ingredient,39954,drug_exposure,5058,337,0.26606663508605716,,,0.011828253755470567,,,,1.4665570175438596,0.01818292017698042,,
19010482,cyclosporine,Drug,RxNorm,Ingredient,3008,drug_exposure,5040,263,0.20764250750039476,,0.09294544102611767,0.20502306509482318,0.44967139398132133,,,,0.07273168070792169,0.23554043444124576,0.015090543259557344
19054702,fibrinogen,Drug,RxNorm,Ingredient,4385,drug_exposure,4895,3209,2.5335543975998736,,4.591504786690213,1.9989748846745259,0.9734644463112121,1.1607142857142858,0.43050430504305043,2.2569444444444446,2.551669798169586,2.8788275320596703,0.2665995975855131
1347384,irbesartan,Drug,RxNorm,Ingredient,83818,drug_exposure,4856,962,0.7595136586136112,,0.26024723487312945,0.34301935890864643,,0.13392857142857142,4.428044280442805,,0.20607309533911147,0.2093692750588851,0.22132796780684105
1704139,posaconazole,Drug,RxNorm,Ingredient,282446,drug_exposure,4781,252,0.1989578398863098,,0.06506180871828236,0.32330560264952884,0.11365320946780649,,,,0.06060973392326808,0.287882753205967,0.05533199195171026
1531601,"insulin aspart protamine, human",Drug,RxNorm,Ingredient,352385,drug_exposure,4751,339,0.26764566556134534,,0.12082907333395297,0.03942751251823522,,0.044642857142857144,0.43050430504305043,,0.10909752106188254,,
19003206,iopromide,Drug,RxNorm,Ingredient,27781,drug_exposure,4747,2935,2.317227222485394,,0.5483781020540942,4.033434530615463,,,,,0.024243893569307232,,
1502855,tolbutamide,Drug,RxNorm,Ingredient,10635,drug_exposure,4730,553,0.4366019264171799,,0.07435635282089413,0.10251153254741159,0.22730641893561299,0.044642857142857144,0.36900369003690037,,0.19395114855445786,,0.1358148893360161
1373928,hydralazine,Drug,RxNorm,Ingredient,5470,drug_exposure,4714,326,0.25738196747197223,,,0.0709695225328234,,,,,1.1879507848960542,,0.01006036217303823
19078399,teicoplanin,Drug,RxNorm,Ingredient,57021,drug_exposure,4598,785,0.619769461550608,,,0.01971375625911761,0.08400454612837871,,,,2.872901387962907,0.02617115938236064,
1304850,filgrastim,Drug,RxNorm,Ingredient,68442,drug_exposure,4596,490,0.3868624664456024,,0.06506180871828236,0.5638134290107637,0.5336759401097001,,,,0.12728044123886295,0.26171159382360637,0.3722334004024145
43013090,isoprene,Drug,RxNorm,Ingredient,1364275,drug_exposure,4542,795,0.6276646139270488,,,,1.8481000148243316,0.044642857142857144,,1.79093567251462,,,
43526717,glyceryl phosphate,Drug,RxNorm,Ingredient,1423803,drug_exposure,4537,2091,1.650876361913785,,0.24165814666790594,,,,,0.8589181286549707,,0.02617115938236064,9.235412474849095
36029225,carbidopa / levodopa,Drug,RxNorm,Multiple Ingredients,103990,drug_exposure,4526,149,0.11763777040896889,,,,0.1976577555961852,0.26785714285714285,0.18450184501845018,,0.1636462815928238,0.15702695629416383,0.2665995975855131
1316262,sildenafil,Drug,RxNorm,Ingredient,136411,drug_exposure,4501,279,0.22027475130270013,,0.046472720513058834,0.16953830382841145,0.5633246034491278,0.044642857142857144,0.06150061500615006,,0.09091460088490212,0.575765506411934,0.2062374245472837
914335,atropine,Drug,RxNorm,Ingredient,1223,drug_exposure,4469,1735,1.3698089373124902,,0.24165814666790594,0.6860387178172929,2.9352176706033504,0.24553571428571427,2.337023370233702,1.33406432748538,0.29698769622401355,0.6019366657942947,1.1619718309859155
778939,sacubitril / valsartan,Drug,RxNorm,Multiple Ingredients,1656339,drug_exposure,4447,449,0.35449234170219485,,0.09294544102611767,0.12222528880652919,,0.20089285714285715,1.7835178351783518,,0.13940238802351657,0.07851347814708191,
954688,latanoprost,Drug,RxNorm,Ingredient,43611,drug_exposure,4429,476,0.3758092531185852,,0.278836323078353,0.4337026377005875,0.26683797005485005,0.13392857142857142,0.7380073800738007,,0.4545730044245106,0.3402250719706883,0.22132796780684105
990028,lanthanum carbonate,Drug,RxNorm,Ingredient,234416,drug_exposure,4413,199,0.15711353229117322,,0.0836508969235059,0.16953830382841145,,0.06696428571428571,0.24600246002460024,,0.20001212194678467,0.15702695629416383,
2000000591,Fresh frozen plasma,Drug,ICUdata,Observable Entity,2000000591,drug_exposure,4390,1246,0.9837359861045318,,,,0.08400454612837871,2.299107142857143,,5.034722222222222,,0.13085579691180318,
1777087,hydroxychloroquine,Drug,RxNorm,Ingredient,5521,drug_exposure,4344,284,0.22422232749092058,,0.10223998512872944,0.25627883136852897,,0.06696428571428571,0.43050430504305043,,0.40002424389356933,0.18319811567652447,0.09557344064386318
1177480,ibuprofen,Drug,RxNorm,Ingredient,5640,drug_exposure,4292,485,0.38291489025738196,,0.1394181615391765,0.09068327879194102,,0.044642857142857144,0.5535055350553506,,0.11515849445420935,0.10468463752944256,0.13078470824949698
721724,nortriptyline,Drug,RxNorm,Ingredient,7531,drug_exposure,4247,397,0.31343754934470236,,0.2230690584626824,0.3509048614122935,0.11365320946780649,0.42410714285714285,0.7380073800738007,,0.3879022971089157,0.44490970950013087,0.11066398390342053
1363749,fosinopril,Drug,RxNorm,Ingredient,50166,drug_exposure,4235,1217,0.9608400442128533,,0.018589088205223533,0.20502306509482318,,0.022321428571428572,0.18450184501845018,,0.3212315897933208,3.27139492279508,0.4879275653923541
800878,clozapine,Drug,RxNorm,Ingredient,2626,drug_exposure,4206,324,0.25580293699668405,,0.10223998512872944,0.22079407010211727,0.46943716954093984,0.08928571428571429,0.06150061500615006,,0.11515849445420935,0.05234231876472128,0.30181086519114686
36861661,HUMAN PLASMA,Drug,RxNorm Extension,Ingredient,OMOP5179278,drug_exposure,4099,1620,1.27901468498342,,,,,,,4.258040935672515,,17.796388380005233,
1387426,folate,Drug,RxNorm,Ingredient,62356,drug_exposure,4048,580,0.4579188378335702,,0.35319267589924713,,,,,,1.5637311352203165,,
44785829,dapagliflozin,Drug,RxNorm,Ingredient,1488564,drug_exposure,4034,656,0.5179219958945208,,0.15800724974440003,0.3035918463904112,,0.35714285714285715,2.1525215252152523,,0.0787926541002485,0.7066213033237373,
1196677,formoterol,Drug,RxNorm,Ingredient,25255,drug_exposure,4032,394,0.3110690036317701,,0.037178176410447066,0.12616804005835272,,0.29017857142857145,1.045510455104551,,0.6000363658403539,0.6019366657942947,
1334456,ramipril,Drug,RxNorm,Ingredient,35296,drug_exposure,3906,767,0.6055581872730144,,0.0557672646156706,0.051255766273705795,,0.022321428571428572,,,1.9031456451906177,0.07851347814708191,
19087394,lacosamide,Drug,RxNorm,Ingredient,623400,drug_exposure,3854,187,0.14763934943944418,,0.13012361743656473,0.20502306509482318,0.01482433166971389,0.15625,0.36900369003690037,,0.20001212194678467,0.4187385501177702,0.09557344064386318
1102527,meperidine,Drug,RxNorm,Ingredient,6754,drug_exposure,3784,2327,1.8372019579977894,,0.17659633794962357,1.5889287544848796,6.829075455848199,0.022321428571428572,,1.1787280701754386,0.7091338869022366,0.23554043444124576,0.1358148893360161
36030364,dextran 70 / hypromellose,Drug,RxNorm,Multiple Ingredients,687306,drug_exposure,3652,511,0.40344228643612823,,4.3126684636118595,,,,,,,0.13085579691180318,
1351557,candesartan,Drug,RxNorm,Ingredient,214354,drug_exposure,3648,696,0.5495026054002842,,0.14871270564178826,0.2838780901312936,,0.24553571428571427,0.7380073800738007,,0.13940238802351657,0.18319811567652447,0.14587525150905434
705103,lamotrigine,Drug,RxNorm,Ingredient,28439,drug_exposure,3490,306,0.24159166271909047,,0.14871270564178826,0.2129085675984702,0.19271631170628056,0.20089285714285715,,,0.18789017516213105,0.7589636220884585,0.46277665995975853
19014878,azathioprine,Drug,RxNorm,Ingredient,1256,drug_exposure,3490,345,0.2723827569872099,,0.0836508969235059,0.25233608011670544,0.4150812867519889,0.022321428571428572,,,0.2242560155160919,0.36639623135304894,0.18108651911468812
1149196,cetirizine,Drug,RxNorm,Ingredient,20610,drug_exposure,3449,420,0.33159639981051636,,0.037178176410447066,0.4613018964633521,,0.06696428571428571,1.2300123001230012,,0.2181950421237651,0.05234231876472128,0.04527162977867203
1322207,argatroban,Drug,RxNorm,Ingredient,15202,drug_exposure,3427,53,0.04184430759513658,,,,,,,,0.12728044123886295,0.05234231876472128,0.08551307847082495
739138,sertraline,Drug,RxNorm,Ingredient,36437,drug_exposure,3368,329,0.25975051318490444,,0.17659633794962357,0.3390766076568229,0.10377032168799723,0.3125,1.2300123001230012,,0.30910964300866717,0.3402250719706883,0.14084507042253522
19095309,cholestyramine resin,Drug,RxNorm,Ingredient,2447,drug_exposure,3361,199,0.15711353229117322,,0.07435635282089413,0.1419390450656468,0.05929732667885556,0.11160714285714286,0.24600246002460024,,0.0787926541002485,,0.07545271629778671
1309799,eplerenone,Drug,RxNorm,Ingredient,298869,drug_exposure,3358,553,0.4366019264171799,,0.09294544102611767,0.13799629381382328,,0.044642857142857144,0.24600246002460024,,0.3333535365779744,0.18319811567652447,0.015090543259557344
902938,ciclesonide,Drug,RxNorm,Ingredient,274964,drug_exposure,3337,342,0.2700142112742776,,0.17659633794962357,0.2602215826203525,,0.17857142857142858,0.18450184501845018,,0.3757803503242621,0.18319811567652447,
1347450,alteplase,Drug,RxNorm,Ingredient,8410,drug_exposure,3281,710,0.5605558187273014,,1.515010688725718,0.25233608011670544,0.3459010722933241,0.9151785714285714,0.7995079950799509,,0.3333535365779744,0.23554043444124576,0.24647887323943662
990069,chloramphenicol,Drug,RxNorm,Ingredient,2348,drug_exposure,3255,166,0.13105952944891835,,0.018589088205223533,0.11433978630288215,0.25695508227504077,0.022321428571428572,,,0.10303654766955574,0.31405391258832765,0.07545271629778671
36854954,IOXITALAMIC ACID,Drug,RxNorm Extension,Ingredient,OMOP5172571,drug_exposure,3196,1893,1.4945523448602558,,1.2082907333395296,1.5297874857075267,,,,2.709247076023392,0.8061094611794655,0.02617115938236064,
36027407,docusate / sorbitol,Drug,RxNorm,Multiple Ingredients,1007281,drug_exposure,3167,1637,1.2924364440233695,,7.017380797471884,,,,,,0.024243893569307232,,
46234437,ivabradine,Drug,RxNorm,Ingredient,1649480,drug_exposure,3160,209,0.1650086846676141,,0.037178176410447066,0.1577100500729409,,0.11160714285714286,0.5535055350553506,,0.11515849445420935,0.07851347814708191,0.030181086519114688
45892847,edoxaban,Drug,RxNorm,Ingredient,1599538,drug_exposure,3153,400,0.31580609505763463,,0.0278836323078353,0.18136655758388204,,0.044642857142857144,,,0.05454876053094127,,
1716903,moxifloxacin,Drug,RxNorm,Ingredient,139462,drug_exposure,3122,346,0.27317227222485396,,0.07435635282089413,0.4691873989669992,0.1976577555961852,0.022321428571428572,,,0.2606218558700527,,0.030181086519114688
19055217,carbomer,Drug,RxNorm,Ingredient,235535,drug_exposure,3116,120,0.09474182851729038,,,,0.19271631170628056,,,,,0.5495943470295734,0.30181086519114686
19044727,vitamin K1,Drug,RxNorm,Ingredient,8308,drug_exposure,3111,1234,0.9742618032528028,,1.189701645134306,0.01971375625911761,,0.5580357142857143,2.7675276752767526,,2.763803866901024,1.8581523161476052,
705944,methylphenidate,Drug,RxNorm,Ingredient,6901,drug_exposure,3090,207,0.1634296541923259,,0.14871270564178826,0.14982454756929386,0.05929732667885556,0.06696428571428571,0.12300123001230012,,0.1636462815928238,0.3402250719706883,0.2414486921529175
19067971,magnesium gluconate,Drug,RxNorm,Ingredient,52358,drug_exposure,3070,284,0.22422232749092058,,0.0278836323078353,0.08279777628829398,,0.13392857142857142,0.6765067650676507,,0.012121946784653616,0.05234231876472128,
36027694,thiamine / vitamin B12,Drug,RxNorm,Multiple Ingredients,1007574,drug_exposure,3059,800,0.6316121901152693,,,3.130544493947877,,,,,,,
35894862,Sodium dihydrogen phosphate monohydrate,Drug,RxNorm Extension,Ingredient,OMOP5042942,drug_exposure,3044,221,0.1744828675193431,,,,,,,,,5.783826223501701,
36030306,benserazide / levodopa,Drug,RxNorm,Multiple Ingredients,619749,drug_exposure,3022,95,0.07500394757618822,,,,0.19271631170628056,0.11160714285714286,0.06150061500615006,,0.06667070731559488,0.10468463752944256,0.12072434607645875
930021,alfuzosin,Drug,RxNorm,Ingredient,17300,drug_exposure,3007,302,0.23843360176851414,,0.0836508969235059,0.16953830382841145,,0.13392857142857142,0.7380073800738007,,0.11515849445420935,0.02617115938236064,0.06539235412474849
19078126,sodium polystyrene sulfonate,Drug,RxNorm,Ingredient,56512,drug_exposure,2989,902,0.712142744354966,,0.40895994051491774,,,0.625,,1.5579312865497077,0.8606582217104067,2.8526563726773095,
19063575,esmolol,Drug,RxNorm,Ingredient,49737,drug_exposure,2969,329,0.25975051318490444,,0.009294544102611766,0.13799629381382328,0.17789198003656667,,,,0.690950966725256,0.13085579691180318,0.4024144869215292
19012565,mycophenolic acid,Drug,RxNorm,Ingredient,7145,drug_exposure,2968,140,0.11053213327017211,,,,,,,,0.012121946784653616,3.611619994765768,
1319156,dextran 70,Drug,RxNorm,Ingredient,3274,drug_exposure,2967,129,0.10184746565608717,,,,,,,,0.442451057639857,0.13085579691180318,
1516976,insulin detemir,Drug,RxNorm,Ingredient,139825,drug_exposure,2918,346,0.27317227222485396,,0.0836508969235059,0.03154201001458818,0.054355882788950934,0.06696428571428571,,,0.13940238802351657,,
40228152,dabigatran etexilate,Drug,RxNorm,Ingredient,1037042,drug_exposure,2877,309,0.24396020843202273,,0.06506180871828236,0.12616804005835272,,0.15625,1.5375153751537516,,0.07273168070792169,,
735979,risperidone,Drug,RxNorm,Ingredient,35636,drug_exposure,2862,231,0.18237801989578398,,0.17659633794962357,0.13405354256199975,0.22236497504570835,0.11160714285714286,0.18450184501845018,,0.2181950421237651,0.07851347814708191,0.11066398390342053
1736887,linezolid,Drug,RxNorm,Ingredient,190376,drug_exposure,2852,189,0.14921837991473236,,0.046472720513058834,0.11828253755470568,0.06918021445866482,,,,0.18182920176980424,0.13085579691180318,0.030181086519114688
1237049,theophylline,Drug,RxNorm,Ingredient,10438,drug_exposure,2837,790,0.6237170377388284,,0.009294544102611766,0.01971375625911761,0.6918021445866482,0.08928571428571429,,2.640716374269006,0.024243893569307232,0.05234231876472128,0.2062374245472837
36030762,calcium carbonate / magnesium chloride,Drug,RxNorm,Multiple Ingredients,729490,drug_exposure,2831,707,0.5581872730143692,,,,0.054355882788950934,,,3.1067251461988303,,,
1555120,fludrocortisone,Drug,RxNorm,Ingredient,4452,drug_exposure,2765,298,0.23527554081793778,,0.037178176410447066,0.35879036391594055,0.4743786134308445,,,,0.14546336141584337,0.15702695629416383,0.22635814889336017
35602717,insulin degludec,Drug,RxNorm,Ingredient,1670007,drug_exposure,2744,336,0.26527711984841307,,0.15800724974440003,0.03942751251823522,,0.044642857142857144,,,0.09697557427722893,0.05234231876472128,
36030968,acetaminophen / codeine,Drug,RxNorm,Multiple Ingredients,817579,drug_exposure,2677,291,0.22974893415442918,,,0.043370263770058745,0.7856895784948362,,,,0.03030486696163404,,0.26156941649899396
36028200,Dextran / hypromellose,Drug,RxNorm,Multiple Ingredients,1008097,drug_exposure,2669,101,0.07974103900205275,,,,,,,,,0.44490970950013087,0.4225352112676056
1115572,beclomethasone,Drug,RxNorm,Ingredient,1347,drug_exposure,2624,242,0.19106268750986893,,0.1115345292313412,0.1577100500729409,,0.06696428571428571,,,0.3212315897933208,0.3925673907354096,0.01006036217303823
19050832,clobazam,Drug,RxNorm,Ingredient,21241,drug_exposure,2613,238,0.1879046265592926,,0.09294544102611767,0.20108031384299965,0.10871176557790187,0.044642857142857144,0.06150061500615006,,0.1757682283774774,0.31405391258832765,0.31690140845070425
1548111,cinacalcet,Drug,RxNorm,Ingredient,407990,drug_exposure,2603,206,0.16264013895468182,,0.0278836323078353,0.24050782636123488,0.06423877056876019,0.044642857142857144,0.6150061500615006,,0.18182920176980424,,0.060362173038229376
1735947,rifaximin,Drug,RxNorm,Ingredient,35619,drug_exposure,2561,118,0.09316279804200221,,0.046472720513058834,0.22079407010211727,0.02964866333942778,0.044642857142857144,0.3075030750307503,,0.07273168070792169,0.13085579691180318,
36029114,beclomethasone / clioquinol,Drug,RxNorm,Multiple Ingredients,1009060,drug_exposure,2504,221,0.1744828675193431,,0.6877962635932707,,,,,,,,
19054245,protamines,Drug,RxNorm,Ingredient,8826,drug_exposure,2502,2241,1.7693036475603978,,,,0.9685230024213075,,,4.961622807017544,,7.170897670766815,3.108651911468813
1383925,isosorbide dinitrate,Drug,RxNorm,Ingredient,6058,drug_exposure,2474,419,0.3308068845728723,,0.009294544102611766,0.09068327879194102,0.1828334239264713,,,,0.11515849445420935,,0.3772635814889336
19003201,iodixanol,Drug,RxNorm,Ingredient,27729,drug_exposure,2463,1927,1.5213958629401547,,,2.7047273587509366,,,,,,,
19119253,terlipressin,Drug,RxNorm,Ingredient,57048,drug_exposure,2409,538,0.42475919785251853,,0.018589088205223533,0.8910617829121161,1.2501853041458715,,,,0.024243893569307232,,0.23138832997987926
1557272,alendronate,Drug,RxNorm,Ingredient,46041,drug_exposure,2400,792,0.6252960682141165,,0.1394181615391765,0.5243859164925285,0.1630676483668528,0.08928571428571429,1.045510455104551,,0.30304866961634036,0.10468463752944256,0.15593561368209255
1307515,urokinase,Drug,RxNorm,Ingredient,11055,drug_exposure,2387,259,0.2044844465498184,,0.7900362487220002,0.02759925876276466,0.11859465335771112,,,,0.14546336141584337,,0.25653923541247486
2000000582,Algedrate,Drug,ICUdata,Observable Entity,2000000582,drug_exposure,2341,270,0.21316911416390336,,,,0.02964866333942778,,,,0.660646099763622,,
1114220,naloxone,Drug,RxNorm,Ingredient,7242,drug_exposure,2328,947,0.7476709300489499,,0.5111999256436471,0.6623822103063518,0.642387705687602,0.08928571428571429,0.18450184501845018,1.2335526315789473,0.2545608824777259,0.4710808688824915,0.41750503018108653
1782521,isoniazid,Drug,RxNorm,Ingredient,6038,drug_exposure,2327,177,0.1397441970630033,,0.046472720513058834,0.09462603004376453,0.22730641893561299,,,,0.18182920176980424,0.02617115938236064,0.12072434607645875
730729,pentobarbital,Drug,RxNorm,Ingredient,8004,drug_exposure,2311,98,0.07737249328912048,,,0.01577100500729409,0.28660374561446855,,,,,,0.09557344064386318
1597756,glimepiride,Drug,RxNorm,Ingredient,25789,drug_exposure,2282,455,0.3592294331280594,,0.037178176410447066,0.1064542837992351,0.25695508227504077,0.044642857142857144,0.36900369003690037,,0.18182920176980424,0.02617115938236064,0.07042253521126761
700253,thiopental,Drug,RxNorm,Ingredient,10493,drug_exposure,2281,56,0.044212853308068845,,,,0.04447299500914167,,,,0.157585308200497,0.10468463752944256,0.025150905432595575
1137529,salmeterol,Drug,RxNorm,Ingredient,36117,drug_exposure,2279,237,0.18711511132164851,,0.0557672646156706,0.11433978630288215,0.3656668478529426,0.044642857142857144,0.12300123001230012,,0.13334141463118976,0.15702695629416383,
926487,pancreatin,Drug,RxNorm,Ingredient,7880,drug_exposure,2269,72,0.05684509711037423,,,,0.29648663339427783,,,,,,0.05533199195171026
1314577,nebivolol,Drug,RxNorm,Ingredient,31555,drug_exposure,2260,381,0.300805305542397,,0.046472720513058834,0.1931948113393526,,0.11160714285714286,0.5535055350553506,,0.2181950421237651,,0.05533199195171026
1703063,valganciclovir,Drug,RxNorm,Ingredient,275891,drug_exposure,2254,285,0.22501184272856467,,,0.12616804005835272,0.1828334239264713,,,,0.09697557427722893,1.2823868097356712,0.07545271629778671
981709,dorzolamide,Drug,RxNorm,Ingredient,60207,drug_exposure,2251,117,0.09237328280435812,,0.0836508969235059,0.14982454756929386,0.13836042891732964,0.044642857142857144,,,0.06060973392326808,0.287882753205967,
529411,"tetanus toxoid vaccine, inactivated",Drug,RxNorm,Ingredient,798306,drug_exposure,2188,2160,1.7053529133112268,,0.3067199553861883,1.2577376493317036,0.25695508227504077,0.022321428571428572,0.06150061500615006,,0.8000484877871387,2.3554043444124573,0.5030181086519114
751246,lithium carbonate,Drug,RxNorm,Ingredient,42351,drug_exposure,2183,199,0.15711353229117322,,0.24165814666790594,0.1931948113393526,,0.044642857142857144,0.24600246002460024,,0.20001212194678467,0.13085579691180318,0.18108651911468812
36028155,penicillin G benzathine / penicillin G sodium,Drug,RxNorm,Multiple Ingredients,1008049,drug_exposure,2161,43,0.03394915521869572,,,,,,,,0.1757682283774774,,
36852771,LANDIOLOL,Drug,RxNorm Extension,Ingredient,OMOP5170387,drug_exposure,2152,155,0.12237486183483341,,0.6599126312854354,,,,,,0.3575974301472817,,
798834,clomipramine,Drug,RxNorm,Ingredient,2597,drug_exposure,2152,176,0.13895468182535922,,0.14871270564178826,0.12222528880652919,0.06918021445866482,0.08928571428571429,0.3075030750307503,,0.19395114855445786,0.10468463752944256,0.07042253521126761
915542,brimonidine,Drug,RxNorm,Ingredient,134615,drug_exposure,2144,99,0.07816200852676457,,0.0557672646156706,0.15376729882111737,0.08894599001828334,0.06696428571428571,0.06150061500615006,,0.048487787138614465,0.15702695629416383,
19017067,tirofiban,Drug,RxNorm,Ingredient,73137,drug_exposure,2141,438,0.3458076740881099,,0.3346035876940236,0.0354847612664117,,0.022321428571428572,,,0.10909752106188254,0.02617115938236064,
991710,"sodium phosphate, dibasic",Drug,RxNorm,Ingredient,236719,drug_exposure,2121,556,0.4389704721301121,,,,,2.1205357142857144,8.91758917589176,,0.5636705254863931,3.847160429207014,
968426,mesalamine,Drug,RxNorm,Ingredient,52582,drug_exposure,2105,195,0.15395547134059687,,0.07435635282089413,0.16165280132476442,0.00494144388990463,0.3125,0.3075030750307503,,0.2303169889084187,0.05234231876472128,
1311078,cytarabine,Drug,RxNorm,Ingredient,3041,drug_exposure,2099,199,0.15711353229117322,,0.0557672646156706,0.07885502503647045,0.10377032168799723,,,,0.11515849445420935,0.02617115938236064,
720810,pramipexole,Drug,RxNorm,Ingredient,746741,drug_exposure,2094,182,0.14369177325122376,,0.17659633794962357,0.22079407010211727,0.08894599001828334,0.24553571428571427,0.6765067650676507,,,0.02617115938236064,0.07042253521126761
778785,amylase / lipase / protease,Drug,RxNorm,Multiple Ingredients,392491,drug_exposure,2087,99,0.07816200852676457,,,,,0.5580357142857143,0.6765067650676507,,0.12121946784653616,0.3925673907354096,
36028581,"insulin isophane / insulin, regular, human",Drug,RxNorm,Multiple Ingredients,1008501,drug_exposure,2083,371,0.2929101531659561,,0.1115345292313412,,,,,,,,0.02012072434607646
19097016,"calcium carbonate, precipitated",Drug,RxNorm,Ingredient,349908,drug_exposure,2074,258,0.20369493131217434,,,,1.2600681919256806,,,,,,
1749301,ethambutol,Drug,RxNorm,Ingredient,4110,drug_exposure,2046,159,0.12553292278540976,,0.0278836323078353,0.11039703505105863,0.1828334239264713,0.022321428571428572,,,0.14546336141584337,0.05234231876472128,0.1006036217303823
1734104,azithromycin,Drug,RxNorm,Ingredient,18631,drug_exposure,2039,394,0.3110690036317701,,0.12082907333395297,0.34301935890864643,,0.17857142857142858,,,0.30304866961634036,0.6019366657942947,0.15593561368209255
43560385,dolutegravir,Drug,RxNorm,Ingredient,1433868,drug_exposure,2037,90,0.07105637138796779,,0.0278836323078353,0.18925206008752907,,0.08928571428571429,,,0.09091460088490212,0.15702695629416383,
19020124,betahistine,Drug,RxNorm,Ingredient,1511,drug_exposure,2031,156,0.1231643770724775,,0.1394181615391765,0.08279777628829398,,0.13392857142857142,0.06150061500615006,,0.2363779623007455,,0.025150905432595575
715259,duloxetine,Drug,RxNorm,Ingredient,72625,drug_exposure,2011,201,0.1586925627664614,,0.21377451436007064,0.16559555257658795,0.054355882788950934,0.15625,,,0.1636462815928238,0.18319811567652447,0.060362173038229376
755695,fluoxetine,Drug,RxNorm,Ingredient,4493,drug_exposure,2007,225,0.17764092846991947,,0.10223998512872944,0.22079407010211727,0.11859465335771112,0.15625,,,0.14546336141584337,0.10468463752944256,0.15593561368209255
19005046,pyridoxine,Drug,RxNorm,Ingredient,684879,drug_exposure,1986,144,0.11369019422074846,,,,0.25695508227504077,0.022321428571428572,,,0.1697072549851506,0.05234231876472128,0.16096579476861167
1154161,montelukast,Drug,RxNorm,Ingredient,88249,drug_exposure,1952,221,0.1744828675193431,,0.06506180871828236,0.1931948113393526,,0.022321428571428572,0.7380073800738007,,0.1757682283774774,0.15702695629416383,0.06539235412474849
1114375,anakinra,Drug,RxNorm,Ingredient,72435,drug_exposure,1933,71,0.056055581872730145,,0.018589088205223533,0.02759925876276466,,0.022321428571428572,0.06150061500615006,,0.10303654766955574,0.23554043444124576,
19026343,danaparoid,Drug,RxNorm,Ingredient,78484,drug_exposure,1916,217,0.17132480656876678,,,0.01577100500729409,0.5139101645500815,0.044642857142857144,,,0.07273168070792169,,0.28672032193158953
40163718,prasugrel,Drug,RxNorm,Ingredient,613391,drug_exposure,1910,305,0.2408021474814464,,0.0278836323078353,0.06308402002917636,0.4447299500914167,,0.4920049200492005,,0.006060973392326808,0.10468463752944256,0.7997987927565392
916005,solifenacin,Drug,RxNorm,Ingredient,322167,drug_exposure,1885,323,0.25501342175903996,,0.0836508969235059,0.18136655758388204,,0.3125,0.7995079950799509,,0.24849990908539912,0.15702695629416383,
1000772,granisetron,Drug,RxNorm,Ingredient,26237,drug_exposure,1861,773,0.6102952786988789,,0.14871270564178826,,,15.290178571428571,,,0.006060973392326808,,
778474,tizanidine,Drug,RxNorm,Ingredient,57258,drug_exposure,1834,51,0.04026527711984841,,0.0278836323078353,0.0709695225328234,0.03459010722933241,0.022321428571428572,0.06150061500615006,,0.006060973392326808,,0.06539235412474849
19055153,flumazenil,Drug,RxNorm,Ingredient,4457,drug_exposure,1828,1115,0.8803094899731565,,0.1951854261548471,0.5756416827662343,0.9932302218708307,0.08928571428571429,0.3075030750307503,1.7543859649122806,0.14546336141584337,0.15702695629416383,1.0462776659959758
19035344,phenprocoumon,Drug,RxNorm,Ingredient,8150,drug_exposure,1811,295,0.23290699510500554,,0.037178176410447066,0.09068327879194102,,,0.7380073800738007,,0.006060973392326808,,
790253,clorazepate,Drug,RxNorm,Ingredient,2353,drug_exposure,1798,160,0.12632243802305385,,0.06506180871828236,0.03942751251823522,0.4051983989721797,0.06696428571428571,,,0.03030486696163404,,0.06539235412474849
36879243,Sodium hydroxybutyrate,Drug,RxNorm Extension,Ingredient,OMOP1001896,drug_exposure,1786,19,0.015000789515237645,,,,,,,,0.0787926541002485,0.15702695629416383,
40244464,ruxolitinib,Drug,RxNorm,Ingredient,1193326,drug_exposure,1785,59,0.046581399021001106,,,0.13011079131017625,,,,,0.06667070731559488,0.05234231876472128,
989482,dutasteride,Drug,RxNorm,Ingredient,228790,drug_exposure,1771,328,0.2589609979472604,,0.1115345292313412,0.2483933288648819,,0.29017857142857145,0.12300123001230012,,0.1757682283774774,0.05234231876472128,
757688,aripiprazole,Drug,RxNorm,Ingredient,89013,drug_exposure,1758,151,0.11921680088425707,,0.06506180871828236,0.16559555257658795,,0.13392857142857142,,,0.18789017516213105,0.10468463752944256,
1759455,pyrazinamide,Drug,RxNorm,Ingredient,8987,drug_exposure,1740,130,0.10263698089373124,,0.0278836323078353,0.09068327879194102,0.14824331669713892,0.022321428571428572,,,0.11515849445420935,0.02617115938236064,0.06539235412474849
1750500,clarithromycin,Drug,RxNorm,Ingredient,21212,drug_exposure,1709,163,0.12869098373598611,,0.037178176410447066,0.07491227378464693,0.13836042891732964,0.044642857142857144,0.24600246002460024,,0.07273168070792169,,0.15090543259557343
1304643,darbepoetin alfa,Drug,RxNorm,Ingredient,283838,drug_exposure,1681,679,0.5360808463603347,,0.1394181615391765,0.31147734889405826,1.017937441320354,0.17857142857142858,0.18450184501845018,,0.0787926541002485,0.23554043444124576,0.31690140845070425
36028197,clindamycin / glucose,Drug,RxNorm,Multiple Ingredients,1008094,drug_exposure,1676,177,0.1397441970630033,,1.4220652476996003,,,,,,,,
1550023,insulin lispro,Drug,RxNorm,Ingredient,86009,drug_exposure,1667,111,0.0876361913784936,,,0.03942751251823522,,0.022321428571428572,0.24600246002460024,,0.03030486696163404,,
37002370,oxybate,Drug,RxNorm,Ingredient,2387302,drug_exposure,1648,26,0.02052739617874625,,0.0557672646156706,0.06308402002917636,,,,,,,
19091804,magnesium sulfate heptahydrate,Drug,RxNorm,Ingredient,236741,drug_exposure,1638,815,0.6434549186799305,,,,,,,,3.2911085520334566,,
715939,escitalopram,Drug,RxNorm,Ingredient,321988,drug_exposure,1635,206,0.16264013895468182,,0.1951854261548471,0.1931948113393526,,0.49107142857142855,0.43050430504305043,,0.15152433480817018,0.31405391258832765,0.030181086519114688
36029985,ethinyl estradiol / levonorgestrel,Drug,RxNorm,Multiple Ingredients,214558,drug_exposure,1623,211,0.16658771514290227,,0.28813086718096476,0.21685131885029374,0.03953155111923704,0.06696428571428571,,,0.10303654766955574,0.05234231876472128,0.08048289738430583
19098741,levobupivacaine,Drug,RxNorm,Ingredient,259453,drug_exposure,1615,107,0.08447813042791726,,,0.05519851752552932,0.24707219449523152,,,,,0.02617115938236064,
938044,brinzolamide,Drug,RxNorm,Ingredient,194881,drug_exposure,1614,86,0.06789831043739145,,0.0278836323078353,0.11039703505105863,0.0494144388990463,0.022321428571428572,0.06150061500615006,,0.12728044123886295,,
1704183,lamivudine,Drug,RxNorm,Ingredient,68244,drug_exposure,1613,109,0.08605716090320543,,0.0278836323078353,0.09462603004376453,0.25201363838513613,,,,0.01818292017698042,0.05234231876472128,0.035211267605633804
1755112,flucytosine,Drug,RxNorm,Ingredient,4451,drug_exposure,1610,58,0.04579188378335702,,0.009294544102611766,0.0354847612664117,0.07906310223847408,,,,0.024243893569307232,0.05234231876472128,0.025150905432595575
19117912,immunoglobulin G,Drug,RxNorm,Ingredient,5666,drug_exposure,1603,584,0.46107689878414654,,,,,0.13392857142857142,0.24600246002460024,2.00109649122807,0.11515849445420935,1.3609002878827532,0.18108651911468812
1504620,methimazole,Drug,RxNorm,Ingredient,6835,drug_exposure,1544,193,0.1523764408653087,,0.12082907333395297,0.17348105508023498,0.1976577555961852,0.06696428571428571,0.06150061500615006,,0.10909752106188254,,0.1659959758551308
19003303,metaraminol,Drug,RxNorm,Ingredient,6805,drug_exposure,1537,915,0.7224064424443392,,,,4.2002273064189355,,,,,,
1377141,hydroxyurea,Drug,RxNorm,Ingredient,5552,drug_exposure,1537,177,0.1397441970630033,,0.046472720513058834,0.18136655758388204,0.00988288777980926,0.044642857142857144,0.12300123001230012,,0.1757682283774774,0.07851347814708191,0.04024144869215292
19092358,lynestrenol,Drug,RxNorm,Ingredient,6529,drug_exposure,1534,87,0.06868782567503552,,0.009294544102611766,0.07885502503647045,0.09388743390818798,,,,0.06060973392326808,,0.05030181086519115
19102106,mepirodipine,Drug,RxNorm,Ingredient,39879,drug_exposure,1495,363,0.28659403126480343,,0.0557672646156706,0.03942751251823522,,0.08928571428571429,0.984009840098401,,0.13940238802351657,0.15702695629416383,
1354860,flecainide,Drug,RxNorm,Ingredient,4441,drug_exposure,1484,200,0.15790304752881731,,0.09294544102611767,0.1064542837992351,0.08894599001828334,0.13392857142857142,0.24600246002460024,,0.10909752106188254,0.02617115938236064,0.18611670020120724
19069075,hydroquinidine,Drug,RxNorm,Ingredient,27220,drug_exposure,1449,89,0.0702668561503237,,0.037178176410447066,0.15376729882111737,,0.044642857142857144,0.18450184501845018,,,,
19034726,sirolimus,Drug,RxNorm,Ingredient,35302,drug_exposure,1431,82,0.0647402494868151,,,0.14588179631747034,,,,,0.024243893569307232,0.15702695629416383,0.035211267605633804
1342001,enalaprilat,Drug,RxNorm,Ingredient,3829,drug_exposure,1418,286,0.22580135796620876,,,,,,,,,,1.4185110663983904
19008994,mebeverine,Drug,RxNorm,Ingredient,29410,drug_exposure,1388,151,0.11921680088425707,,0.0278836323078353,0.09068327879194102,,0.11160714285714286,0.7995079950799509,,0.15152433480817018,0.10468463752944256,0.025150905432595575
724908,biperiden,Drug,RxNorm,Ingredient,1589,drug_exposure,1384,141,0.1113216485078162,,0.10223998512872944,0.08674052754011749,0.19271631170628056,0.06696428571428571,0.12300123001230012,,0.048487787138614465,,0.11066398390342053
733301,buspirone,Drug,RxNorm,Ingredient,1827,drug_exposure,1361,201,0.1586925627664614,,,0.7372944840909987,,,,,0.03636584035396084,,
19015802,lercanidipine,Drug,RxNorm,Ingredient,135056,drug_exposure,1350,296,0.2336965103426496,,0.06506180871828236,0.12616804005835272,,0.3125,0.4920049200492005,,0.07273168070792169,0.05234231876472128,0.01006036217303823
1136422,levocetirizine,Drug,RxNorm,Ingredient,356887,drug_exposure,1329,233,0.18395705037107216,,0.21377451436007064,0.05519851752552932,,0.26785714285714285,0.3075030750307503,,0.28486574943935994,0.10468463752944256,0.04527162977867203
19010400,fusidate,Drug,RxNorm,Ingredient,113608,drug_exposure,1328,113,0.08921522185378178,,0.0557672646156706,0.03942751251823522,0.05929732667885556,0.06696428571428571,0.18450184501845018,,0.05454876053094127,0.10468463752944256,0.07545271629778671
718122,oxcarbazepine,Drug,RxNorm,Ingredient,32624,drug_exposure,1325,72,0.05684509711037423,,0.0278836323078353,0.0709695225328234,,0.044642857142857144,,,0.0787926541002485,0.10468463752944256,0.12575452716297786
1308738,vitamin B12,Drug,RxNorm,Ingredient,11248,drug_exposure,1307,240,0.18948365703458075,,0.14871270564178826,0.03154201001458818,,0.4017857142857143,2.275522755227552,,0.2727438026547063,0.02617115938236064,
742267,topiramate,Drug,RxNorm,Ingredient,38404,drug_exposure,1297,98,0.07737249328912048,,0.06506180871828236,0.07491227378464693,0.0494144388990463,0.13392857142857142,0.12300123001230012,,0.06060973392326808,,0.1056338028169014
36030114,lopinavir / ritonavir,Drug,RxNorm,Multiple Ingredients,284640,drug_exposure,1291,51,0.04026527711984841,,,0.02759925876276466,0.15318476058704353,,,,0.012121946784653616,,0.025150905432595575
903963,triamcinolone,Drug,RxNorm,Ingredient,10759,drug_exposure,1290,140,0.11053213327017211,,0.018589088205223533,0.12616804005835272,0.13836042891732964,0.044642857142857144,0.6150061500615006,,0.01818292017698042,0.05234231876472128,0.04024144869215292
1636780,testosterone,Drug,RxNorm,Ingredient,10379,drug_exposure,1287,106,0.08368861519027317,,0.09294544102611767,0.14588179631747034,,0.06696428571428571,,,0.10909752106188254,,
739323,droperidol,Drug,RxNorm,Ingredient,3648,drug_exposure,1285,577,0.4555502921206379,,0.009294544102611766,0.5874699365217049,0.39037406730246577,0.8035714285714286,,,0.2303169889084187,1.884323475529966,0.12575452716297786
734275,phenobarbital,Drug,RxNorm,Ingredient,8134,drug_exposure,1284,63,0.04973945997157745,,0.06506180871828236,0.01971375625911761,0.08894599001828334,0.044642857142857144,,,0.09091460088490212,,0.04024144869215292
1143374,ephedrine,Drug,RxNorm,Ingredient,3966,drug_exposure,1283,805,0.6355597663034896,,0.018589088205223533,0.5007294089815874,0.9586401146414982,0.6696428571428571,5.658056580565805,,0.01818292017698042,3.114367966500916,0.5885311871227364
44082051,factor IX complex / factor VII / Factor VIII / factor X / Prothrombin Injectable Suspension,Drug,RxNorm Extension,Clinical Drug Form,OMOP1076682,drug_exposure,1278,950,0.7500394757618822,,,0.6623822103063518,0.23224786282551763,,,,,0.8374771002355405,
43013156,sodium chlorate,Drug,RxNorm,Ingredient,1366921,drug_exposure,1270,257,0.20290541607453025,,,,1.1958294213569205,,,,,,
36031113,dexamethasone / tobramycin,Drug,RxNorm,Multiple Ingredients,883815,drug_exposure,1268,67,0.052897520922153794,,,,0.13341898502742502,0.08928571428571429,,,0.10909752106188254,0.02617115938236064,
1118084,celecoxib,Drug,RxNorm,Ingredient,140587,drug_exposure,1249,180,0.14211274277593558,,0.018589088205223533,0.051255766273705795,,,,,0.03030486696163404,1.5702695629416383,
1103006,desloratadine,Drug,RxNorm,Ingredient,275635,drug_exposure,1237,239,0.1886941417969367,,0.1115345292313412,0.051255766273705795,,0.3794642857142857,1.6605166051660516,,0.2666828292623795,,0.025150905432595575
1724700,foscarnet,Drug,RxNorm,Ingredient,33562,drug_exposure,1237,63,0.04973945997157745,,,0.12222528880652919,0.08400454612837871,,,,0.012121946784653616,,0.01006036217303823
751412,fluvoxamine,Drug,RxNorm,Ingredient,42355,drug_exposure,1215,101,0.07974103900205275,,0.09294544102611767,0.08674052754011749,0.08894599001828334,0.06696428571428571,,,0.0787926541002485,0.02617115938236064,
735951,riluzole,Drug,RxNorm,Ingredient,35623,drug_exposure,1185,76,0.06000315806095058,,,0.0709695225328234,0.16800909225675742,0.022321428571428572,,,0.06060973392326808,0.2093692750588851,
1718054,caspofungin,Drug,RxNorm,Ingredient,140108,drug_exposure,1172,148,0.1168482551713248,,0.018589088205223533,,0.5040272767702723,,,,0.01818292017698042,,0.1710261569416499
43526404,gadoterate meglumine,Drug,RxNorm,Ingredient,1421151,drug_exposure,1150,903,0.7129322595926101,,,0.8122067578756457,,0.022321428571428572,0.18450184501845018,,,,
711714,dantrolene,Drug,RxNorm,Ingredient,3105,drug_exposure,1136,42,0.03315963998105163,,,0.01971375625911761,0.03953155111923704,0.022321428571428572,,,0.048487787138614465,,0.05533199195171026
1549686,fluvastatin,Drug,RxNorm,Ingredient,41127,drug_exposure,1133,189,0.14921837991473236,,0.018589088205223533,0.011828253755470567,,0.15625,0.06150061500615006,,0.18182920176980424,,
19026674,pancuronium,Drug,RxNorm,Ingredient,7883,drug_exposure,1131,314,0.24790778462024318,,,,,,,1.4300073099415205,,,0.005030181086519115
1354118,epoprostenol,Drug,RxNorm,Ingredient,8814,drug_exposure,1127,99,0.07816200852676457,,,,,,,,0.29092672283168675,,0.04527162977867203
1701928,activated charcoal,Drug,RxNorm,Ingredient,272,drug_exposure,1120,438,0.3458076740881099,,0.8179198810298355,0.41004613018964636,0.0988288777980926,0.022321428571428572,0.3075030750307503,,0.2606218558700527,0.26171159382360637,0.28672032193158953
36030145,fibrinogen / thrombin,Drug,RxNorm,Multiple Ingredients,389190,drug_exposure,1109,821,0.6481920101057951,,0.4554326610279766,0.3390766076568229,,,,,,,
778944,olodaterol / tiotropium,Drug,RxNorm,Multiple Ingredients,1658460,drug_exposure,1105,175,0.13816516658771513,,0.0278836323078353,0.11039703505105863,,0.44642857142857145,2.029520295202952,,,0.07851347814708191,
905233,mometasone,Drug,RxNorm,Ingredient,108118,drug_exposure,1103,171,0.1350071056371388,,0.1115345292313412,0.06308402002917636,,0.15625,0.6765067650676507,,0.2545608824777259,0.13085579691180318,
1395058,chlorthalidone,Drug,RxNorm,Ingredient,2409,drug_exposure,1098,245,0.1934312332228012,,0.0278836323078353,0.08279777628829398,0.03459010722933241,0.08928571428571429,0.12300123001230012,,0.13940238802351657,0.05234231876472128,0.060362173038229376
36855301,"VERAPAMIL, (-)-",Drug,RxNorm Extension,Ingredient,OMOP5172918,drug_exposure,1093,1048,0.8274119690510027,,0.3624872200018589,,,,,,,,
1544838,"insulin glulisine, human",Drug,RxNorm,Ingredient,400008,drug_exposure,1088,71,0.056055581872730145,,,0.007885502503647045,,0.022321428571428572,0.18450184501845018,,0.03636584035396084,,
1178663,indomethacin,Drug,RxNorm,Ingredient,5781,drug_exposure,1088,94,0.07421443233854413,,0.037178176410447066,0.0354847612664117,,,,,0.09697557427722893,,0.015090543259557344
778843,emtricitabine / tenofovir disoproxil,Drug,RxNorm,Multiple Ingredients,1008145,drug_exposure,1085,93,0.07342491710090004,,0.0278836323078353,0.14588179631747034,0.09388743390818798,0.06696428571428571,0.06150061500615006,,0.05454876053094127,0.07851347814708191,0.030181086519114688
904501,travoprost,Drug,RxNorm,Ingredient,283809,drug_exposure,1082,109,0.08605716090320543,,0.07435635282089413,0.1064542837992351,,0.06696428571428571,0.18450184501845018,,0.18182920176980424,0.10468463752944256,
1741122,tazobactam,Drug,RxNorm,Ingredient,37617,drug_exposure,1053,63,0.04973945997157745,,,,,,,,,1.6487830410887203,
1731597,drotrecogin alfa,Drug,RxNorm,Ingredient,352374,drug_exposure,1052,166,0.13105952944891835,,,,0.5534417156693185,,,,,,0.23641851106639838
19015726,cisatracurium,Drug,RxNorm,Ingredient,319864,drug_exposure,1047,61,0.04816042949628928,,0.5297890138488707,,,,,,0.01818292017698042,,
1436678,tamoxifen,Drug,RxNorm,Ingredient,10324,drug_exposure,1042,113,0.08921522185378178,,0.046472720513058834,0.0709695225328234,0.07412165834856946,0.022321428571428572,0.3075030750307503,,0.09091460088490212,0.10468463752944256,0.09054325955734406
36028497,alginic acid / aluminum hydroxide,Drug,RxNorm,Multiple Ingredients,1008412,drug_exposure,1022,127,0.10026843518079899,,,,,,,,0.5576095520940663,,
957797,psyllium,Drug,RxNorm,Ingredient,8928,drug_exposure,1017,85,0.06710879519974736,,,,0.25201363838513613,,,,,0.15702695629416383,0.1358148893360161
45775324,diatrizoic acid,Drug,RxNorm,Ingredient,1546223,drug_exposure,1014,492,0.3884414969208906,,,,1.7739783564757623,,,,,,
996416,finasteride,Drug,RxNorm,Ingredient,25025,drug_exposure,998,153,0.12079583135954523,,0.037178176410447066,0.13405354256199975,,0.08928571428571429,0.36900369003690037,,0.12728044123886295,,0.025150905432595575
1580747,sitagliptin,Drug,RxNorm,Ingredient,593411,drug_exposure,996,157,0.12395389231012159,,0.018589088205223533,0.06702677128099988,,0.044642857142857144,0.06150061500615006,,0.03636584035396084,0.02617115938236064,
1309204,adenosine,Drug,RxNorm,Ingredient,296,drug_exposure,986,598,0.47213011211116374,,0.1394181615391765,0.41793163269329336,0.6918021445866482,,,,0.2545608824777259,0.3402250719706883,0.6237424547283702
19093225,pipamperone,Drug,RxNorm,Ingredient,33739,drug_exposure,977,88,0.06947734091267961,,0.037178176410447066,0.05519851752552932,0.17789198003656667,0.044642857142857144,0.06150061500615006,,0.048487787138614465,,0.05533199195171026
778797,amylase / lipase / pancreatin / protease,Drug,RxNorm,Multiple Ingredients,692962,drug_exposure,967,47,0.03710721616927207,,,,,,,,0.18789017516213105,,
1126658,hydromorphone,Drug,RxNorm,Ingredient,3423,drug_exposure,962,28,0.022106426654034422,,,0.02759925876276466,,,,,0.012121946784653616,,
1554072,propylthiouracil,Drug,RxNorm,Ingredient,8794,drug_exposure,930,34,0.026843518079898942,,,0.03942751251823522,0.03459010722933241,0.022321428571428572,,,0.024243893569307232,,0.04527162977867203
904525,bimatoprost,Drug,RxNorm,Ingredient,283810,drug_exposure,922,91,0.07184588662561188,,0.13012361743656473,0.0709695225328234,,,,,0.12121946784653616,,0.035211267605633804
19087090,amantadine,Drug,RxNorm,Ingredient,620,drug_exposure,913,63,0.04973945997157745,,0.018589088205223533,0.01971375625911761,0.05929732667885556,0.044642857142857144,0.06150061500615006,,0.07273168070792169,0.07851347814708191,0.035211267605633804
787787,hyaluronate,Drug,RxNorm,Ingredient,62372,drug_exposure,912,32,0.02526448760461077,,0.0278836323078353,0.02759925876276466,,,,,0.01818292017698042,0.18319811567652447,
985708,ketoconazole,Drug,RxNorm,Ingredient,6135,drug_exposure,906,105,0.08289909995262909,,0.0278836323078353,0.05914126877735284,0.08400454612837871,0.044642857142857144,0.7380073800738007,,0.024243893569307232,0.05234231876472128,0.08048289738430583
964339,sulfasalazine,Drug,RxNorm,Ingredient,9524,drug_exposure,904,70,0.055266066635086056,,0.09294544102611767,0.03942751251823522,,0.044642857142857144,0.18450184501845018,,0.10303654766955574,,
19054242,protamine sulfate (USP),Drug,RxNorm,Ingredient,8825,drug_exposure,900,762,0.601610611084794,,0.2230690584626824,0.8319205141347632,,1.3616071428571428,3.321033210332103,,0.30910964300866717,7.170897670766815,
1310317,cyclophosphamide,Drug,RxNorm,Ingredient,3002,drug_exposure,890,139,0.10974261803252802,,0.14871270564178826,0.04731301502188227,0.22730641893561299,0.044642857142857144,,,0.024243893569307232,0.02617115938236064,0.1006036217303823
953076,famotidine,Drug,RxNorm,Ingredient,4278,drug_exposure,885,118,0.09316279804200221,,0.0557672646156706,0.0709695225328234,,0.22321428571428573,0.6150061500615006,,0.09091460088490212,0.15702695629416383,
1836391,sulfadiazine,Drug,RxNorm,Ingredient,10171,drug_exposure,873,24,0.018948365703458078,,,0.0039427512518235225,0.04447299500914167,,,,0.006060973392326808,,0.035211267605633804
19009054,meglumine ioxithalamate,Drug,RxNorm,Ingredient,29459,drug_exposure,870,519,0.4097584083372809,,,,2.564609378860503,,,,,,
1326115,oxytocin,Drug,RxNorm,Ingredient,7824,drug_exposure,867,155,0.12237486183483341,,0.1673017938470118,,0.18777486781637595,,,,0.006060973392326808,0.15702695629416383,0.15593561368209255
35604901,brivaracetam,Drug,RxNorm,Ingredient,1739745,drug_exposure,853,39,0.030791094268119375,,0.009294544102611766,0.03942751251823522,,0.06696428571428571,,,0.01818292017698042,0.36639623135304894,
1748921,ritonavir,Drug,RxNorm,Ingredient,85762,drug_exposure,848,78,0.06158218853623875,,0.009294544102611766,0.09462603004376453,0.15812620447694817,0.022321428571428572,,,0.012121946784653616,,0.04527162977867203
1756831,darunavir,Drug,RxNorm,Ingredient,460132,drug_exposure,840,63,0.04973945997157745,,0.009294544102611766,0.09462603004376453,0.10377032168799723,0.022321428571428572,,,0.024243893569307232,0.02617115938236064,0.02012072434607646
713823,ropinirole,Drug,RxNorm,Ingredient,72302,drug_exposure,832,76,0.06000315806095058,,0.07435635282089413,0.06702677128099988,0.0494144388990463,0.022321428571428572,,,0.07273168070792169,0.07851347814708191,
998415,clobetasol,Drug,RxNorm,Ingredient,2590,drug_exposure,826,93,0.07342491710090004,,0.018589088205223533,0.09462603004376453,0.00494144388990463,0.13392857142857142,0.06150061500615006,,0.024243893569307232,0.13085579691180318,0.060362173038229376
42899921,Plantago ovata seed extract,Drug,RxNorm,Ingredient,1309942,drug_exposure,816,144,0.11369019422074846,,0.17659633794962357,,,0.35714285714285715,0.922509225092251,,,,
42898837,crospovidone,Drug,RxNorm,Ingredient,1310706,drug_exposure,806,197,0.15553450181588505,,,,0.9734644463112121,,,,,,
782211,entacapone,Drug,RxNorm,Ingredient,60307,drug_exposure,788,20,0.01579030475288173,,,0.02759925876276466,0.03459010722933241,,,,,,0.01006036217303823
1377023,hydroxocobalamin,Drug,RxNorm,Ingredient,5514,drug_exposure,781,313,0.2471182693825991,,0.12082907333395297,0.18530930883570557,,0.022321428571428572,0.18450184501845018,,0.10909752106188254,,0.19617706237424548
1736971,abacavir,Drug,RxNorm,Ingredient,190521,drug_exposure,774,37,0.0292120637928312,,0.009294544102611766,0.051255766273705795,0.054355882788950934,,,,0.006060973392326808,,0.015090543259557344
1321636,bosentan,Drug,RxNorm,Ingredient,75207,drug_exposure,772,56,0.044212853308068845,,0.009294544102611766,0.06702677128099988,,,,,0.07273168070792169,,0.07042253521126761
907553,levocabastine,Drug,RxNorm,Ingredient,28627,drug_exposure,764,55,0.04342333807042476,,0.037178176410447066,0.06308402002917636,,0.044642857142857144,,,0.06060973392326808,,
1710281,tenofovir disoproxil,Drug,RxNorm,Ingredient,300195,drug_exposure,760,73,0.05763461234801832,,,0.09068327879194102,0.09388743390818798,,,,0.012121946784653616,0.07851347814708191,0.060362173038229376
45774751,empagliflozin,Drug,RxNorm,Ingredient,1545653,drug_exposure,753,157,0.12395389231012159,,0.046472720513058834,0.051255766273705795,,0.24553571428571427,1.2300123001230012,,0.024243893569307232,,
904542,triamterene,Drug,RxNorm,Ingredient,10763,drug_exposure,743,71,0.056055581872730145,,0.009294544102611766,0.03942751251823522,,,,,0.05454876053094127,,
19003296,tolperisone,Drug,RxNorm,Ingredient,10639,drug_exposure,738,38,0.03000157903047529,,,0.007885502503647045,,0.022321428571428572,0.06150061500615006,,0.07273168070792169,,
1759842,clavulanate,Drug,RxNorm,Ingredient,48203,drug_exposure,720,67,0.052897520922153794,,,,,,,,,1.7534676786181629,
44122511,factor IX complex / factor VII / Factor VIII / factor X / Prothrombin Injectable Suspension [Feiba],Drug,RxNorm Extension,Branded Drug Form,OMOP1117142,drug_exposure,719,470,0.37107216169272067,,,,,,,,1.6425237893205649,,
35604506,sugammadex,Drug,RxNorm,Ingredient,1726988,drug_exposure,718,614,0.4847623559134691,,0.037178176410447066,1.3720774356345857,,0.5133928571428571,10.824108241082412,,0.10909752106188254,0.15702695629416383,
1344143,"albumin human, USP",Drug,RxNorm,Ingredient,828529,drug_exposure,713,346,0.27317227222485396,,0.06506180871828236,0.011828253755470567,,0.78125,,,0.13334141463118976,6.438105208060717,
36029758,glycopyrronium / indacaterol,Drug,RxNorm,Multiple Ingredients,1721575,drug_exposure,712,116,0.09158376756671403,,0.06506180871828236,0.03154201001458818,,0.06696428571428571,0.12300123001230012,,0.157585308200497,,
703547,trazodone,Drug,RxNorm,Ingredient,10737,drug_exposure,711,84,0.06631927996210327,,0.23236360256529418,0.05519851752552932,,,,,0.03030486696163404,0.02617115938236064,0.06539235412474849
1712889,raltegravir,Drug,RxNorm,Ingredient,719872,drug_exposure,704,29,0.02289594189167851,,0.009294544102611766,0.05914126877735284,,,,,0.03030486696163404,0.05234231876472128,
46221581,insulin isophane,Drug,RxNorm,Ingredient,1605101,drug_exposure,677,96,0.07579346281383231,,,,,,,,0.11515849445420935,,0.11066398390342053
1558242,gemfibrozil,Drug,RxNorm,Ingredient,4719,drug_exposure,667,87,0.06868782567503552,,0.037178176410447066,0.06702677128099988,,0.044642857142857144,,,0.11515849445420935,,
1703653,itraconazole,Drug,RxNorm,Ingredient,28031,drug_exposure,666,69,0.05447655139744197,,0.009294544102611766,0.03942751251823522,,,,,0.024243893569307232,,0.18108651911468812
985247,aluminum hydroxide,Drug,RxNorm,Ingredient,612,drug_exposure,660,39,0.030791094268119375,,,,,,,,0.0848536274925753,,
19011355,etoricoxib,Drug,RxNorm,Ingredient,307296,drug_exposure,644,106,0.08368861519027317,,0.009294544102611766,0.023656507510941133,,0.08928571428571429,0.24600246002460024,,0.05454876053094127,,0.02012072434607646
1360421,quinidine,Drug,RxNorm,Ingredient,9068,drug_exposure,644,38,0.03000157903047529,,,0.03154201001458818,,,,,0.012121946784653616,,0.04024144869215292
913782,tolterodine,Drug,RxNorm,Ingredient,119565,drug_exposure,628,66,0.05210800568450971,,0.018589088205223533,0.07885502503647045,,0.044642857142857144,0.18450184501845018,,0.03636584035396084,,
778779,calcium acetate / magnesium carbonate,Drug,RxNorm,Multiple Ingredients,214344,drug_exposure,627,33,0.026054002842254856,,0.009294544102611766,0.05914126877735284,,,,,,,
19011440,everolimus,Drug,RxNorm,Ingredient,141704,drug_exposure,625,32,0.02526448760461077,,0.018589088205223533,0.03942751251823522,,,,,0.03030486696163404,0.10468463752944256,
19077117,hetastarch,Drug,RxNorm,Ingredient,5531,drug_exposure,620,528,0.4168640454760777,,,0.023656507510941133,,,,,,,1.9617706237424548
1705674,trimethoprim,Drug,RxNorm,Ingredient,10829,drug_exposure,616,119,0.0939523132796463,,0.0278836323078353,0.03154201001458818,,,,,0.09091460088490212,0.7066213033237373,
19050375,ciprofibrate,Drug,RxNorm,Ingredient,21149,drug_exposure,612,85,0.06710879519974736,,0.018589088205223533,0.11039703505105863,,,0.12300123001230012,,0.024243893569307232,,
1107830,loratadine,Drug,RxNorm,Ingredient,28889,drug_exposure,599,72,0.05684509711037423,,,0.09462603004376453,,,,,0.01818292017698042,,0.005030181086519115
19007490,metyrapone,Drug,RxNorm,Ingredient,6923,drug_exposure,598,19,0.015000789515237645,,0.009294544102611766,0.023656507510941133,,,,,0.012121946784653616,,0.015090543259557344
1315946,letrozole,Drug,RxNorm,Ingredient,72965,drug_exposure,597,51,0.04026527711984841,,0.046472720513058834,0.06702677128099988,,0.11160714285714286,0.3075030750307503,,0.01818292017698042,,
919986,apraclonidine,Drug,RxNorm,Ingredient,14845,drug_exposure,593,39,0.030791094268119375,,0.018589088205223533,0.043370263770058745,,0.022321428571428572,,,0.06667070731559488,0.05234231876472128,
44507580,macitentan,Drug,RxNorm,Ingredient,1442132,drug_exposure,576,35,0.027633033317543028,,,0.04731301502188227,,,,,0.06667070731559488,,
955583,fluorometholone,Drug,RxNorm,Ingredient,4491,drug_exposure,554,32,0.02526448760461077,,0.046472720513058834,0.02759925876276466,,0.022321428571428572,0.06150061500615006,,0.04242681374628765,,
1708880,minocycline,Drug,RxNorm,Ingredient,6980,drug_exposure,554,35,0.027633033317543028,,0.037178176410447066,0.03154201001458818,,,,,0.01818292017698042,,
19016754,benzbromarone,Drug,RxNorm,Ingredient,1385,drug_exposure,553,67,0.052897520922153794,,0.018589088205223533,0.051255766273705795,,0.022321428571428572,,,0.06667070731559488,,
903643,tretinoin,Drug,RxNorm,Ingredient,10753,drug_exposure,553,19,0.015000789515237645,,,0.0354847612664117,,,,,0.024243893569307232,0.05234231876472128,
19012346,eltrombopag,Drug,RxNorm,Ingredient,711942,drug_exposure,552,38,0.03000157903047529,,0.0278836323078353,0.07491227378464693,,0.044642857142857144,0.06150061500615006,,0.012121946784653616,,
36850940,LEVOMETIOMEPRAZINE,Drug,RxNorm Extension,Ingredient,OMOP5168557,drug_exposure,551,88,0.06947734091267961,,,,,0.044642857142857144,,,0.10909752106188254,0.07851347814708191,0.1056338028169014
19080985,iohexol,Drug,RxNorm,Ingredient,5956,drug_exposure,543,360,0.28422548555187116,,,0.31147734889405826,,,,,0.7939875143948119,,
792929,letermovir,Drug,RxNorm,Ingredient,1988648,drug_exposure,533,25,0.019737880941102164,,,0.05519851752552932,,,,,,0.07851347814708191,
777221,hydroxyzine,Drug,RxNorm,Ingredient,5553,drug_exposure,524,72,0.05684509711037423,,0.018589088205223533,0.043370263770058745,,0.044642857142857144,,,0.07273168070792169,,
19008009,cosyntropin,Drug,RxNorm,Ingredient,2890,drug_exposure,516,447,0.35291331122690667,,0.009294544102611766,0.0354847612664117,,0.044642857142857144,0.06150061500615006,,,0.02617115938236064,2.1277665995975856
1769389,nevirapine,Drug,RxNorm,Ingredient,53654,drug_exposure,513,37,0.0292120637928312,,0.009294544102611766,0.05519851752552932,0.06423877056876019,,,,0.01818292017698042,,
19020021,nitrazepam,Drug,RxNorm,Ingredient,7440,drug_exposure,508,81,0.06395073424917101,,0.009294544102611766,0.023656507510941133,,,,,0.024243893569307232,,0.035211267605633804
37003458,hydroquinine,Drug,RxNorm,Ingredient,2468435,drug_exposure,506,70,0.055266066635086056,,,,0.11365320946780649,,,,0.13334141463118976,,
35606695,isavuconazole,Drug,RxNorm,Ingredient,1720882,drug_exposure,491,47,0.03710721616927207,,0.009294544102611766,0.023656507510941133,,,,,0.05454876053094127,0.26171159382360637,
36029773,formoterol / glycopyrronium,Drug,RxNorm,Multiple Ingredients,1790638,drug_exposure,491,50,0.03947576188220433,,0.037178176410447066,0.0039427512518235225,,0.24553571428571427,0.3075030750307503,,0.01818292017698042,,
19058971,calcium levulinate,Drug,RxNorm,Ingredient,47624,drug_exposure,487,315,0.24869729985788724,,,,1.2501853041458715,,,,,,
733523,rivastigmine,Drug,RxNorm,Ingredient,183379,drug_exposure,484,41,0.03237012474340755,,0.037178176410447066,0.07491227378464693,,0.06696428571428571,,,0.006060973392326808,,0.025150905432595575
19007977,lormetazepam,Drug,RxNorm,Ingredient,28894,drug_exposure,482,76,0.06000315806095058,,0.0278836323078353,0.06308402002917636,,,0.12300123001230012,,0.04242681374628765,,
1521369,norethindrone,Drug,RxNorm,Ingredient,7514,drug_exposure,480,13,0.010263698089373125,,,0.02759925876276466,,,,,,,
1125443,dornase alfa,Drug,RxNorm,Ingredient,337623,drug_exposure,472,47,0.03710721616927207,,0.037178176410447066,0.0709695225328234,0.03459010722933241,,,,0.048487787138614465,0.05234231876472128,0.005030181086519115
19014341,atracurium,Drug,RxNorm,Ingredient,1218,drug_exposure,469,36,0.028422548555187114,,,0.0039427512518235225,,,,,,0.8898194190002617,0.005030181086519115
2000000589,Dagravit Total 30,Drug,ICUdata,Observable Entity,2000000589,drug_exposure,467,92,0.07263540186325596,,0.6692071753880472,,,,,,0.05454876053094127,,
1305447,methyldopa,Drug,RxNorm,Ingredient,6876,drug_exposure,467,46,0.03631770093162798,,,0.03942751251823522,0.03459010722933241,0.06696428571428571,,,0.01818292017698042,,0.025150905432595575
19048493,gadobutrol,Drug,RxNorm,Ingredient,84990,drug_exposure,465,361,0.28501500078951525,,,0.29176359263494067,,,,,0.1697072549851506,,
1348265,anastrozole,Drug,RxNorm,Ingredient,84857,drug_exposure,463,62,0.04894994473393337,,0.0278836323078353,0.08674052754011749,,0.044642857142857144,0.06150061500615006,,0.07273168070792169,,
42873636,mirabegron,Drug,RxNorm,Ingredient,1300786,drug_exposure,457,102,0.08053055423969682,,0.037178176410447066,0.043370263770058745,,0.29017857142857145,0.43050430504305043,,0.0787926541002485,0.07851347814708191,
19010886,zuclopenthixol,Drug,RxNorm,Ingredient,114176,drug_exposure,457,39,0.030791094268119375,,0.0278836323078353,0.0354847612664117,,0.022321428571428572,,,0.03030486696163404,,0.060362173038229376
955372,ethanol,Drug,RxNorm,Ingredient,448,drug_exposure,455,137,0.10816358755723986,,0.06506180871828236,0.0039427512518235225,0.5781489351188417,,,,,,
40239985,fidaxomicin,Drug,RxNorm,Ingredient,1111103,drug_exposure,451,33,0.026054002842254856,,,0.043370263770058745,,0.022321428571428572,0.12300123001230012,,0.012121946784653616,,
1305058,methotrexate,Drug,RxNorm,Ingredient,6851,drug_exposure,447,238,0.1879046265592926,,0.0836508969235059,0.13011079131017625,,0.022321428571428572,0.24600246002460024,,0.07273168070792169,0.02617115938236064,
1304107,imatinib,Drug,RxNorm,Ingredient,282388,drug_exposure,444,37,0.0292120637928312,,0.018589088205223533,0.04731301502188227,0.02470721944952315,,,,0.03030486696163404,,
945286,pilocarpine,Drug,RxNorm,Ingredient,8328,drug_exposure,443,18,0.014211274277593557,,0.018589088205223533,0.011828253755470567,0.01976577555961852,,,,0.012121946784653616,,0.02012072434607646
931973,protease,Drug,RxNorm,Ingredient,8031,drug_exposure,443,15,0.011842728564661297,,,,,,,,,0.3925673907354096,
906072,tropicamide,Drug,RxNorm,Ingredient,10869,drug_exposure,441,323,0.25501342175903996,,0.018589088205223533,0.3745613689232346,,0.022321428571428572,,,0.14546336141584337,0.18319811567652447,0.030181086519114688
936748,aprepitant,Drug,RxNorm,Ingredient,358255,drug_exposure,441,126,0.0994789199431549,,0.0278836323078353,0.05519851752552932,,,,,0.012121946784653616,,
1500211,medroxyprogesterone,Drug,RxNorm,Ingredient,6691,drug_exposure,436,28,0.022106426654034422,,0.018589088205223533,0.011828253755470567,,,,,0.04242681374628765,,
2000000595,Multivitamine Pro haemo,Drug,ICUdata,Observable Entity,2000000595,drug_exposure,435,46,0.03631770093162798,,,,,0.3125,1.968019680196802,,,,
19010792,cyproterone,Drug,RxNorm,Ingredient,3014,drug_exposure,434,25,0.019737880941102164,,0.009294544102611766,0.02759925876276466,,0.044642857142857144,0.06150061500615006,,0.03030486696163404,,
36030344,dorzolamide / timolol,Drug,RxNorm,Multiple Ingredients,662263,drug_exposure,430,32,0.02526448760461077,,,,,0.26785714285714285,0.43050430504305043,,,0.26171159382360637,
778947,emtricitabine / tenofovir alafenamide,Drug,RxNorm,Multiple Ingredients,1727491,drug_exposure,429,29,0.02289594189167851,,,0.05914126877735284,,,,,,0.07851347814708191,
1781733,atovaquone,Drug,RxNorm,Ingredient,60212,drug_exposure,426,32,0.02526448760461077,,,0.01971375625911761,0.02470721944952315,,,,0.012121946784653616,,0.01006036217303823
1388796,leucovorin,Drug,RxNorm,Ingredient,6313,drug_exposure,425,41,0.03237012474340755,,0.009294544102611766,0.0709695225328234,,,,,,,
967861,magnesium citrate,Drug,RxNorm,Ingredient,52356,drug_exposure,423,38,0.03000157903047529,,0.009294544102611766,0.01577100500729409,,,,,0.01818292017698042,0.5234231876472127,
19005147,methotrimeprazine,Drug,RxNorm,Ingredient,6852,drug_exposure,421,78,0.06158218853623875,,0.278836323078353,0.023656507510941133,,,,,0.012121946784653616,,
1395557,fludarabine,Drug,RxNorm,Ingredient,24698,drug_exposure,417,101,0.07974103900205275,,,0.007885502503647045,,,,,,,
920458,betamethasone,Drug,RxNorm,Ingredient,1514,drug_exposure,415,110,0.08684667614084952,,0.009294544102611766,0.07885502503647045,0.03459010722933241,0.06696428571428571,,,0.07273168070792169,0.15702695629416383,0.005030181086519115
36029196,aluminum hydroxide / magnesium hydroxide,Drug,RxNorm,Multiple Ingredients,1009149,drug_exposure,415,118,0.09316279804200221,,0.07435635282089413,,,0.42410714285714285,,,,0.13085579691180318,
19035631,calcitriol,Drug,RxNorm,Ingredient,1894,drug_exposure,412,35,0.027633033317543028,,0.009294544102611766,0.03942751251823522,,0.11160714285714286,,,0.03636584035396084,,
40173184,levosimendan,Drug,RxNorm,Ingredient,73107,drug_exposure,408,147,0.11605873993368072,,0.0278836323078353,,0.5781489351188417,0.3125,,,,,
756349,flurazepam,Drug,RxNorm,Ingredient,4501,drug_exposure,403,50,0.03947576188220433,,0.009294544102611766,0.03154201001458818,0.04447299500914167,,,,0.012121946784653616,,0.030181086519114688
1317640,telmisartan,Drug,RxNorm,Ingredient,73494,drug_exposure,403,115,0.09079425232906996,,0.009294544102611766,0.007885502503647045,,0.044642857142857144,0.36900369003690037,,0.06667070731559488,0.05234231876472128,
1301125,epoetin alfa,Drug,RxNorm,Ingredient,105694,drug_exposure,396,81,0.06395073424917101,,,0.06702677128099988,0.00988288777980926,0.022321428571428572,,,0.0848536274925753,,
36029269,isoniazid / rifampin,Drug,RxNorm,Multiple Ingredients,106876,drug_exposure,386,32,0.02526448760461077,,0.009294544102611766,0.0039427512518235225,,,,,0.07273168070792169,,
19018013,micafungin,Drug,RxNorm,Ingredient,325887,drug_exposure,385,59,0.046581399021001106,,,,0.17295053614666206,,,,0.06667070731559488,0.13085579691180318,
966956,silver sulfadiazine,Drug,RxNorm,Ingredient,9793,drug_exposure,385,34,0.026843518079898942,,0.009294544102611766,0.0039427512518235225,0.10871176557790187,,,,,0.05234231876472128,
929549,acetic acid,Drug,RxNorm,Ingredient,168,drug_exposure,379,22,0.017369335228169903,,,0.01577100500729409,0.04447299500914167,0.022321428571428572,,,0.012121946784653616,,
778974,bictegravir / emtricitabine / tenofovir alafenamide,Drug,RxNorm,Multiple Ingredients,1996259,drug_exposure,374,32,0.02526448760461077,,0.009294544102611766,0.051255766273705795,,0.044642857142857144,,,0.012121946784653616,0.07851347814708191,
19030353,bromazepam,Drug,RxNorm,Ingredient,1749,drug_exposure,372,30,0.023685457129322594,,0.009294544102611766,0.007885502503647045,,0.022321428571428572,0.18450184501845018,,0.03030486696163404,,
1344381,bicalutamide,Drug,RxNorm,Ingredient,83008,drug_exposure,370,48,0.037896731406916156,,0.009294544102611766,0.051255766273705795,,0.06696428571428571,0.06150061500615006,,0.06667070731559488,,
1738135,efavirenz,Drug,RxNorm,Ingredient,195085,drug_exposure,364,28,0.022106426654034422,,0.009294544102611766,0.023656507510941133,0.08894599001828334,,,,,,
19059528,alfentanil,Drug,RxNorm,Ingredient,480,drug_exposure,364,198,0.15632401705352914,,,0.011828253755470567,,0.9598214285714286,1.6605166051660516,,0.048487787138614465,,
1710612,zidovudine,Drug,RxNorm,Ingredient,11413,drug_exposure,362,21,0.016579819990525817,,,0.011828253755470567,0.06918021445866482,,,,,0.02617115938236064,
719311,dextroamphetamine,Drug,RxNorm,Ingredient,3288,drug_exposure,362,23,0.01815885046581399,,0.0557672646156706,0.02759925876276466,,0.022321428571428572,,,0.01818292017698042,0.02617115938236064,
1350504,etoposide,Drug,RxNorm,Ingredient,4179,drug_exposure,361,80,0.06316121901152692,,0.018589088205223533,0.16953830382841145,,,,,,0.07851347814708191,
19057607,amisulpride,Drug,RxNorm,Ingredient,46303,drug_exposure,357,10,0.007895152376440865,,0.009294544102611766,0.01577100500729409,,,,,0.006060973392326808,0.05234231876472128,
19038440,basiliximab,Drug,RxNorm,Ingredient,196102,drug_exposure,346,273,0.21553765987683562,,,0.007885502503647045,,,,,0.0848536274925753,1.6226118817063595,
45892906,C1 esterase inhibitor,Drug,RxNorm,Ingredient,1599832,drug_exposure,344,10,0.007895152376440865,,0.018589088205223533,0.023656507510941133,,0.022321428571428572,,,,,
909795,nepafenac,Drug,RxNorm,Ingredient,298665,drug_exposure,340,38,0.03000157903047529,,,0.05914126877735284,,0.044642857142857144,0.06150061500615006,,0.03636584035396084,,
36030140,latanoprost / timolol,Drug,RxNorm,Multiple Ingredients,388053,drug_exposure,340,16,0.012632243802305385,,,,,0.13392857142857142,0.06150061500615006,,,0.05234231876472128,0.035211267605633804
705178,trihexyphenidyl,Drug,RxNorm,Ingredient,10811,drug_exposure,340,20,0.01579030475288173,,0.009294544102611766,0.01577100500729409,0.03459010722933241,0.022321428571428572,,,0.006060973392326808,,
1505346,liothyronine,Drug,RxNorm,Ingredient,10814,drug_exposure,339,23,0.01815885046581399,,0.046472720513058834,0.01577100500729409,,,,,0.03636584035396084,0.02617115938236064,
1792515,chloroquine,Drug,RxNorm,Ingredient,2393,drug_exposure,339,67,0.052897520922153794,,0.17659633794962357,0.011828253755470567,,,,,0.09091460088490212,,
36029629,factor IX / factor VII / factor X / protein C / protein S / prothrombin,Drug,RxNorm,Multiple Ingredients,1484957,drug_exposure,336,288,0.2273803884414969,,,0.5480424240034696,,,,,,,
1548195,estradiol,Drug,RxNorm,Ingredient,4083,drug_exposure,336,44,0.034738670456339805,,0.018589088205223533,0.06702677128099988,,0.06696428571428571,,,0.03636584035396084,0.02617115938236064,
1301025,enoxaparin,Drug,RxNorm,Ingredient,67108,drug_exposure,334,41,0.03237012474340755,,0.0278836323078353,0.01971375625911761,,,,,0.03030486696163404,,
1355889,amifampridine,Drug,RxNorm,Ingredient,2106338,drug_exposure,331,5,0.003947576188220433,,,0.011828253755470567,,,,,0.006060973392326808,,
1322081,betaxolol,Drug,RxNorm,Ingredient,1520,drug_exposure,330,22,0.017369335228169903,,0.046472720513058834,0.011828253755470567,0.02470721944952315,,,,0.012121946784653616,,0.015090543259557344
732309,pergolide,Drug,RxNorm,Ingredient,8047,drug_exposure,329,9,0.0071056371387967785,,,,0.03953155111923704,,,,,,
939976,sodium sulfate,Drug,RxNorm,Ingredient,36721,drug_exposure,329,170,0.1342175903994947,,0.7435635282089413,0.1774238063320585,,0.022321428571428572,,,0.012121946784653616,0.07851347814708191,
19011091,deferiprone,Drug,RxNorm,Ingredient,11645,drug_exposure,325,4,0.0031580609505763462,,,0.007885502503647045,,,,,,,
44506752,riociguat,Drug,RxNorm,Ingredient,1439816,drug_exposure,324,14,0.011053213327017211,,0.009294544102611766,0.01971375625911761,,,,,0.03030486696163404,,
19047423,abciximab,Drug,RxNorm,Ingredient,83929,drug_exposure,323,276,0.2179062055897679,,,0.051255766273705795,0.6028561545683648,,,,0.006060973392326808,,0.4778672032193159
1310149,warfarin,Drug,RxNorm,Ingredient,11289,drug_exposure,323,88,0.06947734091267961,,,0.0039427512518235225,0.00494144388990463,,,,,,
730548,bromocriptine,Drug,RxNorm,Ingredient,1760,drug_exposure,323,19,0.015000789515237645,,,0.051255766273705795,,0.022321428571428572,,,0.006060973392326808,,0.005030181086519115
1000632,clotrimazole,Drug,RxNorm,Ingredient,2623,drug_exposure,322,67,0.052897520922153794,,,0.0709695225328234,,,,,0.024243893569307232,,
1380191,interferon gamma-1b,Drug,RxNorm,Ingredient,5882,drug_exposure,319,49,0.03868624664456024,,,0.023656507510941133,,,,,0.06667070731559488,,
950056,povidone,Drug,RxNorm,Ingredient,8610,drug_exposure,317,20,0.01579030475288173,,,,,0.13392857142857142,0.24600246002460024,,,,0.04527162977867203
1760039,pyrimethamine,Drug,RxNorm,Ingredient,9010,drug_exposure,317,30,0.023685457129322594,,,0.007885502503647045,0.05929732667885556,,,,0.006060973392326808,0.2093692750588851,0.01006036217303823
42898933,defibrotide,Drug,RxNorm,Ingredient,1311089,drug_exposure,316,4,0.0031580609505763462,,,0.007885502503647045,,,,,,0.05234231876472128,
711452,benzoate,Drug,RxNorm,Ingredient,70589,drug_exposure,313,16,0.012632243802305385,,0.009294544102611766,,,,,,0.05454876053094127,,
1721543,norfloxacin,Drug,RxNorm,Ingredient,7517,drug_exposure,311,46,0.03631770093162798,,,0.0354847612664117,,,,,0.01818292017698042,,0.030181086519114688
1331235,quinapril,Drug,RxNorm,Ingredient,35208,drug_exposure,307,59,0.046581399021001106,,,0.007885502503647045,,,,,0.012121946784653616,,
997276,cimetidine,Drug,RxNorm,Ingredient,2541,drug_exposure,303,31,0.024474972366966684,,,0.043370263770058745,,,,,0.01818292017698042,0.02617115938236064,0.005030181086519115
1351461,procainamide,Drug,RxNorm,Ingredient,8700,drug_exposure,302,62,0.04894994473393337,,0.0836508969235059,,0.03953155111923704,0.022321428571428572,,,0.05454876053094127,0.10468463752944256,0.11066398390342053
40170911,liraglutide,Drug,RxNorm,Ingredient,475968,drug_exposure,300,48,0.037896731406916156,,,0.007885502503647045,,,,,0.01818292017698042,,
1742432,tigecycline,Drug,RxNorm,Ingredient,384455,drug_exposure,299,18,0.014211274277593557,,,0.02759925876276466,,,,,0.03636584035396084,,0.005030181086519115
1352213,factor VIII,Drug,RxNorm,Ingredient,4257,drug_exposure,299,22,0.017369335228169903,,,0.01971375625911761,0.03953155111923704,,,,0.012121946784653616,,0.015090543259557344
1762711,ribavirin,Drug,RxNorm,Ingredient,9344,drug_exposure,297,20,0.01579030475288173,,,0.0354847612664117,,,,,0.024243893569307232,0.02617115938236064,0.005030181086519115
750982,bupropion,Drug,RxNorm,Ingredient,42347,drug_exposure,290,44,0.034738670456339805,,0.046472720513058834,0.03942751251823522,,0.13392857142857142,0.12300123001230012,,0.01818292017698042,,
43532299,dabrafenib,Drug,RxNorm,Ingredient,1424911,drug_exposure,288,10,0.007895152376440865,,,0.011828253755470567,,,,,0.006060973392326808,,
1336926,tadalafil,Drug,RxNorm,Ingredient,358263,drug_exposure,285,27,0.021316911416390336,,,0.03942751251823522,,,,,0.04242681374628765,,
36029673,abacavir / dolutegravir / lamivudine,Drug,RxNorm,Multiple Ingredients,1546887,drug_exposure,285,19,0.015000789515237645,,,0.01971375625911761,,,,,0.03636584035396084,,
19097481,cinnarizine,Drug,RxNorm,Ingredient,2549,drug_exposure,283,29,0.02289594189167851,,0.009294544102611766,0.011828253755470567,,,,,0.024243893569307232,,
1326901,papaverine,Drug,RxNorm,Ingredient,7895,drug_exposure,283,263,0.20764250750039476,,,0.043370263770058745,,,,,,,
1711246,entecavir,Drug,RxNorm,Ingredient,306266,drug_exposure,281,31,0.024474972366966684,,0.018589088205223533,0.051255766273705795,,,,,0.04242681374628765,,
2000000596,selective digestive decontamination - order,Drug,ICUdata,Observable Entity,2000000596,drug_exposure,276,29,0.02289594189167851,,,,0.12847754113752038,,,,,,
45775372,dabigatran,Drug,RxNorm,Ingredient,1546356,drug_exposure,274,46,0.03631770093162798,,,,,,,,0.048487787138614465,,
19029644,acipimox,Drug,RxNorm,Ingredient,16817,drug_exposure,273,23,0.01815885046581399,,0.009294544102611766,0.02759925876276466,,0.022321428571428572,,,0.012121946784653616,,
35605546,tenofovir alafenamide,Drug,RxNorm,Ingredient,1721603,drug_exposure,273,17,0.013421759039949471,,0.009294544102611766,0.023656507510941133,,,,,0.012121946784653616,0.18319811567652447,
36030246,ezetimibe / simvastatin,Drug,RxNorm,Multiple Ingredients,484211,drug_exposure,269,76,0.06000315806095058,,,0.007885502503647045,,0.13392857142857142,0.18450184501845018,,0.12121946784653616,,
1037005,dronabinol,Drug,RxNorm,Ingredient,10402,drug_exposure,268,3,0.0023685457129322598,,,,,,,,0.012121946784653616,,0.005030181086519115
43526424,dimethyl fumarate,Drug,RxNorm,Ingredient,1373478,drug_exposure,267,57,0.045002368545712934,,0.1115345292313412,0.011828253755470567,,,,,0.012121946784653616,,
951469,calcium acetate,Drug,RxNorm,Ingredient,214342,drug_exposure,264,26,0.02052739617874625,,,0.011828253755470567,0.0988288777980926,,,,0.006060973392326808,,
956653,fosfomycin,Drug,RxNorm,Ingredient,4550,drug_exposure,258,105,0.08289909995262909,,0.018589088205223533,0.007885502503647045,,0.022321428571428572,0.24600246002460024,,0.03636584035396084,,
36879144,Rupatadine,Drug,RxNorm Extension,Ingredient,OMOP994954,drug_exposure,255,6,0.0047370914258645196,,,0.0039427512518235225,,0.022321428571428572,0.06150061500615006,,0.006060973392326808,,
43012202,fluorodeoxyglucose F18,Drug,RxNorm,Ingredient,1362737,drug_exposure,255,237,0.18711511132164851,,,,,,,,0.315170616400994,,
19026459,tapentadol,Drug,RxNorm,Ingredient,787390,drug_exposure,255,18,0.014211274277593557,,,0.023656507510941133,,0.044642857142857144,,,0.012121946784653616,,
1236744,terbutaline,Drug,RxNorm,Ingredient,10368,drug_exposure,254,27,0.021316911416390336,,0.018589088205223533,0.011828253755470567,,0.022321428571428572,0.06150061500615006,,0.024243893569307232,,0.02012072434607646
36878620,Sulprostone,Drug,RxNorm Extension,Ingredient,OMOP1004275,drug_exposure,249,113,0.08921522185378178,,0.557672646156706,,0.18777486781637595,0.044642857142857144,,,,0.10468463752944256,
19113045,heparinoids,Drug,RxNorm,Ingredient,5228,drug_exposure,246,66,0.05210800568450971,,,0.0039427512518235225,,1.1160714285714286,0.06150061500615006,,,,0.025150905432595575
42709325,tafluprost,Drug,RxNorm,Ingredient,1244607,drug_exposure,245,24,0.018948365703458078,,0.046472720513058834,0.01577100500729409,,0.044642857142857144,0.06150061500615006,,0.03030486696163404,,
950098,ciclopirox,Drug,RxNorm,Ingredient,21090,drug_exposure,243,34,0.026843518079898942,,0.018589088205223533,0.007885502503647045,,0.022321428571428572,0.43050430504305043,,0.006060973392326808,0.18319811567652447,
962398,glycine,Drug,RxNorm,Ingredient,4919,drug_exposure,242,59,0.046581399021001106,,,,0.2915451895043732,,,,,,
40798855,Glycerophosphoric Acid,Drug,RxNorm Extension,Ingredient,OMOP2721197,drug_exposure,241,142,0.11211116374546029,,,,,,,,,3.7163046322952105,
35604848,selexipag,Drug,RxNorm,Ingredient,1729002,drug_exposure,241,4,0.0031580609505763462,,,0.0039427512518235225,,,,,0.012121946784653616,,
36029818,"insulin aspart, human / insulin degludec",Drug,RxNorm,Multiple Ingredients,1994310,drug_exposure,241,25,0.019737880941102164,,,0.011828253755470567,,0.022321428571428572,0.06150061500615006,,0.012121946784653616,,
19049038,estriol,Drug,RxNorm,Ingredient,4094,drug_exposure,238,50,0.03947576188220433,,0.0278836323078353,0.0354847612664117,,,,,0.06667070731559488,,
1594003,midostaurin,Drug,RxNorm,Ingredient,1919083,drug_exposure,231,10,0.007895152376440865,,,0.007885502503647045,,,,,0.006060973392326808,,
920378,nitrofurazone,Drug,RxNorm,Ingredient,7455,drug_exposure,231,32,0.02526448760461077,,,,0.14824331669713892,,,,,,
1584910,somatropin,Drug,RxNorm,Ingredient,61148,drug_exposure,230,18,0.014211274277593557,,0.009294544102611766,0.023656507510941133,,,,,0.03636584035396084,,0.005030181086519115
46275677,cangrelor,Drug,RxNorm,Ingredient,1656052,drug_exposure,230,110,0.08684667614084952,,0.15800724974440003,,,0.044642857142857144,,,,0.05234231876472128,
35894913,Disodium phosphate anhydrous,Drug,RxNorm Extension,Ingredient,OMOP5042937,drug_exposure,227,147,0.11605873993368072,,,,,,,,,3.847160429207014,
36030299,abacavir / lamivudine,Drug,RxNorm,Multiple Ingredients,614534,drug_exposure,227,18,0.014211274277593557,,,0.02759925876276466,,,,,0.012121946784653616,,
778268,imipramine,Drug,RxNorm,Ingredient,5691,drug_exposure,223,17,0.013421759039949471,,0.009294544102611766,0.011828253755470567,,,,,0.024243893569307232,,
794852,chlorpromazine,Drug,RxNorm,Ingredient,2403,drug_exposure,222,32,0.02526448760461077,,0.037178176410447066,,,,,,0.012121946784653616,,0.060362173038229376
1150345,meloxicam,Drug,RxNorm,Ingredient,41493,drug_exposure,222,44,0.034738670456339805,,0.009294544102611766,,,0.022321428571428572,,,0.01818292017698042,,
786426,rotigotine,Drug,RxNorm,Ingredient,616739,drug_exposure,221,23,0.01815885046581399,,0.037178176410447066,0.023656507510941133,,,,,0.03636584035396084,,
1437379,thioguanine,Drug,RxNorm,Ingredient,10485,drug_exposure,218,21,0.016579819990525817,,,0.011828253755470567,,0.044642857142857144,,,0.03030486696163404,,
751347,primidone,Drug,RxNorm,Ingredient,8691,drug_exposure,217,14,0.011053213327017211,,,0.02759925876276466,,,,,0.006060973392326808,,
36256123,calcium gluconolactaat,Drug,RxNorm Extension,Ingredient,OMOP3134927,drug_exposure,216,129,0.10184746565608717,,,,,1.8303571428571428,2.7675276752767526,,,,
1317967,aliskiren,Drug,RxNorm,Ingredient,325646,drug_exposure,216,28,0.022106426654034422,,0.037178176410447066,0.01971375625911761,,,,,0.01818292017698042,,
44507865,prothrombin,Drug,RxNorm,Ingredient,1441688,drug_exposure,215,178,0.1405337123006474,,0.7621526164141649,,,,,,,,0.08048289738430583
778926,umeclidinium / vilanterol,Drug,RxNorm,Multiple Ingredients,1487518,drug_exposure,214,51,0.04026527711984841,,0.046472720513058834,0.03154201001458818,,0.24553571428571427,0.6150061500615006,,0.024243893569307232,,
19086759,cephalothin,Drug,RxNorm,Ingredient,2236,drug_exposure,213,22,0.017369335228169903,,,,0.09388743390818798,,,,,,
19011021,moxonidine,Drug,RxNorm,Ingredient,30257,drug_exposure,212,23,0.01815885046581399,,0.0836508969235059,,,,,,,,
941258,docusate,Drug,RxNorm,Ingredient,82003,drug_exposure,212,124,0.09789988946786674,,0.12082907333395297,0.011828253755470567,,,,,,,
40240664,indacaterol,Drug,RxNorm,Ingredient,1114326,drug_exposure,211,32,0.02526448760461077,,0.018589088205223533,0.023656507510941133,,0.06696428571428571,,,0.024243893569307232,,
19030493,bromhexine,Drug,RxNorm,Ingredient,1753,drug_exposure,209,21,0.016579819990525817,,0.009294544102611766,0.007885502503647045,,,,,0.01818292017698042,,0.01006036217303823
40171288,tocilizumab,Drug,RxNorm,Ingredient,612865,drug_exposure,207,186,0.1468498342018001,,,,,0.022321428571428572,0.5535055350553506,0.5619517543859649,,0.23554043444124576,
836877,tetrabenazine,Drug,RxNorm,Ingredient,10390,drug_exposure,206,6,0.0047370914258645196,,,0.01577100500729409,,,,,,,
19011331,barium sulfate,Drug,RxNorm,Ingredient,1331,drug_exposure,205,149,0.11763777040896889,,,0.007885502503647045,,,,,,,0.704225352112676
745790,pimozide,Drug,RxNorm,Ingredient,8331,drug_exposure,204,28,0.022106426654034422,,0.018589088205223533,0.011828253755470567,,0.022321428571428572,0.06150061500615006,,0.01818292017698042,,0.035211267605633804
1101898,leflunomide,Drug,RxNorm,Ingredient,27169,drug_exposure,203,27,0.021316911416390336,,,0.01971375625911761,,,,,0.024243893569307232,0.02617115938236064,
1136980,ketorolac,Drug,RxNorm,Ingredient,35827,drug_exposure,203,22,0.017369335228169903,,0.009294544102611766,,,0.022321428571428572,,,0.048487787138614465,,
703470,tranylcypromine,Drug,RxNorm,Ingredient,10734,drug_exposure,201,10,0.007895152376440865,,0.0278836323078353,0.011828253755470567,,,,,0.012121946784653616,,
1511646,pamidronate,Drug,RxNorm,Ingredient,11473,drug_exposure,200,132,0.10421601136901942,,0.0278836323078353,0.14982454756929386,,,,,,0.02617115938236064,0.176056338028169
43012518,bedaquiline,Drug,RxNorm,Ingredient,1364504,drug_exposure,199,10,0.007895152376440865,,0.009294544102611766,,,,,,0.024243893569307232,,
19080406,anti-inhibitor coagulant complex,Drug,RxNorm,Ingredient,314504,drug_exposure,198,7,0.005526606663508606,,,0.02759925876276466,,,,,,,
976545,potassium citrate,Drug,RxNorm,Ingredient,54993,drug_exposure,197,26,0.02052739617874625,,,0.01971375625911761,,0.022321428571428572,0.06150061500615006,,0.006060973392326808,,
19014215,sodium lauryl sulfoacetate,Drug,RxNorm,Ingredient,314832,drug_exposure,196,117,0.09237328280435812,,0.12082907333395297,0.023656507510941133,,,,,,0.26171159382360637,
36030123,desogestrel / ethinyl estradiol,Drug,RxNorm,Multiple Ingredients,324044,drug_exposure,195,18,0.014211274277593557,,0.037178176410447066,0.0039427512518235225,,0.022321428571428572,,,0.01818292017698042,,
19050104,carnitine,Drug,RxNorm,Ingredient,2106,drug_exposure,194,8,0.0063161219011526925,,,,0.03953155111923704,,,,,,
1798476,clofazimine,Drug,RxNorm,Ingredient,2592,drug_exposure,194,9,0.0071056371387967785,,,,,,,,0.03636584035396084,,
19004539,lacidipine,Drug,RxNorm,Ingredient,28382,drug_exposure,193,72,0.05684509711037423,,0.009294544102611766,,,,,0.31067251461988304,,,
1335539,phentolamine,Drug,RxNorm,Ingredient,8153,drug_exposure,191,35,0.027633033317543028,,0.046472720513058834,0.02759925876276466,,0.022321428571428572,,,0.04242681374628765,0.10468463752944256,0.005030181086519115
994341,meclizine,Drug,RxNorm,Ingredient,6676,drug_exposure,187,11,0.008684667614084951,,0.009294544102611766,0.01971375625911761,,,,,,,
1781406,stavudine,Drug,RxNorm,Ingredient,59763,drug_exposure,186,8,0.0063161219011526925,,,,0.02964866333942778,,,,,,
19069022,sodium fluoride,Drug,RxNorm,Ingredient,9873,drug_exposure,186,15,0.011842728564661297,,,0.023656507510941133,,0.022321428571428572,,,0.006060973392326808,,
36029292,chlorhexidine / lidocaine,Drug,RxNorm,Multiple Ingredients,107603,drug_exposure,185,155,0.12237486183483341,,0.49261083743842365,,,,,,,,
1350489,prazosin,Drug,RxNorm,Ingredient,8629,drug_exposure,185,14,0.011053213327017211,,,,0.05929732667885556,,,,,,
36030124,cilastatin / imipenem,Drug,RxNorm,Multiple Ingredients,34482,drug_exposure,185,5,0.003947576188220433,,,,,,,,0.006060973392326808,0.10468463752944256,
703244,paliperidone,Drug,RxNorm,Ingredient,679314,drug_exposure,183,19,0.015000789515237645,,0.0278836323078353,0.01971375625911761,,0.022321428571428572,,,0.006060973392326808,,
19129738,paraffin,Drug,RxNorm,Ingredient,7906,drug_exposure,179,41,0.03237012474340755,,,,,0.08928571428571429,0.24600246002460024,,0.06667070731559488,,
1790868,amikacin,Drug,RxNorm,Ingredient,641,drug_exposure,178,23,0.01815885046581399,,0.018589088205223533,,,,,,0.01818292017698042,0.02617115938236064,0.07545271629778671
978555,indapamide,Drug,RxNorm,Ingredient,5764,drug_exposure,177,32,0.02526448760461077,,0.018589088205223533,0.01971375625911761,,,,,,,
19136626,sulpiride,Drug,RxNorm,Ingredient,10239,drug_exposure,176,14,0.011053213327017211,,,0.023656507510941133,,,,,0.024243893569307232,,
1836430,sulfamethoxazole,Drug,RxNorm,Ingredient,10180,drug_exposure,176,25,0.019737880941102164,,,,,,,,,0.654278984559016,
1559684,glyburide,Drug,RxNorm,Ingredient,4815,drug_exposure,175,22,0.017369335228169903,,,,,,,,,,0.01006036217303823
19041933,tibolone,Drug,RxNorm,Ingredient,38260,drug_exposure,175,15,0.011842728564661297,,,0.01577100500729409,,0.022321428571428572,0.06150061500615006,,0.01818292017698042,,
1366428,caplacizumab,Drug,RxNorm,Ingredient,2110605,drug_exposure,173,13,0.010263698089373125,,0.018589088205223533,0.03154201001458818,,,,,0.006060973392326808,,
19012925,silodosin,Drug,RxNorm,Ingredient,720825,drug_exposure,173,38,0.03000157903047529,,0.009294544102611766,0.0039427512518235225,,0.022321428571428572,0.06150061500615006,,0.03030486696163404,,
36030766,dydrogesterone / estradiol,Drug,RxNorm,Multiple Ingredients,729536,drug_exposure,172,21,0.016579819990525817,,0.018589088205223533,0.01971375625911761,,0.06696428571428571,0.06150061500615006,,0.012121946784653616,,
1352141,factor VIIa,Drug,RxNorm,Ingredient,4256,drug_exposure,172,57,0.045002368545712934,,,0.06308402002917636,,,,,0.048487787138614465,,0.11066398390342053
986117,ketotifen,Drug,RxNorm,Ingredient,6146,drug_exposure,170,10,0.007895152376440865,,0.009294544102611766,0.007885502503647045,,,,,0.01818292017698042,,
1153428,fexofenadine,Drug,RxNorm,Ingredient,87636,drug_exposure,167,31,0.024474972366966684,,0.018589088205223533,0.007885502503647045,,0.06696428571428571,0.24600246002460024,,0.06060973392326808,,
2000000578,cold cream,Drug,ICUdata,Observable Entity,2000000578,drug_exposure,167,40,0.03158060950576346,,,,,0.29017857142857145,1.2300123001230012,,0.012121946784653616,,
1396131,ferrous sulfate,Drug,RxNorm,Ingredient,24947,drug_exposure,167,35,0.027633033317543028,,0.009294544102611766,0.0039427512518235225,,0.022321428571428572,,,0.05454876053094127,,
36027018,dutasteride / tamsulosin,Drug,RxNorm,Multiple Ingredients,1001472,drug_exposure,167,46,0.03631770093162798,,0.018589088205223533,0.007885502503647045,,0.26785714285714285,0.6150061500615006,,,0.05234231876472128,
778827,efavirenz / emtricitabine / tenofovir disoproxil,Drug,RxNorm,Multiple Ingredients,1007761,drug_exposure,163,17,0.013421759039949471,,,0.03154201001458818,,,,,0.006060973392326808,,0.01006036217303823
778946,cobicistat / elvitegravir / emtricitabine / tenofovir alafenamide,Drug,RxNorm,Multiple Ingredients,1721612,drug_exposure,162,12,0.009474182851729039,,,0.03154201001458818,,0.022321428571428572,,,,,
778919,fluticasone / vilanterol,Drug,RxNorm,Multiple Ingredients,1424888,drug_exposure,162,32,0.02526448760461077,,0.046472720513058834,0.0039427512518235225,,0.13392857142857142,0.12300123001230012,,,,
1304565,rasburicase,Drug,RxNorm,Ingredient,283821,drug_exposure,161,78,0.06158218853623875,,0.06506180871828236,0.01577100500729409,0.22730641893561299,,,,,0.15702695629416383,
45775396,nintedanib,Drug,RxNorm,Ingredient,1592737,drug_exposure,161,12,0.009474182851729039,,,0.023656507510941133,,0.022321428571428572,,,0.012121946784653616,,
44507848,ibrutinib,Drug,RxNorm,Ingredient,1442981,drug_exposure,160,14,0.011053213327017211,,,0.01577100500729409,,,,,0.012121946784653616,,
43012169,propylene glycol alginate,Drug,RxNorm,Ingredient,1361656,drug_exposure,157,32,0.02526448760461077,,,,0.15812620447694817,,,,,,
19044337,physostigmine,Drug,RxNorm,Ingredient,8299,drug_exposure,156,129,0.10184746565608717,,0.06506180871828236,0.04731301502188227,0.39037406730246577,,,,0.03636584035396084,,0.060362173038229376
911735,rabeprazole,Drug,RxNorm,Ingredient,114979,drug_exposure,156,34,0.026843518079898942,,0.0278836323078353,0.0039427512518235225,,0.044642857142857144,,,0.024243893569307232,,
1741309,terbinafine,Drug,RxNorm,Ingredient,37801,drug_exposure,156,20,0.01579030475288173,,,0.007885502503647045,,,,,0.012121946784653616,0.02617115938236064,
1139179,bromfenac,Drug,RxNorm,Ingredient,19737,drug_exposure,155,23,0.01815885046581399,,0.06506180871828236,0.011828253755470567,,0.022321428571428572,0.06150061500615006,,0.024243893569307232,,
1353776,felodipine,Drug,RxNorm,Ingredient,4316,drug_exposure,154,36,0.028422548555187114,,0.018589088205223533,0.0039427512518235225,,0.06696428571428571,,,,,
19097463,gadoteridol,Drug,RxNorm,Ingredient,25483,drug_exposure,152,141,0.1113216485078162,,0.1115345292313412,,,0.13392857142857142,,,,,
905518,methylene blue,Drug,RxNorm,Ingredient,6878,drug_exposure,152,116,0.09158376756671403,,0.1951854261548471,0.09068327879194102,0.15812620447694817,0.044642857142857144,0.06150061500615006,,0.04242681374628765,,
909841,methylnaltrexone,Drug,RxNorm,Ingredient,29899,drug_exposure,151,65,0.05131849044686562,,0.018589088205223533,0.01971375625911761,,0.06696428571428571,,,0.024243893569307232,0.7589636220884585,
19092139,lepirudin,Drug,RxNorm,Ingredient,237057,drug_exposure,150,6,0.0047370914258645196,,,,0.01976577555961852,,,,,,
19010652,moclobemide,Drug,RxNorm,Ingredient,30121,drug_exposure,148,4,0.0031580609505763462,,,0.007885502503647045,,,,,,,
19136207,"lymphocyte immune globulin, anti-thymocyte globulin",Drug,RxNorm,Ingredient,1011,drug_exposure,147,25,0.019737880941102164,,,0.02759925876276466,,,,,,,
1552310,progesterone,Drug,RxNorm,Ingredient,8727,drug_exposure,146,16,0.012632243802305385,,0.009294544102611766,0.01971375625911761,,0.022321428571428572,0.06150061500615006,,0.006060973392326808,,
2000000580,dexamethasone / framycetin / gramicidin,Drug,ICUdata,Observable Entity,2000000580,drug_exposure,146,16,0.012632243802305385,,,,0.07412165834856946,,,,,0.02617115938236064,
910232,cyclopentolate,Drug,RxNorm,Ingredient,3001,drug_exposure,145,11,0.008684667614084951,,,0.007885502503647045,,,,,,,
19043959,acamprosate,Drug,RxNorm,Ingredient,82819,drug_exposure,145,8,0.0063161219011526925,,,0.011828253755470567,,,,,0.01818292017698042,,
1518148,colesevelam,Drug,RxNorm,Ingredient,141626,drug_exposure,145,6,0.0047370914258645196,,,0.007885502503647045,,,,,0.006060973392326808,,
42904177,perampanel,Drug,RxNorm,Ingredient,1356552,drug_exposure,144,9,0.0071056371387967785,,0.009294544102611766,0.02759925876276466,,,,,,,
1797258,cilastatin,Drug,RxNorm,Ingredient,2540,drug_exposure,144,4,0.0031580609505763462,,,,,,,,,0.10468463752944256,
932815,levobunolol,Drug,RxNorm,Ingredient,1813,drug_exposure,144,3,0.0023685457129322598,,0.009294544102611766,,,,,,0.006060973392326808,,
40239056,abiraterone,Drug,RxNorm,Ingredient,1100072,drug_exposure,144,18,0.014211274277593557,,0.009294544102611766,0.011828253755470567,,0.11160714285714286,0.12300123001230012,,0.006060973392326808,,
19122137,vildagliptin,Drug,RxNorm,Ingredient,596554,drug_exposure,143,25,0.019737880941102164,,,0.007885502503647045,,,,,0.006060973392326808,,
1503501,lanreotide,Drug,RxNorm,Ingredient,68092,drug_exposure,142,107,0.08447813042791726,,,0.007885502503647045,,,,,0.04242681374628765,,
1308473,tinzaparin,Drug,RxNorm,Ingredient,69646,drug_exposure,142,18,0.014211274277593557,,,0.011828253755470567,0.01976577555961852,,,,0.006060973392326808,,
40226742,olmesartan,Drug,RxNorm,Ingredient,321064,drug_exposure,140,32,0.02526448760461077,,,0.007885502503647045,,0.06696428571428571,0.3075030750307503,,0.01818292017698042,,
42904205,tofacitinib,Drug,RxNorm,Ingredient,1357536,drug_exposure,137,6,0.0047370914258645196,,0.009294544102611766,0.007885502503647045,,,,,,,
19136187,streptokinase,Drug,RxNorm,Ingredient,10106,drug_exposure,136,34,0.026843518079898942,,,,0.09388743390818798,,,,,,0.07042253521126761
44785066,sucroferric oxyhydroxide,Drug,RxNorm,Ingredient,1484283,drug_exposure,136,13,0.010263698089373125,,,0.023656507510941133,,,,,0.006060973392326808,,
1335606,disopyramide,Drug,RxNorm,Ingredient,3541,drug_exposure,135,16,0.012632243802305385,,0.009294544102611766,0.01577100500729409,,,,,0.006060973392326808,,
929887,lansoprazole,Drug,RxNorm,Ingredient,17128,drug_exposure,134,34,0.026843518079898942,,0.037178176410447066,,,0.08928571428571429,0.12300123001230012,,0.024243893569307232,,
778911,azelastine / fluticasone,Drug,RxNorm,Multiple Ingredients,1291859,drug_exposure,133,19,0.015000789515237645,,,,,0.24553571428571427,0.43050430504305043,,,,
36030125,acetaminophen / tramadol,Drug,RxNorm,Multiple Ingredients,352362,drug_exposure,132,33,0.026054002842254856,,0.018589088205223533,,,0.022321428571428572,0.06150061500615006,,0.03030486696163404,,
19022956,bezafibrate,Drug,RxNorm,Ingredient,1525,drug_exposure,131,23,0.01815885046581399,,0.009294544102611766,0.02759925876276466,,,,,0.01818292017698042,,
1777417,rifabutin,Drug,RxNorm,Ingredient,55672,drug_exposure,130,8,0.0063161219011526925,,,0.01577100500729409,0.01976577555961852,,,,,,
40798859,General Nutrients,Drug,RxNorm Extension,Ingredient,OMOP2721192,drug_exposure,130,6,0.0047370914258645196,,,,,,,,0.01818292017698042,,
793143,semaglutide,Drug,RxNorm,Ingredient,1991302,drug_exposure,128,49,0.03868624664456024,,0.046472720513058834,,,0.022321428571428572,0.06150061500615006,,,,
35604680,tetanus immune globulin,Drug,RxNorm,Ingredient,1727875,drug_exposure,128,124,0.09789988946786674,,0.06506180871828236,0.0709695225328234,,,,,0.06667070731559488,,0.32193158953722334
1547504,rosiglitazone,Drug,RxNorm,Ingredient,84108,drug_exposure,127,7,0.005526606663508606,,,,,,,,,,0.035211267605633804
1786617,daptomycin,Drug,RxNorm,Ingredient,22299,drug_exposure,127,15,0.011842728564661297,,0.018589088205223533,,,,,,0.03030486696163404,,0.01006036217303823
1140123,acrivastine,Drug,RxNorm,Ingredient,19959,drug_exposure,126,6,0.0047370914258645196,,,0.0039427512518235225,,,,,0.012121946784653616,,
1152631,cromolyn,Drug,RxNorm,Ingredient,42612,drug_exposure,126,8,0.0063161219011526925,,,0.011828253755470567,,,,,0.01818292017698042,,
1516800,risedronate,Drug,RxNorm,Ingredient,73056,drug_exposure,125,65,0.05131849044686562,,0.10223998512872944,0.03154201001458818,,,,,,,
36027314,"insulin aspart protamine, human / insulin aspart, human",Drug,RxNorm,Multiple Ingredients,1007184,drug_exposure,125,53,0.04184430759513658,,,,0.13836042891732964,,,,,,0.1056338028169014
1711759,dapsone,Drug,RxNorm,Ingredient,3108,drug_exposure,124,17,0.013421759039949471,,0.018589088205223533,0.01971375625911761,,,,,0.012121946784653616,,0.01006036217303823
779005,aclidinium / formoterol,Drug,RxNorm,Multiple Ingredients,2205093,drug_exposure,124,19,0.015000789515237645,,0.018589088205223533,0.0039427512518235225,,0.08928571428571429,0.18450184501845018,,0.01818292017698042,,
1711947,deferoxamine,Drug,RxNorm,Ingredient,3131,drug_exposure,123,9,0.0071056371387967785,,,0.011828253755470567,,,,,,0.02617115938236064,
1727223,atazanavir,Drug,RxNorm,Ingredient,343047,drug_exposure,122,10,0.007895152376440865,,,0.01577100500729409,,,,,,,0.015090543259557344
45774613,naloxegol,Drug,RxNorm,Ingredient,1551777,drug_exposure,122,19,0.015000789515237645,,,0.01971375625911761,,,,,0.03030486696163404,,
778971,fluticasone / umeclidinium / vilanterol,Drug,RxNorm,Multiple Ingredients,1945038,drug_exposure,121,27,0.021316911416390336,,,0.007885502503647045,,0.17857142857142858,0.3075030750307503,,0.012121946784653616,,
1314273,rituximab,Drug,RxNorm,Ingredient,121191,drug_exposure,119,44,0.034738670456339805,,0.0278836323078353,0.08279777628829398,,0.022321428571428572,,,,0.07851347814708191,0.01006036217303823
780442,varenicline,Drug,RxNorm,Ingredient,591622,drug_exposure,119,17,0.013421759039949471,,0.018589088205223533,0.0039427512518235225,,,,,0.01818292017698042,,
1703069,emtricitabine,Drug,RxNorm,Ingredient,276237,drug_exposure,118,16,0.012632243802305385,,,0.007885502503647045,,,,,0.006060973392326808,0.26171159382360637,0.005030181086519115
1309068,minoxidil,Drug,RxNorm,Ingredient,6984,drug_exposure,118,21,0.016579819990525817,,0.046472720513058834,0.0039427512518235225,,,,,0.01818292017698042,,0.01006036217303823
1353256,propafenone,Drug,RxNorm,Ingredient,8754,drug_exposure,117,9,0.0071056371387967785,,,0.011828253755470567,,,,,0.024243893569307232,,
1786055,deferasirox,Drug,RxNorm,Ingredient,614373,drug_exposure,116,15,0.011842728564661297,,0.009294544102611766,0.011828253755470567,,0.022321428571428572,0.06150061500615006,,0.012121946784653616,,
19080512,articaine,Drug,RxNorm,Ingredient,592464,drug_exposure,115,99,0.07816200852676457,,,0.16953830382841145,,,,,,,
42904285,alanylglutamine,Drug,RxNorm,Ingredient,1359422,drug_exposure,113,13,0.010263698089373125,,0.009294544102611766,0.0039427512518235225,,,,,0.024243893569307232,0.15702695629416383,
1140643,sumatriptan,Drug,RxNorm,Ingredient,37418,drug_exposure,113,39,0.030791094268119375,,0.018589088205223533,0.01577100500729409,,0.022321428571428572,,,0.012121946784653616,0.02617115938236064,
40239216,linagliptin,Drug,RxNorm,Ingredient,1100699,drug_exposure,108,31,0.024474972366966684,,,0.007885502503647045,,0.06696428571428571,0.12300123001230012,,,,
1356018,prucalopride,Drug,RxNorm,Ingredient,2107310,drug_exposure,103,10,0.007895152376440865,,,0.007885502503647045,,,,,0.006060973392326808,,
1360332,glucosamine,Drug,RxNorm,Ingredient,4845,drug_exposure,102,13,0.010263698089373125,,,,,,,,0.04242681374628765,,
1398399,exemestane,Drug,RxNorm,Ingredient,258494,drug_exposure,102,16,0.012632243802305385,,,0.02759925876276466,,0.044642857142857144,,,,,0.005030181086519115
19062817,riboflavin,Drug,RxNorm,Ingredient,9346,drug_exposure,99,6,0.0047370914258645196,,,,0.01976577555961852,,,,0.006060973392326808,,
2000000574,Blood product - unknown,Drug,ICUdata,Observable Entity,2000000574,drug_exposure,99,64,0.05052897520922154,,,,,0.8035714285714286,,,,0.7327924627060979,
1396012,ferrous gluconate,Drug,RxNorm,Ingredient,24942,drug_exposure,99,13,0.010263698089373125,,,0.0039427512518235225,,,,,0.024243893569307232,,
19026972,lenalidomide,Drug,RxNorm,Ingredient,342369,drug_exposure,98,21,0.016579819990525817,,,0.0354847612664117,,,,,,,
916230,darifenacin,Drug,RxNorm,Ingredient,136198,drug_exposure,98,21,0.016579819990525817,,,,,0.044642857142857144,,,0.04242681374628765,,
1507705,cortisone,Drug,RxNorm,Ingredient,2878,drug_exposure,98,6,0.0047370914258645196,,0.009294544102611766,,,,,,0.006060973392326808,,
37498010,cefiderocol,Drug,RxNorm,Ingredient,2265702,drug_exposure,96,2,0.0015790304752881731,,,,,,,,,0.02617115938236064,
1525215,pioglitazone,Drug,RxNorm,Ingredient,33738,drug_exposure,95,21,0.016579819990525817,,,0.007885502503647045,,,,,,,
19049145,celiprolol,Drug,RxNorm,Ingredient,20498,drug_exposure,94,30,0.023685457129322594,,,,,,,,0.01818292017698042,,
911064,zinc oxide,Drug,RxNorm,Ingredient,11423,drug_exposure,94,15,0.011842728564661297,,,,0.02470721944952315,0.044642857142857144,0.18450184501845018,,,0.05234231876472128,
915981,neomycin,Drug,RxNorm,Ingredient,7299,drug_exposure,93,3,0.0023685457129322598,,,,,,,,,,0.015090543259557344
1436169,antithrombin III,Drug,RxNorm,Ingredient,1009,drug_exposure,93,45,0.035528185693983895,,,0.011828253755470567,0.02470721944952315,,,,0.07273168070792169,,
1309161,mitotane,Drug,RxNorm,Ingredient,7004,drug_exposure,92,3,0.0023685457129322598,,,,,,,,0.006060973392326808,,
1703603,famciclovir,Drug,RxNorm,Ingredient,68099,drug_exposure,92,5,0.003947576188220433,,0.009294544102611766,0.0039427512518235225,,,,,,,
19055982,flupenthixol,Drug,RxNorm,Ingredient,4495,drug_exposure,92,9,0.0071056371387967785,,,0.0039427512518235225,,,,,0.006060973392326808,,
45775116,olodaterol,Drug,RxNorm,Ingredient,1546059,drug_exposure,92,19,0.015000789515237645,,0.009294544102611766,,,,,,0.006060973392326808,0.07851347814708191,
917336,desoximetasone,Drug,RxNorm,Ingredient,3255,drug_exposure,92,17,0.013421759039949471,,0.009294544102611766,0.01971375625911761,,,,,,0.05234231876472128,0.005030181086519115
36030258,brimonidine / timolol,Drug,RxNorm,Multiple Ingredients,597142,drug_exposure,91,9,0.0071056371387967785,,,,,0.044642857142857144,,,0.024243893569307232,,
19046654,piracetam,Drug,RxNorm,Ingredient,8351,drug_exposure,90,6,0.0047370914258645196,,0.009294544102611766,0.007885502503647045,,,,,,,
1300978,megestrol,Drug,RxNorm,Ingredient,6703,drug_exposure,90,4,0.0031580609505763462,,,0.007885502503647045,,0.022321428571428572,,,,,
1529331,acarbose,Drug,RxNorm,Ingredient,16681,drug_exposure,89,6,0.0047370914258645196,,,,,,,,0.01818292017698042,,
19036781,calcium chloride,Drug,RxNorm,Ingredient,1901,drug_exposure,87,10,0.007895152376440865,,0.009294544102611766,,,,,,0.03030486696163404,0.02617115938236064,
1758536,etravirine,Drug,RxNorm,Ingredient,475969,drug_exposure,87,4,0.0031580609505763462,,,0.007885502503647045,,,,,0.012121946784653616,,
42873639,aclidinium,Drug,RxNorm,Ingredient,1303098,drug_exposure,86,12,0.009474182851729039,,0.018589088205223533,,,,,,0.01818292017698042,,
19006410,arginine,Drug,RxNorm,Ingredient,1091,drug_exposure,86,10,0.007895152376440865,,0.046472720513058834,0.0039427512518235225,,,,,0.01818292017698042,,
1730370,pentamidine,Drug,RxNorm,Ingredient,7994,drug_exposure,84,53,0.04184430759513658,,,0.03154201001458818,,,,,0.006060973392326808,0.02617115938236064,
785649,ketamine,Drug,RxNorm,Ingredient,6130,drug_exposure,84,46,0.03631770093162798,,,,0.11859465335771112,,,,,,0.08551307847082495
37499271,remdesivir,Drug,RxNorm,Ingredient,2284718,drug_exposure,84,15,0.011842728564661297,,,,,,,,0.01818292017698042,,
1391889,Ginkgo biloba extract,Drug,RxNorm,Ingredient,236809,drug_exposure,83,5,0.003947576188220433,,,,,,,,0.01818292017698042,,
40170680,dalfampridine,Drug,RxNorm,Ingredient,897018,drug_exposure,83,8,0.0063161219011526925,,0.018589088205223533,0.011828253755470567,,0.044642857142857144,,,,,
1354698,mesna,Drug,RxNorm,Ingredient,44,drug_exposure,82,21,0.016579819990525817,,0.018589088205223533,0.01971375625911761,,,,,0.006060973392326808,,
1724869,didanosine,Drug,RxNorm,Ingredient,3364,drug_exposure,82,7,0.005526606663508606,,,,0.02470721944952315,,,,,,0.01006036217303823
19115051,risedronic acid,Drug,RxNorm,Ingredient,55685,drug_exposure,81,40,0.03158060950576346,,,,,,,,0.0787926541002485,,
1714319,naltrexone,Drug,RxNorm,Ingredient,7243,drug_exposure,80,16,0.012632243802305385,,0.018589088205223533,0.011828253755470567,,0.022321428571428572,,,0.012121946784653616,,
1715117,aztreonam,Drug,RxNorm,Ingredient,1272,drug_exposure,80,3,0.0023685457129322598,,,0.0039427512518235225,,,,,0.006060973392326808,,
908921,calcipotriene,Drug,RxNorm,Ingredient,29365,drug_exposure,79,20,0.01579030475288173,,0.009294544102611766,0.01577100500729409,,0.06696428571428571,0.18450184501845018,,,,
19069131,ioversol,Drug,RxNorm,Ingredient,27792,drug_exposure,79,71,0.056055581872730145,,0.037178176410447066,0.011828253755470567,,,,,0.01818292017698042,,
35604205,venetoclax,Drug,RxNorm,Ingredient,1747556,drug_exposure,79,6,0.0047370914258645196,,,0.011828253755470567,,,,,0.012121946784653616,,
36030139,ethinyl estradiol / norethindrone,Drug,RxNorm,Multiple Ingredients,384410,drug_exposure,79,2,0.0015790304752881731,,,0.0039427512518235225,,,,,,,
991382,amiloride,Drug,RxNorm,Ingredient,644,drug_exposure,79,17,0.013421759039949471,,,0.0039427512518235225,,,,,0.012121946784653616,,
45775206,pirfenidone,Drug,RxNorm,Ingredient,1592254,drug_exposure,79,6,0.0047370914258645196,,,0.011828253755470567,,,,,0.006060973392326808,,
19137042,thalidomide,Drug,RxNorm,Ingredient,10432,drug_exposure,78,7,0.005526606663508606,,,,,,,,,,0.01006036217303823
1751310,primaquine,Drug,RxNorm,Ingredient,8687,drug_exposure,78,19,0.015000789515237645,,,0.0039427512518235225,,,,,0.048487787138614465,,
750119,ethosuximide,Drug,RxNorm,Ingredient,4135,drug_exposure,77,3,0.0023685457129322598,,,0.0039427512518235225,,,,,0.006060973392326808,,
1537655,salmon calcitonin,Drug,RxNorm,Ingredient,36118,drug_exposure,77,9,0.0071056371387967785,,,0.01971375625911761,,,,,,,
1358436,dasatinib,Drug,RxNorm,Ingredient,475342,drug_exposure,76,6,0.0047370914258645196,,0.009294544102611766,0.011828253755470567,,,,,,,
1135710,phenylbutazone,Drug,RxNorm,Ingredient,8160,drug_exposure,76,2,0.0015790304752881731,,,,,,,,0.006060973392326808,,
778934,cobicistat / darunavir,Drug,RxNorm,Multiple Ingredients,1598380,drug_exposure,75,10,0.007895152376440865,,,0.01971375625911761,,,,,0.012121946784653616,,
1436650,mercaptopurine,Drug,RxNorm,Ingredient,103,drug_exposure,75,13,0.010263698089373125,,,0.0039427512518235225,,,,,0.006060973392326808,0.02617115938236064,
44785907,umeclidinium,Drug,RxNorm,Ingredient,1487514,drug_exposure,75,20,0.01579030475288173,,0.018589088205223533,0.0039427512518235225,,0.06696428571428571,0.24600246002460024,,0.012121946784653616,,
19017742,febuxostat,Drug,RxNorm,Ingredient,73689,drug_exposure,75,17,0.013421759039949471,,,,,0.022321428571428572,0.06150061500615006,,0.01818292017698042,,
19039262,brotizolam,Drug,RxNorm,Ingredient,19790,drug_exposure,74,7,0.005526606663508606,,,0.0039427512518235225,,,,,,,
836208,succinylcholine,Drug,RxNorm,Ingredient,10154,drug_exposure,74,69,0.05447655139744197,,0.018589088205223533,0.0039427512518235225,,,,,0.006060973392326808,0.05234231876472128,0.12575452716297786
19008339,vitamin A,Drug,RxNorm,Ingredient,11246,drug_exposure,73,9,0.0071056371387967785,,0.009294544102611766,,,,,,,,
36030095,hydrochlorothiazide / triamterene,Drug,RxNorm,Multiple Ingredients,258337,drug_exposure,73,23,0.01815885046581399,,,,,,,,0.03636584035396084,,0.015090543259557344
45892599,ceftolozane,Drug,RxNorm,Ingredient,1597609,drug_exposure,72,4,0.0031580609505763462,,,,,,,,,0.07851347814708191,
35605522,osimertinib,Drug,RxNorm,Ingredient,1721560,drug_exposure,72,7,0.005526606663508606,,,0.007885502503647045,,0.022321428571428572,,,0.012121946784653616,,
36878783,Agomelatine,Drug,RxNorm Extension,Ingredient,OMOP997499,drug_exposure,71,11,0.008684667614084951,,0.009294544102611766,,,,,,0.006060973392326808,,
910888,cysteamine,Drug,RxNorm,Ingredient,3022,drug_exposure,71,1,0.0007895152376440866,,,,,,,,,,
19026710,capreomycin,Drug,RxNorm,Ingredient,78903,drug_exposure,71,1,0.0007895152376440866,,,,,,,,0.006060973392326808,,
19005570,trimeprazine,Drug,RxNorm,Ingredient,10825,drug_exposure,70,9,0.0071056371387967785,,,0.0039427512518235225,,,,,,0.02617115938236064,
778933,ceftolozane / tazobactam,Drug,RxNorm,Multiple Ingredients,1597614,drug_exposure,70,3,0.0023685457129322598,,,,,,,,,0.07851347814708191,
709567,lisdexamfetamine,Drug,RxNorm,Ingredient,700810,drug_exposure,70,4,0.0031580609505763462,,0.018589088205223533,0.0039427512518235225,,,,,,,
19073699,hyaluronidase,Drug,RxNorm,Ingredient,5464,drug_exposure,70,69,0.05447655139744197,,0.018589088205223533,0.13405354256199975,,0.022321428571428572,,,0.024243893569307232,,
1337068,ambrisentan,Drug,RxNorm,Ingredient,358274,drug_exposure,70,7,0.005526606663508606,,,0.01577100500729409,,,,,0.006060973392326808,,
43560392,ferric carboxymaltose,Drug,RxNorm,Ingredient,1433693,drug_exposure,69,53,0.04184430759513658,,,,,0.044642857142857144,0.36900369003690037,,0.012121946784653616,0.02617115938236064,
42900250,enzalutamide,Drug,RxNorm,Ingredient,1307298,drug_exposure,68,12,0.009474182851729039,,0.009294544102611766,,,0.022321428571428572,,,0.006060973392326808,,
19018322,tocophersolan,Drug,RxNorm,Ingredient,159151,drug_exposure,68,6,0.0047370914258645196,,,0.011828253755470567,,,,,,0.07851347814708191,
1784444,ivermectin,Drug,RxNorm,Ingredient,6069,drug_exposure,68,24,0.018948365703458078,,,0.03942751251823522,,,,,0.01818292017698042,,
740560,carbidopa,Drug,RxNorm,Ingredient,2019,drug_exposure,68,6,0.0047370914258645196,,,,,,,,,0.15702695629416383,
36030770,metformin / sitagliptin,Drug,RxNorm,Multiple Ingredients,729717,drug_exposure,68,12,0.009474182851729039,,,0.0039427512518235225,,,,,,,
36029277,hydrocortisone / miconazole,Drug,RxNorm,Multiple Ingredients,106967,drug_exposure,68,13,0.010263698089373125,,,,0.02964866333942778,,,,0.012121946784653616,0.02617115938236064,
1753745,albendazole,Drug,RxNorm,Ingredient,430,drug_exposure,67,4,0.0031580609505763462,,,0.007885502503647045,,,,,0.006060973392326808,,
19028044,penfluridol,Drug,RxNorm,Ingredient,7974,drug_exposure,66,19,0.015000789515237645,,,0.023656507510941133,,,,,0.012121946784653616,,
40241937,vemurafenib,Drug,RxNorm,Ingredient,1147220,drug_exposure,66,4,0.0031580609505763462,,,0.007885502503647045,,,,,0.012121946784653616,,
36030083,factor VIII / von Willebrand factor,Drug,RxNorm,Multiple Ingredients,226623,drug_exposure,66,16,0.012632243802305385,,,0.01971375625911761,,,,,0.012121946784653616,,
710650,modafinil,Drug,RxNorm,Ingredient,30125,drug_exposure,64,8,0.0063161219011526925,,,,,,,,0.024243893569307232,,
528986,Streptococcus pneumoniae serotype 14 capsular antigen diphtheria CRM197 protein conjugate vaccine,Drug,RxNorm,Ingredient,798220,drug_exposure,63,62,0.04894994473393337,,,0.01577100500729409,,,,,0.006060973392326808,,
46221507,avibactam,Drug,RxNorm,Ingredient,1603834,drug_exposure,63,5,0.003947576188220433,,,,,,,,,0.13085579691180318,
36029713,avibactam / ceftazidime,Drug,RxNorm,Multiple Ingredients,1603839,drug_exposure,63,5,0.003947576188220433,,,,,,,,,0.13085579691180318,
19027958,fesoterodine,Drug,RxNorm,Ingredient,797195,drug_exposure,63,16,0.012632243802305385,,,0.0039427512518235225,,0.044642857142857144,,,0.012121946784653616,,
929638,acitretin,Drug,RxNorm,Ingredient,16818,drug_exposure,63,17,0.013421759039949471,,0.009294544102611766,0.011828253755470567,,,,,0.012121946784653616,,
1588000,desogestrel,Drug,RxNorm,Ingredient,22656,drug_exposure,62,4,0.0031580609505763462,,0.009294544102611766,0.0039427512518235225,,,,,0.006060973392326808,,
1325608,pegfilgrastim,Drug,RxNorm,Ingredient,338036,drug_exposure,62,47,0.03710721616927207,,0.018589088205223533,0.0354847612664117,,0.022321428571428572,,,0.03636584035396084,,
1787101,maraviroc,Drug,RxNorm,Ingredient,620216,drug_exposure,62,5,0.003947576188220433,,0.009294544102611766,0.007885502503647045,,,,,0.006060973392326808,,
729855,botulinum toxin type A,Drug,RxNorm,Ingredient,1712,drug_exposure,60,55,0.04342333807042476,,0.009294544102611766,0.11433978630288215,0.07906310223847408,,,,0.006060973392326808,,
1105775,aminophylline,Drug,RxNorm,Ingredient,689,drug_exposure,60,12,0.009474182851729039,,,,,,,,,,0.060362173038229376
1151422,probenecid,Drug,RxNorm,Ingredient,8698,drug_exposure,60,7,0.005526606663508606,,,0.011828253755470567,,,,,,0.05234231876472128,
1750087,povidone-iodine,Drug,RxNorm,Ingredient,8611,drug_exposure,60,17,0.013421759039949471,,,0.01577100500729409,,,,,0.01818292017698042,,0.005030181086519115
36030295,ethinyl estradiol / gestodene,Drug,RxNorm,Multiple Ingredients,608868,drug_exposure,59,3,0.0023685457129322598,,0.009294544102611766,0.0039427512518235225,,,,,,,
1341238,terazosin,Drug,RxNorm,Ingredient,37798,drug_exposure,58,6,0.0047370914258645196,,,0.007885502503647045,,,,,0.006060973392326808,,
1836948,tetracycline,Drug,RxNorm,Ingredient,10395,drug_exposure,58,2,0.0015790304752881731,,,,,,,,,,0.005030181086519115
19101849,urapidil,Drug,RxNorm,Ingredient,39230,drug_exposure,58,25,0.019737880941102164,,,0.007885502503647045,,,,,,,
778783,artemether / lumefantrine,Drug,RxNorm,Multiple Ingredients,282448,drug_exposure,58,13,0.010263698089373125,,,0.01577100500729409,,,,,,,
515671,Neisseria meningitidis,Drug,RxNorm,Ingredient,7288,drug_exposure,58,55,0.04342333807042476,,,0.011828253755470567,,,,,0.006060973392326808,,
1558471,cabergoline,Drug,RxNorm,Ingredient,47579,drug_exposure,57,20,0.01579030475288173,,,0.023656507510941133,,0.022321428571428572,,,0.006060973392326808,,0.02012072434607646
1150871,misoprostol,Drug,RxNorm,Ingredient,42331,drug_exposure,57,19,0.015000789515237645,,0.009294544102611766,0.01577100500729409,,,,,0.012121946784653616,,
19039227,bromperidol,Drug,RxNorm,Ingredient,19777,drug_exposure,56,7,0.005526606663508606,,,0.007885502503647045,,,,,,,0.01006036217303823
1394023,nilotinib,Drug,RxNorm,Ingredient,662281,drug_exposure,56,2,0.0015790304752881731,,,0.007885502503647045,,,,,,,
46287466,evolocumab,Drug,RxNorm,Ingredient,1665684,drug_exposure,55,39,0.030791094268119375,,0.009294544102611766,0.007885502503647045,,,,,0.006060973392326808,,
1511449,danazol,Drug,RxNorm,Ingredient,3102,drug_exposure,54,7,0.005526606663508606,,,0.0039427512518235225,,,,,,,
36030315,lauromacrogols / urea,Drug,RxNorm,Multiple Ingredients,644563,drug_exposure,54,12,0.009474182851729039,,,,,0.06696428571428571,0.5535055350553506,,,,
36029281,hydrocortisone / oxytetracycline,Drug,RxNorm,Multiple Ingredients,106986,drug_exposure,54,2,0.0015790304752881731,,,,,,,,,0.05234231876472128,
1331247,pentoxifylline,Drug,RxNorm,Ingredient,8013,drug_exposure,54,7,0.005526606663508606,,,0.007885502503647045,,,,,0.012121946784653616,,
36029861,dolutegravir / lamivudine,Drug,RxNorm,Multiple Ingredients,2122518,drug_exposure,53,3,0.0023685457129322598,,,,,,,,0.006060973392326808,,
735850,disulfiram,Drug,RxNorm,Ingredient,3554,drug_exposure,53,13,0.010263698089373125,,,0.01577100500729409,,,,,0.01818292017698042,,
36027059,miconazole / zinc oxide,Drug,RxNorm,Multiple Ingredients,1006920,drug_exposure,53,8,0.0063161219011526925,,,,,0.044642857142857144,0.18450184501845018,,0.006060973392326808,,
40242675,crizotinib,Drug,RxNorm,Ingredient,1148495,drug_exposure,53,5,0.003947576188220433,,,0.007885502503647045,,,,,0.01818292017698042,,
948582,polymyxin B,Drug,RxNorm,Ingredient,8536,drug_exposure,53,3,0.0023685457129322598,,,,,,,,,0.07851347814708191,
925952,oxytetracycline,Drug,RxNorm,Ingredient,7821,drug_exposure,53,3,0.0023685457129322598,,,,,,,,,0.07851347814708191,
778948,insulin degludec / liraglutide,Drug,RxNorm,Multiple Ingredients,1727493,drug_exposure,52,10,0.007895152376440865,,0.009294544102611766,,,,,,,,
939881,capsaicin,Drug,RxNorm,Ingredient,1992,drug_exposure,52,2,0.0015790304752881731,,,,,,,,,,
19084670,bivalirudin,Drug,RxNorm,Ingredient,60819,drug_exposure,52,50,0.03947576188220433,,,,,,,,,,0.2515090543259557
1345858,pindolol,Drug,RxNorm,Ingredient,8332,drug_exposure,52,2,0.0015790304752881731,,,,,,,,0.006060973392326808,,
1336825,bortezomib,Drug,RxNorm,Ingredient,358258,drug_exposure,52,15,0.011842728564661297,,,0.01971375625911761,,,,,,,0.01006036217303823
1327256,treprostinil,Drug,RxNorm,Ingredient,343048,drug_exposure,51,3,0.0023685457129322598,,,,,,,,0.01818292017698042,,
733008,perphenazine,Drug,RxNorm,Ingredient,8076,drug_exposure,51,4,0.0031580609505763462,,0.018589088205223533,0.0039427512518235225,,,,,0.006060973392326808,,
1154077,rizatriptan,Drug,RxNorm,Ingredient,88014,drug_exposure,51,15,0.011842728564661297,,,0.01971375625911761,,,,,,,
19035856,distigmine,Drug,RxNorm,Ingredient,3551,drug_exposure,49,6,0.0047370914258645196,,0.009294544102611766,0.007885502503647045,,,,,,,
35894860,Psyllium husks,Drug,RxNorm Extension,Ingredient,OMOP5042941,drug_exposure,48,4,0.0031580609505763462,,,,,0.022321428571428572,0.18450184501845018,,,,
1521987,teriparatide,Drug,RxNorm,Ingredient,32915,drug_exposure,48,6,0.0047370914258645196,,,0.0039427512518235225,,0.022321428571428572,0.06150061500615006,,0.006060973392326808,,
990499,"sodium phosphate, monobasic",Drug,RxNorm,Ingredient,235496,drug_exposure,48,11,0.008684667614084951,,,,,,,,0.012121946784653616,,
43012315,carbomer-974P,Drug,RxNorm,Ingredient,1363568,drug_exposure,47,4,0.0031580609505763462,,,,,,,,,0.10468463752944256,
757627,galantamine,Drug,RxNorm,Ingredient,4637,drug_exposure,47,8,0.0063161219011526925,,0.018589088205223533,0.0039427512518235225,,0.06696428571428571,,,,,
744798,zonisamide,Drug,RxNorm,Ingredient,39998,drug_exposure,47,8,0.0063161219011526925,,0.009294544102611766,0.0039427512518235225,,,,,,0.05234231876472128,0.015090543259557344
1312706,alemtuzumab,Drug,RxNorm,Ingredient,117055,drug_exposure,46,21,0.016579819990525817,,,0.011828253755470567,,,,,0.03030486696163404,,0.005030181086519115
36029393,emtricitabine / rilpivirine / tenofovir disoproxil,Drug,RxNorm,Multiple Ingredients,1145801,drug_exposure,45,5,0.003947576188220433,,,0.011828253755470567,,,,,,,
1151789,etanercept,Drug,RxNorm,Ingredient,214555,drug_exposure,44,19,0.015000789515237645,,,0.007885502503647045,,,,,0.01818292017698042,,
42898758,chamomile extract,Drug,RxNorm,Ingredient,1309226,drug_exposure,44,3,0.0023685457129322598,,,,,,,,,,0.015090543259557344
45775550,thiosulfate,Drug,RxNorm,Ingredient,1546411,drug_exposure,44,5,0.003947576188220433,,,0.0039427512518235225,,,,,0.012121946784653616,,0.005030181086519115
778975,cobicistat / darunavir / emtricitabine / tenofovir alafenamide,Drug,RxNorm,Multiple Ingredients,1996260,drug_exposure,43,6,0.0047370914258645196,,,0.007885502503647045,,,,,,0.02617115938236064,
1337620,capecitabine,Drug,RxNorm,Ingredient,194000,drug_exposure,43,7,0.005526606663508606,,0.009294544102611766,,,,,,0.012121946784653616,,
19003570,parecoxib,Drug,RxNorm,Ingredient,279950,drug_exposure,43,34,0.026843518079898942,,,,,,,,0.012121946784653616,0.2093692750588851,
1134439,caffeine,Drug,RxNorm,Ingredient,1886,drug_exposure,42,6,0.0047370914258645196,,,,,0.022321428571428572,,,0.006060973392326808,,0.01006036217303823
19024140,quinagolide,Drug,RxNorm,Ingredient,76887,drug_exposure,41,7,0.005526606663508606,,,0.011828253755470567,,,,,0.006060973392326808,,
44816294,apremilast,Drug,RxNorm,Ingredient,1492727,drug_exposure,41,1,0.0007895152376440866,,,0.0039427512518235225,,,,,,,
36029745,lidocaine / prilocaine,Drug,RxNorm,Multiple Ingredients,166283,drug_exposure,40,9,0.0071056371387967785,,,,,0.044642857142857144,0.24600246002460024,,,0.02617115938236064,
43532497,trametinib,Drug,RxNorm,Ingredient,1425099,drug_exposure,39,7,0.005526606663508606,,,0.0039427512518235225,,,,,,,
1559930,binimetinib,Drug,RxNorm,Ingredient,2049122,drug_exposure,39,4,0.0031580609505763462,,,0.007885502503647045,,,,,,,
19058092,gelatin,Drug,RxNorm,Ingredient,4716,drug_exposure,39,27,0.021316911416390336,,,,,0.3125,0.6765067650676507,,,,
19102107,zofenopril,Drug,RxNorm,Ingredient,39990,drug_exposure,38,8,0.0063161219011526925,,,0.007885502503647045,,,,,,,
1510417,cannabidiol,Drug,RxNorm,Ingredient,2045371,drug_exposure,37,1,0.0007895152376440866,,,,,,,,0.006060973392326808,,
955632,fluorouracil,Drug,RxNorm,Ingredient,4492,drug_exposure,37,21,0.016579819990525817,,,0.0039427512518235225,,,,,,0.02617115938236064,
1397059,valerian root extract,Drug,RxNorm,Ingredient,253206,drug_exposure,37,11,0.008684667614084951,,,,,,,,0.012121946784653616,,
40238930,rilpivirine,Drug,RxNorm,Ingredient,1102270,drug_exposure,37,3,0.0023685457129322598,,,0.007885502503647045,,,,,0.006060973392326808,,
1717963,ertapenem,Drug,RxNorm,Ingredient,325642,drug_exposure,36,2,0.0015790304752881731,,0.009294544102611766,,,,,,,,
1391248,devil's claw preparation,Drug,RxNorm,Ingredient,236279,drug_exposure,36,2,0.0015790304752881731,,,,,,,,0.006060973392326808,,
19092433,ebastine,Drug,RxNorm,Ingredient,23796,drug_exposure,36,2,0.0015790304752881731,,,,,,,,0.006060973392326808,,
19014977,nicorandil,Drug,RxNorm,Ingredient,31748,drug_exposure,36,7,0.005526606663508606,,,0.007885502503647045,,,,,0.006060973392326808,,
36849343,COAGULATION FACTOR VIIA HUMAN,Drug,RxNorm Extension,Ingredient,OMOP5166960,drug_exposure,35,3,0.0023685457129322598,,,,,,,,,0.07851347814708191,
1560278,glucagon,Drug,RxNorm,Ingredient,4832,drug_exposure,35,25,0.019737880941102164,,0.009294544102611766,0.007885502503647045,,,,,,,0.05533199195171026
1119119,adalimumab,Drug,RxNorm,Ingredient,327361,drug_exposure,35,24,0.018948365703458078,,,0.007885502503647045,,,,,0.024243893569307232,,
970011,sorbitol,Drug,RxNorm,Ingredient,9945,drug_exposure,35,10,0.007895152376440865,,,,,,,,,0.26171159382360637,
44507700,vortioxetine,Drug,RxNorm,Ingredient,1455099,drug_exposure,34,6,0.0047370914258645196,,0.009294544102611766,0.007885502503647045,,,,,,,
44785020,factor VII,Drug,RxNorm,Ingredient,4254,drug_exposure,34,17,0.013421759039949471,,,,0.06918021445866482,,,,,,
528295,Neisseria meningitidis serogroup C capsular polysaccharide diphtheria toxoid protein conjugate vaccine,Drug,RxNorm,Ingredient,797631,drug_exposure,34,33,0.026054002842254856,,,0.011828253755470567,,,,,,,
36027680,alendronate / cholecalciferol,Drug,RxNorm,Multiple Ingredients,1007560,drug_exposure,34,24,0.018948365703458078,,,,,,,,0.03636584035396084,,
954853,flavoxate,Drug,RxNorm,Ingredient,4440,drug_exposure,34,2,0.0015790304752881731,,,,,,,,,,
1594333,safinamide,Drug,RxNorm,Ingredient,1922448,drug_exposure,33,2,0.0015790304752881731,,0.009294544102611766,,,,,,0.006060973392326808,,
1381253,anagrelide,Drug,RxNorm,Ingredient,596724,drug_exposure,33,5,0.003947576188220433,,,0.0039427512518235225,,,,,0.006060973392326808,,
1188114,dexchlorpheniramine,Drug,RxNorm,Ingredient,22697,drug_exposure,33,10,0.007895152376440865,,,,,,,,0.012121946784653616,,
19047076,pizotyline,Drug,RxNorm,Ingredient,8373,drug_exposure,33,3,0.0023685457129322598,,,,,,,,0.006060973392326808,,
916282,olsalazine,Drug,RxNorm,Ingredient,32385,drug_exposure,32,2,0.0015790304752881731,,,,,,,,0.012121946784653616,,
19018511,artesunate,Drug,RxNorm,Ingredient,18346,drug_exposure,32,8,0.0063161219011526925,,0.009294544102611766,,,,,,0.03030486696163404,,
702774,mepivacaine,Drug,RxNorm,Ingredient,6759,drug_exposure,32,26,0.02052739617874625,,0.12082907333395297,,,,,,0.012121946784653616,,
1113648,nabumetone,Drug,RxNorm,Ingredient,31448,drug_exposure,31,6,0.0047370914258645196,,,,,,,,0.006060973392326808,,
19020002,vigabatrin,Drug,RxNorm,Ingredient,14851,drug_exposure,30,2,0.0015790304752881731,,0.009294544102611766,0.0039427512518235225,,,,,,,
990678,chlordiazepoxide,Drug,RxNorm,Ingredient,2356,drug_exposure,30,6,0.0047370914258645196,,,,,,,,0.006060973392326808,,0.01006036217303823
980867,clioquinol,Drug,RxNorm,Ingredient,5942,drug_exposure,30,1,0.0007895152376440866,,,,,,,,,,
19050016,ethiodized oil,Drug,RxNorm,Ingredient,4125,drug_exposure,30,29,0.02289594189167851,,,0.03942751251823522,,,,,0.03030486696163404,,
1319193,gefitinib,Drug,RxNorm,Ingredient,328134,drug_exposure,30,2,0.0015790304752881731,,,,,,,,0.006060973392326808,,
779032,budesonide / formoterol / glycopyrronium,Drug,RxNorm,Multiple Ingredients,2387330,drug_exposure,30,8,0.0063161219011526925,,,,,,,,,0.15702695629416383,
19122136,atosiban,Drug,RxNorm,Ingredient,59639,drug_exposure,30,11,0.008684667614084951,,,0.0039427512518235225,,,,,0.012121946784653616,,
19030059,alginic acid,Drug,RxNorm,Ingredient,17305,drug_exposure,29,5,0.003947576188220433,,,,,,,,,,
778918,atorvastatin / ezetimibe,Drug,RxNorm,Multiple Ingredients,1422085,drug_exposure,29,7,0.005526606663508606,,,0.0039427512518235225,,,,,0.006060973392326808,,
19027015,dihydrotachysterol,Drug,RxNorm,Ingredient,3429,drug_exposure,29,4,0.0031580609505763462,,,0.007885502503647045,,,,,0.006060973392326808,,
35200286,stiripentol,Drug,RxNorm,Ingredient,2054968,drug_exposure,28,1,0.0007895152376440866,,,,,,,,0.006060973392326808,,
1001419,cocaine,Drug,RxNorm,Ingredient,2653,drug_exposure,28,24,0.018948365703458078,,,0.0039427512518235225,,,,,,,
19055224,flunitrazepam,Drug,RxNorm,Ingredient,4460,drug_exposure,28,5,0.003947576188220433,,,0.0039427512518235225,,,,,,,0.01006036217303823
1516766,repaglinide,Drug,RxNorm,Ingredient,73044,drug_exposure,27,2,0.0015790304752881731,,,,,0.022321428571428572,,,,,
1379969,interferon alfa-2a,Drug,RxNorm,Ingredient,5879,drug_exposure,27,1,0.0007895152376440866,,,0.0039427512518235225,,,,,,,
904351,aminolevulinic acid,Drug,RxNorm,Ingredient,683,drug_exposure,27,26,0.02052739617874625,,,,,,,,,,
1524674,zoledronic acid,Drug,RxNorm,Ingredient,77655,drug_exposure,27,26,0.02052739617874625,,,0.011828253755470567,,,,,0.012121946784653616,,
19016463,benserazide,Drug,RxNorm,Ingredient,1374,drug_exposure,27,5,0.003947576188220433,,,,,,,,,0.13085579691180318,
36029832,polyethylene glycol 3350 / potassium chloride / sodium chloride / sodium sulfate,Drug,RxNorm,Multiple Ingredients,2045232,drug_exposure,27,8,0.0063161219011526925,,,,,,,,,0.2093692750588851,
1341149,temozolomide,Drug,RxNorm,Ingredient,37776,drug_exposure,27,2,0.0015790304752881731,,,0.007885502503647045,,,,,,,
935529,benoxinate,Drug,RxNorm,Ingredient,18889,drug_exposure,27,11,0.008684667614084951,,,0.0039427512518235225,,,,,,,
19078612,indocyanine green,Drug,RxNorm,Ingredient,5775,drug_exposure,27,27,0.021316911416390336,,,0.03154201001458818,,,,,0.006060973392326808,,
915855,olopatadine,Drug,RxNorm,Ingredient,135391,drug_exposure,27,4,0.0031580609505763462,,0.009294544102611766,,,,,,0.01818292017698042,,
36029221,amlodipine / perindopril,Drug,RxNorm,Multiple Ingredients,1033889,drug_exposure,26,5,0.003947576188220433,,,,,,,,,,
19070224,soybean oil,Drug,RxNorm,Ingredient,9949,drug_exposure,26,13,0.010263698089373125,,,,,,,,,,0.060362173038229376
928980,dimethyl sulfoxide,Drug,RxNorm,Ingredient,3455,drug_exposure,26,3,0.0023685457129322598,,,0.007885502503647045,,,,,,,
36030019,lamivudine / zidovudine,Drug,RxNorm,Multiple Ingredients,214671,drug_exposure,26,3,0.0023685457129322598,,0.009294544102611766,0.0039427512518235225,,,,,,,
36030001,hydrochlorothiazide / losartan,Drug,RxNorm,Multiple Ingredients,214619,drug_exposure,26,13,0.010263698089373125,,,,,0.044642857142857144,,,0.012121946784653616,,
1380068,interferon alfa-2b,Drug,RxNorm,Ingredient,5880,drug_exposure,26,1,0.0007895152376440866,,,0.0039427512518235225,,,,,,,
36027929,cyproterone / ethinyl estradiol,Drug,RxNorm,Multiple Ingredients,1007814,drug_exposure,26,4,0.0031580609505763462,,0.009294544102611766,,,,,,,,
1360890,Spirulina,Drug,RxNorm,Ingredient,487252,drug_exposure,25,1,0.0007895152376440866,,,,,,,,,,
906914,urea,Drug,RxNorm,Ingredient,11002,drug_exposure,25,12,0.009474182851729039,,,0.01577100500729409,,,,,,,
42900505,linaclotide,Drug,RxNorm,Ingredient,1307404,drug_exposure,25,3,0.0023685457129322598,,0.009294544102611766,,,,,,0.012121946784653616,,
2000000581,dexamethasone / gentamicin,Drug,ICUdata,Observable Entity,2000000581,drug_exposure,24,2,0.0015790304752881731,,,,,,,,0.012121946784653616,,
1325363,erlotinib,Drug,RxNorm,Ingredient,337525,drug_exposure,24,4,0.0031580609505763462,,,0.0039427512518235225,,,,,0.006060973392326808,,
36028258,Fluoride Ion / Sodium Fluoride,Drug,RxNorm,Multiple Ingredients,1008159,drug_exposure,24,4,0.0031580609505763462,,,,,,,,0.012121946784653616,,
36030761,amlodipine / valsartan,Drug,RxNorm,Multiple Ingredients,729455,drug_exposure,24,5,0.003947576188220433,,,,,,,,,,
901656,menthol,Drug,RxNorm,Ingredient,6750,drug_exposure,23,6,0.0047370914258645196,,,,,,,,,0.15702695629416383,
1513876,"insulin lispro protamine, human",Drug,RxNorm,Ingredient,314684,drug_exposure,23,3,0.0023685457129322598,,,,,,,,,,
40222444,denosumab,Drug,RxNorm,Ingredient,993449,drug_exposure,23,16,0.012632243802305385,,,0.011828253755470567,,,,,0.012121946784653616,,
46275719,sacubitril,Drug,RxNorm,Ingredient,1656328,drug_exposure,23,4,0.0031580609505763462,,,,,,,,,0.10468463752944256,
1776430,hydrogen peroxide,Drug,RxNorm,Ingredient,5499,drug_exposure,23,4,0.0031580609505763462,,0.0278836323078353,,,,,,,,
19021930,noscapine,Drug,RxNorm,Ingredient,7533,drug_exposure,23,8,0.0063161219011526925,,,0.0039427512518235225,,,,,,,
36878617,"Influenza Virus Fragmented, Inactivated, Strain A / Switzerland / 9715293/2013 H3N2 - Analogue Strain A / South Australia / 55/2014 Ivr-175",Drug,RxNorm Extension,Ingredient,OMOP999126,drug_exposure,23,22,0.017369335228169903,,,0.007885502503647045,,,,,,,
715710,rasagiline,Drug,RxNorm,Ingredient,134748,drug_exposure,22,4,0.0031580609505763462,,,0.007885502503647045,,,,,,,
1786621,cephalexin,Drug,RxNorm,Ingredient,2231,drug_exposure,22,5,0.003947576188220433,,,,,,,,0.006060973392326808,,
1729720,penicillin V,Drug,RxNorm,Ingredient,7984,drug_exposure,22,3,0.0023685457129322598,,,,,,,,,,
19010876,uridine,Drug,RxNorm,Ingredient,11017,drug_exposure,21,1,0.0007895152376440866,,,,0.00494144388990463,,,,,,
36027766,ACETIC / Hydrocortisone,Drug,RxNorm,Multiple Ingredients,1007647,drug_exposure,21,5,0.003947576188220433,,,,,0.044642857142857144,0.06150061500615006,,0.012121946784653616,,
1559914,encorafenib,Drug,RxNorm,Ingredient,2049106,drug_exposure,21,4,0.0031580609505763462,,,0.007885502503647045,,,,,,,
1389885,red yeast rice,Drug,RxNorm,Ingredient,232540,drug_exposure,21,5,0.003947576188220433,,,,,,,,0.01818292017698042,,
46274289,nonacog alfa,Drug,RxNorm,Precise Ingredient,1300488,drug_exposure,20,3,0.0023685457129322598,,,,,,,,0.006060973392326808,0.02617115938236064,
1768849,cefaclor,Drug,RxNorm,Ingredient,2176,drug_exposure,20,2,0.0015790304752881731,,,,,,,,0.006060973392326808,,
1726228,aminosalicylic acid,Drug,RxNorm,Ingredient,7833,drug_exposure,20,1,0.0007895152376440866,,,,,,,,,,
43012292,cabozantinib,Drug,RxNorm,Ingredient,1363268,drug_exposure,20,1,0.0007895152376440866,,,,,,,,0.006060973392326808,,
42900359,calcitonin,Drug,RxNorm,Ingredient,1311287,drug_exposure,20,4,0.0031580609505763462,,,,,,,,0.012121946784653616,0.02617115938236064,
778917,brimonidine / brinzolamide,Drug,RxNorm,Multiple Ingredients,1421450,drug_exposure,20,7,0.005526606663508606,,,,,0.08928571428571429,0.12300123001230012,,,,
19013759,chloride hexahydrate,Drug,RxNorm,Ingredient,314553,drug_exposure,20,4,0.0031580609505763462,,,,,0.044642857142857144,,,0.012121946784653616,,
1366310,goserelin,Drug,RxNorm,Ingredient,50610,drug_exposure,20,15,0.011842728564661297,,0.009294544102611766,0.011828253755470567,,,,,0.006060973392326808,,
779006,elexacaftor / ivacaftor / tezacaftor,Drug,RxNorm,Multiple Ingredients,2257010,drug_exposure,20,1,0.0007895152376440866,,,0.0039427512518235225,,,,,,,
19040606,carbimazole,Drug,RxNorm,Ingredient,2020,drug_exposure,20,7,0.005526606663508606,,,0.007885502503647045,,,,,0.012121946784653616,,0.01006036217303823
837027,apomorphine,Drug,RxNorm,Ingredient,1043,drug_exposure,20,2,0.0015790304752881731,,,0.0039427512518235225,,,,,0.006060973392326808,,
36029071,amlodipine / olmesartan,Drug,RxNorm,Multiple Ingredients,1009015,drug_exposure,20,9,0.0071056371387967785,,0.009294544102611766,,,,,,,,
1381661,iron-dextran complex,Drug,RxNorm,Ingredient,5992,drug_exposure,19,3,0.0023685457129322598,,,,0.00988288777980926,,,,0.006060973392326808,,
36027305,factor VIII (Human) / von Willebrand Factor (Human),Drug,RxNorm,Multiple Ingredients,1007175,drug_exposure,19,4,0.0031580609505763462,,,,0.01976577555961852,,,,,,
1503184,mestranol,Drug,RxNorm,Ingredient,6782,drug_exposure,19,2,0.0015790304752881731,,,0.0039427512518235225,,,,,,,
36031103,amlodipine / hydrochlorothiazide / valsartan,Drug,RxNorm,Multiple Ingredients,852897,drug_exposure,19,6,0.0047370914258645196,,,,,,,,,,
36029227,dextromethorphan / quinidine,Drug,RxNorm,Multiple Ingredients,1040053,drug_exposure,18,3,0.0023685457129322598,,,,,0.022321428571428572,,,0.006060973392326808,,
36878723,Neisseria meningitidis Group B Membrane vesicles External Omv,Drug,RxNorm Extension,Ingredient,OMOP990054,drug_exposure,18,16,0.012632243802305385,,0.009294544102611766,0.0039427512518235225,,,,,,,
36030084,aspirin / dipyridamole,Drug,RxNorm,Multiple Ingredients,226716,drug_exposure,18,6,0.0047370914258645196,,,,,,,,0.01818292017698042,,
21060563,bimatoprost / Timolol Ophthalmic Solution,Drug,RxNorm Extension,Clinical Drug Form,OMOP272237,drug_exposure,18,7,0.005526606663508606,,,,,0.06696428571428571,0.12300123001230012,,,,
1750461,praziquantel,Drug,RxNorm,Ingredient,8628,drug_exposure,18,4,0.0031580609505763462,,,,,,,,,,
1760616,quinine,Drug,RxNorm,Ingredient,9071,drug_exposure,18,3,0.0023685457129322598,,,0.0039427512518235225,,,,,,,0.005030181086519115
535714,Rho(D) immune globulin,Drug,RxNorm,Ingredient,35465,drug_exposure,18,16,0.012632243802305385,,0.0278836323078353,0.007885502503647045,,,,,0.012121946784653616,0.05234231876472128,
19027080,potassium bicarbonate,Drug,RxNorm,Ingredient,34296,drug_exposure,18,10,0.007895152376440865,,,,,,,,,,0.05030181086519115
36031101,drospirenone / ethinyl estradiol,Drug,RxNorm,Multiple Ingredients,840781,drug_exposure,18,5,0.003947576188220433,,,0.0039427512518235225,,0.022321428571428572,,,,,
1344905,carboplatin,Drug,RxNorm,Ingredient,40048,drug_exposure,17,13,0.010263698089373125,,0.009294544102611766,,,,,,0.012121946784653616,,
19042550,triazulenone,Drug,RxNorm,Ingredient,38555,drug_exposure,17,4,0.0031580609505763462,,,,,0.022321428571428572,0.06150061500615006,,0.006060973392326808,,
46275447,alirocumab,Drug,RxNorm,Ingredient,1659152,drug_exposure,17,14,0.011053213327017211,,,0.0039427512518235225,,,,,,,
35602981,idarucizumab,Drug,RxNorm,Ingredient,1716191,drug_exposure,17,13,0.010263698089373125,,0.009294544102611766,0.0039427512518235225,,0.044642857142857144,,,0.006060973392326808,,
36030113,hydrochlorothiazide / telmisartan,Drug,RxNorm,Multiple Ingredients,284636,drug_exposure,17,5,0.003947576188220433,,,,,,,,0.006060973392326808,,
46274210,ceftaroline fosamil,Drug,RxNorm,Ingredient,1040004,drug_exposure,17,1,0.0007895152376440866,,,,,,,,,,
934075,azelastine,Drug,RxNorm,Ingredient,18603,drug_exposure,17,3,0.0023685457129322598,,0.009294544102611766,,,,,,0.006060973392326808,,
1308290,vincristine,Drug,RxNorm,Ingredient,11202,drug_exposure,17,13,0.010263698089373125,,0.018589088205223533,,,,,,,,0.01006036217303823
778913,cobicistat / elvitegravir / emtricitabine / tenofovir disoproxil,Drug,RxNorm,Multiple Ingredients,1306291,drug_exposure,17,4,0.0031580609505763462,,,0.0039427512518235225,,,,,0.006060973392326808,,
1510627,baricitinib,Drug,RxNorm,Ingredient,2047232,drug_exposure,17,2,0.0015790304752881731,,,0.0039427512518235225,,,,,,,
35602991,patiromer,Drug,RxNorm,Ingredient,1716203,drug_exposure,16,5,0.003947576188220433,,,0.0039427512518235225,,,,,0.012121946784653616,,
19086100,mizolastine,Drug,RxNorm,Ingredient,61455,drug_exposure,16,6,0.0047370914258645196,,,,,,,,,,
738156,doxepin,Drug,RxNorm,Ingredient,3638,drug_exposure,16,2,0.0015790304752881731,,,0.0039427512518235225,,,,,0.006060973392326808,,
1338512,doxorubicin,Drug,RxNorm,Ingredient,3639,drug_exposure,16,11,0.008684667614084951,,0.0278836323078353,,,,,,,,
19112563,calcium polystyrene sulfonate product,Drug,RxNorm,Ingredient,47630,drug_exposure,15,9,0.0071056371387967785,,,,,0.044642857142857144,,,,0.13085579691180318,
903893,emedastine,Drug,RxNorm,Ingredient,28144,drug_exposure,15,2,0.0015790304752881731,,,,,,,,0.006060973392326808,,
40166035,saxagliptin,Drug,RxNorm,Ingredient,857974,drug_exposure,15,4,0.0031580609505763462,,,,,,,,,,
36029291,epinephrine / lidocaine,Drug,RxNorm,Multiple Ingredients,107602,drug_exposure,15,12,0.009474182851729039,,,,,,,,0.006060973392326808,,
19056157,levomenthol,Drug,RxNorm,Ingredient,236388,drug_exposure,15,4,0.0031580609505763462,,,,,0.022321428571428572,,,0.006060973392326808,0.02617115938236064,
941052,alitretinoin,Drug,RxNorm,Ingredient,81864,drug_exposure,15,3,0.0023685457129322598,,,0.0039427512518235225,,,,,,,
2000000590,pantoprazol / amoxicilline / claritromycine,Drug,ICUdata,Observable Entity,2000000590,drug_exposure,15,3,0.0023685457129322598,,,,,,,,0.006060973392326808,,
36249974,dotatate,Drug,RxNorm,Ingredient,1797118,drug_exposure,15,6,0.0047370914258645196,,,,,0.13392857142857142,,,,,
1351541,leuprolide,Drug,RxNorm,Ingredient,42375,drug_exposure,15,13,0.010263698089373125,,,,,,,,,,
794147,maprotiline,Drug,RxNorm,Ingredient,6646,drug_exposure,14,5,0.003947576188220433,,,,,,,,0.012121946784653616,,
36028821,Calcium Carbonate / Magnesium Oxide / Zinc Sulfate,Drug,RxNorm,Multiple Ingredients,1008749,drug_exposure,14,2,0.0015790304752881731,,,,,,,,0.006060973392326808,,
1346686,eprosartan,Drug,RxNorm,Ingredient,83515,drug_exposure,14,1,0.0007895152376440866,,,0.0039427512518235225,,,,,,,
36030222,acetic acid / hydrocortisone,Drug,RxNorm,Multiple Ingredients,466530,drug_exposure,14,3,0.0023685457129322598,,,,,0.022321428571428572,0.06150061500615006,,0.006060973392326808,,
1189697,eletriptan,Drug,RxNorm,Ingredient,231049,drug_exposure,14,3,0.0023685457129322598,,,0.0039427512518235225,,,,,0.012121946784653616,,
1036884,tetracaine,Drug,RxNorm,Ingredient,10391,drug_exposure,14,9,0.0071056371387967785,,,,,0.11160714285714286,,,0.006060973392326808,,
778969,glecaprevir / pibrentasvir,Drug,RxNorm,Multiple Ingredients,1940702,drug_exposure,14,2,0.0015790304752881731,,,0.0039427512518235225,,,,,,,
35200446,doravirine,Drug,RxNorm,Ingredient,2055755,drug_exposure,14,2,0.0015790304752881731,,,,,,,,,,
767410,lithium citrate,Drug,RxNorm,Ingredient,52105,drug_exposure,14,1,0.0007895152376440866,,,,,0.022321428571428572,,,,,
19124477,lithium,Drug,RxNorm,Ingredient,6448,drug_exposure,13,6,0.0047370914258645196,,,,,0.06696428571428571,,,0.012121946784653616,,
977421,rimexolone,Drug,RxNorm,Ingredient,55681,drug_exposure,13,2,0.0015790304752881731,,,,,,,,,,
1514412,nandrolone,Drug,RxNorm,Ingredient,7244,drug_exposure,13,8,0.0063161219011526925,,,0.0039427512518235225,,,,,,,0.035211267605633804
19055183,flunarizine,Drug,RxNorm,Ingredient,4459,drug_exposure,13,3,0.0023685457129322598,,0.009294544102611766,,,,,,,,
36030275,calcium carbonate / risedronate,Drug,RxNorm,Multiple Ingredients,607278,drug_exposure,12,3,0.0023685457129322598,,,,,,,,0.006060973392326808,,
19098548,tenecteplase,Drug,RxNorm,Ingredient,259280,drug_exposure,12,11,0.008684667614084951,,0.06506180871828236,0.0039427512518235225,,,,,,,
1304044,fulvestrant,Drug,RxNorm,Ingredient,282357,drug_exposure,12,1,0.0007895152376440866,,,0.0039427512518235225,,,,,,,
42874220,cobicistat,Drug,RxNorm,Ingredient,1306284,drug_exposure,12,2,0.0015790304752881731,,,,,,,,,0.02617115938236064,
19015523,bendamustine,Drug,RxNorm,Ingredient,134547,drug_exposure,12,7,0.005526606663508606,,,0.0039427512518235225,,,,,,,
36852843,OREPTACOG ALFA (ACTIVATED),Drug,RxNorm Extension,Ingredient,OMOP5170459,drug_exposure,12,5,0.003947576188220433,,,,,0.08928571428571429,,,0.006060973392326808,,
19008012,tiapride,Drug,RxNorm,Ingredient,10588,drug_exposure,12,2,0.0015790304752881731,,0.009294544102611766,,,,,,,,
1351935,factor IX,Drug,RxNorm,Ingredient,4249,drug_exposure,12,4,0.0031580609505763462,,,0.0039427512518235225,,,,,0.006060973392326808,,
36029787,insulin glargine / lixisenatide,Drug,RxNorm,Multiple Ingredients,1858994,drug_exposure,12,2,0.0015790304752881731,,,,,,,,,,
1329241,bleomycin,Drug,RxNorm,Ingredient,1622,drug_exposure,12,6,0.0047370914258645196,,,0.007885502503647045,,,,,,,
1110942,omalizumab,Drug,RxNorm,Ingredient,302379,drug_exposure,12,5,0.003947576188220433,,,0.011828253755470567,,,,,,,
46275300,brexpiprazole,Drug,RxNorm,Ingredient,1658314,drug_exposure,12,1,0.0007895152376440866,,0.009294544102611766,,,,,,,,
19086712,peppermint oil,Drug,RxNorm,Ingredient,33094,drug_exposure,12,1,0.0007895152376440866,,,,,,,,,,
19050461,prazepam,Drug,RxNorm,Ingredient,8627,drug_exposure,12,2,0.0015790304752881731,,,,,,,,,,
1390051,chlorambucil,Drug,RxNorm,Ingredient,2346,drug_exposure,11,3,0.0023685457129322598,,,,,,,,0.006060973392326808,,
940535,sulconazole,Drug,RxNorm,Ingredient,37319,drug_exposure,11,1,0.0007895152376440866,,,0.0039427512518235225,,,,,,,
1729323,adefovir,Drug,RxNorm,Ingredient,16521,drug_exposure,11,1,0.0007895152376440866,,,,,,,,0.006060973392326808,,
1336539,sunitinib,Drug,RxNorm,Ingredient,357977,drug_exposure,11,3,0.0023685457129322598,,,,,,,,0.012121946784653616,,
37496482,pretomanid,Drug,RxNorm,Ingredient,2198359,drug_exposure,11,1,0.0007895152376440866,,,,,,,,,,
792844,axicabtagene ciloleucel,Drug,RxNorm,Ingredient,1987398,drug_exposure,11,11,0.008684667614084951,,,,,,,,,,
37499009,bempedoic acid,Drug,RxNorm,Ingredient,2282403,drug_exposure,11,2,0.0015790304752881731,,,,,,,,,,
42709324,vitamin D3,Drug,RxNorm,Ingredient,1244014,drug_exposure,11,3,0.0023685457129322598,,,,,,,,0.01818292017698042,,
45775351,bicarbonate ion,Drug,RxNorm,Ingredient,1546277,drug_exposure,11,2,0.0015790304752881731,,,,,,,,0.012121946784653616,,
1792429,proguanil,Drug,RxNorm,Ingredient,2382,drug_exposure,11,2,0.0015790304752881731,,,0.0039427512518235225,,,,,,,
19010871,tuberculin,Drug,RxNorm,Ingredient,10908,drug_exposure,10,10,0.007895152376440865,,,0.007885502503647045,,,,,,,
1309188,mitoxantrone,Drug,RxNorm,Ingredient,7005,drug_exposure,10,3,0.0023685457129322598,,,,,,,,,,
1311799,daunorubicin,Drug,RxNorm,Ingredient,3109,drug_exposure,10,4,0.0031580609505763462,,0.0278836323078353,,,,,,,0.02617115938236064,
36859517,SUXETHONIUM,Drug,RxNorm Extension,Ingredient,OMOP5177134,drug_exposure,10,9,0.0071056371387967785,,,,,0.20089285714285715,,,,,
1503432,pegvisomant,Drug,RxNorm,Ingredient,278739,drug_exposure,10,3,0.0023685457129322598,,,0.0039427512518235225,,0.022321428571428572,,,,,0.005030181086519115
19012598,vecuronium,Drug,RxNorm,Ingredient,71535,drug_exposure,10,8,0.0063161219011526925,,,,,,,,,,0.04024144869215292
19053979,fenoterol,Drug,RxNorm,Ingredient,4333,drug_exposure,10,3,0.0023685457129322598,,,,,,,,,0.07851347814708191,
792649,abemaciclib,Drug,RxNorm,Ingredient,1946825,drug_exposure,10,1,0.0007895152376440866,,,0.0039427512518235225,,,,,,,
1315286,nilutamide,Drug,RxNorm,Ingredient,31805,drug_exposure,10,1,0.0007895152376440866,,0.009294544102611766,,,,,,,,
1301267,melphalan,Drug,RxNorm,Ingredient,6718,drug_exposure,10,8,0.0063161219011526925,,,,,,,,,,
37497667,nicotinamide ribotide,Drug,RxNorm,Ingredient,2262276,drug_exposure,10,2,0.0015790304752881731,,,,,,,,0.012121946784653616,,
19032407,romiplostim,Drug,RxNorm,Ingredient,805452,drug_exposure,10,4,0.0031580609505763462,,0.009294544102611766,0.0039427512518235225,,,,,,,
937368,infliximab,Drug,RxNorm,Ingredient,191831,drug_exposure,10,6,0.0047370914258645196,,0.009294544102611766,0.0039427512518235225,,,,,,,
766209,selegiline,Drug,RxNorm,Ingredient,9639,drug_exposure,10,4,0.0031580609505763462,,,,,,,,0.006060973392326808,,0.015090543259557344
701322,memantine,Drug,RxNorm,Ingredient,6719,drug_exposure,9,3,0.0023685457129322598,,,,,,,,0.012121946784653616,,
908523,mineral oil,Drug,RxNorm,Ingredient,6972,drug_exposure,9,9,0.0071056371387967785,,,,,,,,,,
19031583,gadoxetate,Drug,RxNorm,Ingredient,802624,drug_exposure,9,9,0.0071056371387967785,,,,,,,,,,
19078097,idarubicin,Drug,RxNorm,Ingredient,5650,drug_exposure,9,3,0.0023685457129322598,,0.0278836323078353,,,,,,,,
40242044,icatibant,Drug,RxNorm,Ingredient,1148138,drug_exposure,9,5,0.003947576188220433,,,0.0039427512518235225,,,,,0.006060973392326808,,
779050,ezetimibe / rosuvastatin,Drug,RxNorm,Multiple Ingredients,2535748,drug_exposure,9,1,0.0007895152376440866,,,0.0039427512518235225,,,,,,,
949279,carboxymethylcellulose,Drug,RxNorm,Ingredient,2062,drug_exposure,9,1,0.0007895152376440866,,,,,,,,,,0.005030181086519115
44818461,siltuximab,Drug,RxNorm,Ingredient,1535218,drug_exposure,9,1,0.0007895152376440866,,,,,,,,,,
36029841,doravirine / lamivudine / tenofovir disoproxil,Drug,RxNorm,Multiple Ingredients,2055808,drug_exposure,9,2,0.0015790304752881731,,,0.007885502503647045,,,,,,,
40226579,fingolimod,Drug,RxNorm,Ingredient,1012892,drug_exposure,8,1,0.0007895152376440866,,,,,,,,0.006060973392326808,,
1319998,acebutolol,Drug,RxNorm,Ingredient,149,drug_exposure,8,2,0.0015790304752881731,,,,,,,,,,
1378382,paclitaxel,Drug,RxNorm,Ingredient,56946,drug_exposure,8,6,0.0047370914258645196,,,,,,,,,,
1714165,peginterferon alfa-2a,Drug,RxNorm,Ingredient,120608,drug_exposure,8,4,0.0031580609505763462,,,0.011828253755470567,,,,,,,
1593861,niraparib,Drug,RxNorm,Ingredient,1918231,drug_exposure,8,1,0.0007895152376440866,,,0.0039427512518235225,,,,,,,
36030052,Calcium Carbonate / Vitamin D,Drug,RxNorm,Multiple Ingredients,215830,drug_exposure,8,2,0.0015790304752881731,,,,,,,,0.012121946784653616,,
586491,cytomegalovirus immune globulin,Drug,RxNorm,Ingredient,22178,drug_exposure,8,4,0.0031580609505763462,,,,,,,,0.012121946784653616,,
1314924,gemcitabine,Drug,RxNorm,Ingredient,12574,drug_exposure,8,5,0.003947576188220433,,,,,,,,,,
1594587,sarilumab,Drug,RxNorm,Ingredient,1923319,drug_exposure,8,8,0.0063161219011526925,,,0.0039427512518235225,,,,,,,
1146633,remimazolam,Drug,RxNorm,Ingredient,2383941,drug_exposure,8,3,0.0023685457129322598,,,,,0.022321428571428572,,,0.006060973392326808,,
19024249,clodronic acid,Drug,RxNorm,Ingredient,3350,drug_exposure,8,2,0.0015790304752881731,,,,,,,,,,
36029447,linagliptin / metformin,Drug,RxNorm,Multiple Ingredients,1243019,drug_exposure,8,1,0.0007895152376440866,,,,,,,,,,
742594,trichloroacetaldehyde,Drug,RxNorm,Ingredient,38574,drug_exposure,8,3,0.0023685457129322598,,,0.007885502503647045,,,,,,,
1305637,methylergonovine,Drug,RxNorm,Ingredient,6883,drug_exposure,8,7,0.005526606663508606,,,,,,,,,,
36029257,aluminum hydroxide / dimethicone / magnesium hydroxide,Drug,RxNorm,Multiple Ingredients,1049912,drug_exposure,7,3,0.0023685457129322598,,,,,,,,0.006060973392326808,,
19095002,chlorprothixene,Drug,RxNorm,Ingredient,2406,drug_exposure,7,1,0.0007895152376440866,,0.009294544102611766,,,,,,,,
40798876,Human Alpha1 Proteinase Inhibitor,Drug,RxNorm Extension,Ingredient,OMOP2721220,drug_exposure,7,1,0.0007895152376440866,,,,,,,,,,
36028499,lidocaine / zinc sulfate,Drug,RxNorm,Multiple Ingredients,1008415,drug_exposure,7,1,0.0007895152376440866,,,,,,,,0.006060973392326808,,
43013182,ponatinib,Drug,RxNorm,Ingredient,1364347,drug_exposure,7,2,0.0015790304752881731,,,,,,,,,,
922868,permethrin,Drug,RxNorm,Ingredient,33199,drug_exposure,7,4,0.0031580609505763462,,,0.0039427512518235225,,,,,,,
19058410,degarelix,Drug,RxNorm,Ingredient,475230,drug_exposure,7,5,0.003947576188220433,,,,,,,,,,
501343,hepatitis B immune globulin,Drug,RxNorm,Ingredient,26744,drug_exposure,7,7,0.005526606663508606,,,0.0039427512518235225,,,,,0.006060973392326808,,
19090761,regadenoson,Drug,RxNorm,Ingredient,640062,drug_exposure,7,7,0.005526606663508606,,,,,,,,,,
44506753,lipegfilgrastim,Drug,RxNorm,Ingredient,1440046,drug_exposure,7,7,0.005526606663508606,,0.046472720513058834,,,,,,,,
1361614,fedratinib,Drug,RxNorm,Ingredient,2197490,drug_exposure,7,1,0.0007895152376440866,,,,,,,,,,
1119510,dextromethorphan,Drug,RxNorm,Ingredient,3289,drug_exposure,7,1,0.0007895152376440866,,,,,,,,0.006060973392326808,,
1708748,zanamivir,Drug,RxNorm,Ingredient,69722,drug_exposure,7,1,0.0007895152376440866,,,,,,,,0.006060973392326808,,
36030789,aliskiren / hydrochlorothiazide,Drug,RxNorm,Multiple Ingredients,802519,drug_exposure,7,2,0.0015790304752881731,,,,,,,,,,
1512480,ibandronate,Drug,RxNorm,Ingredient,115264,drug_exposure,7,4,0.0031580609505763462,,,,,,,,0.006060973392326808,,
19037989,dothiepin,Drug,RxNorm,Ingredient,3634,drug_exposure,7,1,0.0007895152376440866,,,,,,,,,,
1508439,mifepristone,Drug,RxNorm,Ingredient,6964,drug_exposure,7,7,0.005526606663508606,,,0.0039427512518235225,,,,,0.006060973392326808,,
45775584,picosulfurate,Drug,RxNorm,Ingredient,1546458,drug_exposure,7,3,0.0023685457129322598,,,,,,,,0.006060973392326808,0.02617115938236064,
19018910,cannabinol,Drug,RxNorm,Ingredient,1976,drug_exposure,7,1,0.0007895152376440866,,,,,0.022321428571428572,,,,,
19027339,potassium perchlorate,Drug,RxNorm,Ingredient,34318,drug_exposure,7,1,0.0007895152376440866,,,,,,,,,,
1501309,thyroid (USP),Drug,RxNorm,Ingredient,10572,drug_exposure,6,1,0.0007895152376440866,,,0.0039427512518235225,,,,,,,
35605744,daratumumab,Drug,RxNorm,Ingredient,1721947,drug_exposure,6,4,0.0031580609505763462,,,,,,,,,,
36878602,Taurolidine,Drug,RxNorm Extension,Ingredient,OMOP997401,drug_exposure,6,1,0.0007895152376440866,,,,,,,,,,
528323,hepatitis B surface antigen vaccine,Drug,RxNorm,Ingredient,797752,drug_exposure,6,6,0.0047370914258645196,,,0.0039427512518235225,,,,,0.006060973392326808,,
19066274,selenite,Drug,RxNorm,Ingredient,9640,drug_exposure,6,1,0.0007895152376440866,,,,,,,,,,
43532326,dimethicone 200,Drug,RxNorm,Ingredient,1426664,drug_exposure,6,1,0.0007895152376440866,,,,,,,,0.006060973392326808,,
19092061,zinc citrate,Drug,RxNorm,Ingredient,236911,drug_exposure,6,1,0.0007895152376440866,,,,,,,,0.006060973392326808,,
1318011,oxaliplatin,Drug,RxNorm,Ingredient,32592,drug_exposure,6,6,0.0047370914258645196,,,,,,,,,,
36029671,naloxone / oxycodone,Drug,RxNorm,Multiple Ingredients,1545902,drug_exposure,6,3,0.0023685457129322598,,,,,,,,,,
36029967,diclofenac / misoprostol,Drug,RxNorm,Multiple Ingredients,214502,drug_exposure,6,2,0.0015790304752881731,,,,,,,,,,
40167554,pazopanib,Drug,RxNorm,Ingredient,714438,drug_exposure,6,2,0.0015790304752881731,,,,,,,,0.006060973392326808,,
36030995,hydrochlorothiazide / ramipril,Drug,RxNorm,Multiple Ingredients,818284,drug_exposure,6,2,0.0015790304752881731,,,,,,,,,,
964008,bictegravir,Drug,RxNorm,Ingredient,1999660,drug_exposure,6,3,0.0023685457129322598,,,,,,,,,0.07851347814708191,
36030133,ethinyl estradiol / norelgestromin,Drug,RxNorm,Multiple Ingredients,352377,drug_exposure,6,1,0.0007895152376440866,,,0.0039427512518235225,,,,,,,
19078187,ifosfamide,Drug,RxNorm,Ingredient,5657,drug_exposure,6,2,0.0015790304752881731,,0.009294544102611766,,,,,,,,
1312007,prasterone,Drug,RxNorm,Ingredient,3143,drug_exposure,6,3,0.0023685457129322598,,0.009294544102611766,0.0039427512518235225,,,,,,,
1311409,dacarbazine,Drug,RxNorm,Ingredient,3098,drug_exposure,6,4,0.0031580609505763462,,,0.0039427512518235225,,,,,,,
19006586,rufinamide,Drug,RxNorm,Ingredient,69036,drug_exposure,6,1,0.0007895152376440866,,,,,,,,,0.02617115938236064,
1307542,mexiletine,Drug,RxNorm,Ingredient,6926,drug_exposure,6,1,0.0007895152376440866,,0.009294544102611766,,,,,,,,
1387104,trastuzumab,Drug,RxNorm,Ingredient,224905,drug_exposure,5,4,0.0031580609505763462,,,,,,,,,,0.005030181086519115
40230597,ceftaroline,Drug,RxNorm,Ingredient,1040005,drug_exposure,5,1,0.0007895152376440866,,,,,,,,0.006060973392326808,,
19071967,creatine,Drug,RxNorm,Ingredient,2907,drug_exposure,5,1,0.0007895152376440866,,,,,,,,0.006060973392326808,,
44785094,sofosbuvir,Drug,RxNorm,Ingredient,1484911,drug_exposure,5,1,0.0007895152376440866,,,0.0039427512518235225,,,,,,,
1749083,ceftibuten,Drug,RxNorm,Ingredient,20492,drug_exposure,5,3,0.0023685457129322598,,,,,,,,,,
45774435,dulaglutide,Drug,RxNorm,Ingredient,1551291,drug_exposure,5,4,0.0031580609505763462,,,,,,,,,,
19004724,methionine,Drug,RxNorm,Ingredient,6837,drug_exposure,5,2,0.0015790304752881731,,0.009294544102611766,,,,,,,,
36028870,amlodipine / hydrochlorothiazide / olmesartan,Drug,RxNorm,Multiple Ingredients,1008801,drug_exposure,5,3,0.0023685457129322598,,,,,0.022321428571428572,,,,,
42900401,bosutinib,Drug,RxNorm,Ingredient,1307619,drug_exposure,5,1,0.0007895152376440866,,,,,,,,,,
37497691,zanubrutinib,Drug,RxNorm,Ingredient,2262435,drug_exposure,5,1,0.0007895152376440866,,,0.0039427512518235225,,,,,,,
1589505,levonorgestrel,Drug,RxNorm,Ingredient,6373,drug_exposure,5,3,0.0023685457129322598,,,,,,,,,0.05234231876472128,
44818466,ceritinib,Drug,RxNorm,Ingredient,1535457,drug_exposure,5,1,0.0007895152376440866,,,0.0039427512518235225,,,,,,,
1397599,cisplatin,Drug,RxNorm,Ingredient,2555,drug_exposure,5,3,0.0023685457129322598,,0.009294544102611766,,,,,,,,
1794280,mebendazole,Drug,RxNorm,Ingredient,6672,drug_exposure,5,5,0.003947576188220433,,0.009294544102611766,0.0039427512518235225,,,,,,0.02617115938236064,
42874054,oxidronate,Drug,RxNorm,Ingredient,1306068,drug_exposure,5,5,0.003947576188220433,,,,,,,,0.006060973392326808,,
778931,ledipasvir / sofosbuvir,Drug,RxNorm,Multiple Ingredients,1591942,drug_exposure,5,1,0.0007895152376440866,,,0.0039427512518235225,,,,,,,
1351779,procarbazine,Drug,RxNorm,Ingredient,8702,drug_exposure,5,3,0.0023685457129322598,,,,,,,,,,
36028482,meningococcal group A polysaccharide / meningococcal group C polysaccharide / meningococcal polysaccharide vaccine group W-135 / meningococcal polysaccharide vaccine group Y,Drug,RxNorm,Multiple Ingredients,1008395,drug_exposure,5,4,0.0031580609505763462,,,,,,,,,,
36858293,HYDROMETHYLTHIONINE,Drug,RxNorm Extension,Ingredient,OMOP5175910,drug_exposure,5,4,0.0031580609505763462,,,,,,,,,,0.02012072434607646
795661,felbamate,Drug,RxNorm,Ingredient,24812,drug_exposure,5,1,0.0007895152376440866,,,0.0039427512518235225,,,,,,,
2997891,Rurioctocog Alfa Pegol,Drug,RxNorm Extension,Ingredient,OMOP5154905,drug_exposure,5,1,0.0007895152376440866,,,,,,,,,,
36030008,hydrochlorothiazide / valsartan,Drug,RxNorm,Multiple Ingredients,214626,drug_exposure,5,4,0.0031580609505763462,,,,,0.022321428571428572,,,0.006060973392326808,,
35891916,Filgotinib,Drug,RxNorm Extension,Ingredient,OMOP5036197,drug_exposure,5,2,0.0015790304752881731,,,,,,,,,,
950370,carteolol,Drug,RxNorm,Ingredient,2116,drug_exposure,5,2,0.0015790304752881731,,,0.0039427512518235225,,,,,0.006060973392326808,,
19054825,cladribine,Drug,RxNorm,Ingredient,44157,drug_exposure,5,1,0.0007895152376440866,,0.009294544102611766,,,,,,,,
36030575,acetic acid / salicylic acid,Drug,RxNorm,Multiple Ingredients,690205,drug_exposure,5,1,0.0007895152376440866,,,,,,,,0.006060973392326808,,
35197905,freeze-dried pepsin-treated human normal immunoglobulin,Drug,RxNorm Extension,Ingredient,OMOP4819270,drug_exposure,4,1,0.0007895152376440866,,,,,,,,,,
19022479,fomepizole,Drug,RxNorm,Ingredient,15226,drug_exposure,4,2,0.0015790304752881731,,,,,,,,0.006060973392326808,,
981691,imiquimod,Drug,RxNorm,Ingredient,59943,drug_exposure,4,1,0.0007895152376440866,,0.009294544102611766,,,,,,,,
1510687,sodium zirconium cyclosilicate,Drug,RxNorm,Ingredient,2047628,drug_exposure,4,3,0.0023685457129322598,,,,,0.022321428571428572,0.12300123001230012,,,,
19106287,vitamin K2,Drug,RxNorm,Ingredient,42781,drug_exposure,4,2,0.0015790304752881731,,,,,,,,0.006060973392326808,,
35197852,landiolol hydrochloride,Drug,RxNorm Extension,Ingredient,OMOP4819217,drug_exposure,4,1,0.0007895152376440866,,0.009294544102611766,,,,,,,,
904356,methenamine,Drug,RxNorm,Ingredient,6832,drug_exposure,4,1,0.0007895152376440866,,,,,,,,,,
1718850,rucaparib,Drug,RxNorm,Ingredient,1862579,drug_exposure,4,1,0.0007895152376440866,,,,,,,,0.006060973392326808,,
1543229,laronidase,Drug,RxNorm,Ingredient,392509,drug_exposure,4,1,0.0007895152376440866,,,0.0039427512518235225,,,,,,,
1397141,bevacizumab,Drug,RxNorm,Ingredient,253337,drug_exposure,4,4,0.0031580609505763462,,,0.0039427512518235225,,,,,,,0.005030181086519115
1549786,ethinyl estradiol,Drug,RxNorm,Ingredient,4124,drug_exposure,4,2,0.0015790304752881731,,,,,,,,,0.05234231876472128,
19020068,nitric oxide,Drug,RxNorm,Ingredient,7442,drug_exposure,4,3,0.0023685457129322598,,,,,,,,0.012121946784653616,,
36031123,dienogest / estradiol,Drug,RxNorm,Multiple Ingredients,994203,drug_exposure,4,1,0.0007895152376440866,,,,,,,,,,
950435,citric acid,Drug,RxNorm,Ingredient,21183,drug_exposure,4,1,0.0007895152376440866,,,,,,,,,0.02617115938236064,
938061,selenium sulfide,Drug,RxNorm,Ingredient,36345,drug_exposure,4,2,0.0015790304752881731,,,,,,,,,,
19050087,ibutilide,Drug,RxNorm,Ingredient,41289,drug_exposure,4,3,0.0023685457129322598,,,,,,,,,,0.01006036217303823
19136066,somatostatin,Drug,RxNorm,Ingredient,9939,drug_exposure,4,2,0.0015790304752881731,,,0.0039427512518235225,,,,,,,
36029814,dolutegravir / rilpivirine,Drug,RxNorm,Multiple Ingredients,1989499,drug_exposure,4,1,0.0007895152376440866,,,,,,,,,,
1510363,andexanet alfa,Drug,RxNorm,Ingredient,2045114,drug_exposure,4,2,0.0015790304752881731,,,,,,,,0.012121946784653616,,
37498615,ferric derisomaltose,Drug,RxNorm,Ingredient,2274394,drug_exposure,4,4,0.0031580609505763462,,,,,0.022321428571428572,,,,0.07851347814708191,
36029516,citric acid / magnesium oxide / picosulfurate,Drug,RxNorm,Multiple Ingredients,1304093,drug_exposure,4,1,0.0007895152376440866,,,,,,,,,0.02617115938236064,
44785885,von Willebrand factor,Drug,RxNorm,Ingredient,11274,drug_exposure,3,2,0.0015790304752881731,,,,,,,,,,0.01006036217303823
43014237,pomalidomide,Drug,RxNorm,Ingredient,1369713,drug_exposure,3,1,0.0007895152376440866,,,,,,,,,,
36030110,candesartan / hydrochlorothiazide,Drug,RxNorm,Multiple Ingredients,284628,drug_exposure,3,2,0.0015790304752881731,,,,,0.022321428571428572,,,,,
19008264,vinblastine,Drug,RxNorm,Ingredient,11198,drug_exposure,3,3,0.0023685457129322598,,,,,,,,,,
19007737,mianserin,Drug,RxNorm,Ingredient,6929,drug_exposure,3,2,0.0015790304752881731,,,,,,,,,,
1315942,docetaxel,Drug,RxNorm,Ingredient,72962,drug_exposure,3,2,0.0015790304752881731,,,,,,,,,,
36027261,meclizine / vitamin B6,Drug,RxNorm,Multiple Ingredients,1007131,drug_exposure,3,2,0.0015790304752881731,,,,,,,,,,0.005030181086519115
1586640,nitisinone,Drug,RxNorm,Ingredient,61805,drug_exposure,3,1,0.0007895152376440866,,,,,,,,,,
35834902,roxadustat,Drug,RxNorm Extension,Ingredient,OMOP5040509,drug_exposure,3,1,0.0007895152376440866,,,0.0039427512518235225,,,,,,,
45774701,tafamidis,Drug,RxNorm,Ingredient,1545063,drug_exposure,3,1,0.0007895152376440866,,,,,0.022321428571428572,,,,,
984232,isotretinoin,Drug,RxNorm,Ingredient,6064,drug_exposure,3,1,0.0007895152376440866,,,,,,,,,,
40175900,polidocanol,Drug,RxNorm,Ingredient,968170,drug_exposure,3,3,0.0023685457129322598,,,,,,,,,,
36028635,Calcium Carbonate / Magnesium Oxide / Vitamin D,Drug,RxNorm,Multiple Ingredients,1008556,drug_exposure,3,2,0.0015790304752881731,,,,,,,,0.006060973392326808,,
1593467,dupilumab,Drug,RxNorm,Ingredient,1876376,drug_exposure,3,1,0.0007895152376440866,,0.009294544102611766,,,,,,,,
44816298,Mycobacterium tuberculosis,Drug,RxNorm,Ingredient,1492936,drug_exposure,3,3,0.0023685457129322598,,,,0.01482433166971389,,,,,,
45775965,pembrolizumab,Drug,RxNorm,Ingredient,1547545,drug_exposure,3,3,0.0023685457129322598,,,,,0.022321428571428572,,,,,
45775370,2-mercaptoethanesulfonic acid,Drug,RxNorm,Ingredient,1546354,drug_exposure,3,1,0.0007895152376440866,,,,,,,,,0.02617115938236064,
36030888,estradiol / progesterone,Drug,RxNorm,Multiple Ingredients,815024,drug_exposure,3,1,0.0007895152376440866,,,,,,,,,,
40244266,aflibercept,Drug,RxNorm,Ingredient,1232150,drug_exposure,2,2,0.0015790304752881731,,,0.0039427512518235225,,,,,,,
1398039,St. John's wort extract,Drug,RxNorm,Ingredient,258326,drug_exposure,2,1,0.0007895152376440866,,,,,,,,0.006060973392326808,,
1389036,mitomycin,Drug,RxNorm,Ingredient,632,drug_exposure,2,2,0.0015790304752881731,,,,,,,,,,
35604657,alectinib,Drug,RxNorm,Ingredient,1727455,drug_exposure,2,1,0.0007895152376440866,,,,,,,,0.006060973392326808,,
1186087,abatacept,Drug,RxNorm,Ingredient,614391,drug_exposure,2,1,0.0007895152376440866,,,,,,,,,,
19008867,cromoglycate,Drug,RxNorm,Ingredient,2921,drug_exposure,2,1,0.0007895152376440866,,,,,,,,,,
916662,dimethicone,Drug,RxNorm,Ingredient,324072,drug_exposure,2,1,0.0007895152376440866,,,,,,,,,0.02617115938236064,
19080458,eculizumab,Drug,RxNorm,Ingredient,591781,drug_exposure,2,2,0.0015790304752881731,,,0.0039427512518235225,,,,,,,
792993,benralizumab,Drug,RxNorm,Ingredient,1989100,drug_exposure,2,2,0.0015790304752881731,,0.018589088205223533,,,,,,,,
36030141,indapamide / perindopril,Drug,RxNorm,Multiple Ingredients,388499,drug_exposure,2,2,0.0015790304752881731,,,,,0.022321428571428572,,,,,
19053171,obidoxime,Drug,RxNorm,Ingredient,42826,drug_exposure,2,1,0.0007895152376440866,,0.009294544102611766,,,,,,,,
19106100,factor XIII,Drug,RxNorm,Ingredient,4271,drug_exposure,2,2,0.0015790304752881731,,,0.007885502503647045,,,,,,,
36030289,lidocaine / tetracaine,Drug,RxNorm,Multiple Ingredients,608568,drug_exposure,2,2,0.0015790304752881731,,,,,,,,,,
40161669,canakinumab,Drug,RxNorm,Ingredient,853491,drug_exposure,2,2,0.0015790304752881731,,,,,,,,,,
40230761,lurasidone,Drug,RxNorm,Ingredient,1040028,drug_exposure,2,1,0.0007895152376440866,,,,,,,,,,
36852971,KRYPTON KR-81M,Drug,RxNorm Extension,Ingredient,OMOP5170587,drug_exposure,2,2,0.0015790304752881731,,,,,,,,,,
35198039,polyethylene glycol-treated human normal immunoglobulin,Drug,RxNorm Extension,Ingredient,OMOP4819404,drug_exposure,2,1,0.0007895152376440866,,,,,,,,,0.02617115938236064,
37493805,Nicomorphine,Drug,RxNorm Extension,Ingredient,OMOP4873905,drug_exposure,2,2,0.0015790304752881731,,,,,,,,,,0.01006036217303823
35606631,mepolizumab,Drug,RxNorm,Ingredient,1720597,drug_exposure,2,2,0.0015790304752881731,,,,,,,,,,
912263,certolizumab pegol,Drug,RxNorm,Ingredient,709271,drug_exposure,2,1,0.0007895152376440866,,,0.0039427512518235225,,,,,,,
713196,interferon beta-1b,Drug,RxNorm,Ingredient,72257,drug_exposure,2,2,0.0015790304752881731,,,0.0039427512518235225,,,,,,,
19048699,corticotropin-releasing hormone,Drug,RxNorm,Ingredient,214461,drug_exposure,2,2,0.0015790304752881731,,,0.0039427512518235225,,,,,,,
1536976,sotrovimab,Drug,RxNorm,Ingredient,2550731,drug_exposure,2,2,0.0015790304752881731,,,,,,,,,,
1315027,cranberry preparation,Drug,RxNorm,Ingredient,125933,drug_exposure,2,1,0.0007895152376440866,,,,,,,,,,
45892833,sulfur hexafluoride,Drug,RxNorm,Ingredient,1599276,drug_exposure,2,2,0.0015790304752881731,,,,,,,,,,
792777,varicella zoster virus glycoprotein E,Drug,RxNorm,Ingredient,1986821,drug_exposure,2,2,0.0015790304752881731,,,0.0039427512518235225,,,,,,,
36029883,amiloride / hydrochlorothiazide,Drug,RxNorm,Multiple Ingredients,214212,drug_exposure,2,1,0.0007895152376440866,,,,,0.022321428571428572,,,,,
19072030,curcumin,Drug,RxNorm,Ingredient,2955,drug_exposure,2,1,0.0007895152376440866,,,,,,,,0.006060973392326808,,
742185,atomoxetine,Drug,RxNorm,Ingredient,38400,drug_exposure,2,1,0.0007895152376440866,,,,,,,,,,
979096,zinc acetate,Drug,RxNorm,Ingredient,58295,drug_exposure,2,1,0.0007895152376440866,,,,,,,,0.006060973392326808,,
1329415,dinoprostone,Drug,RxNorm,Ingredient,3478,drug_exposure,2,1,0.0007895152376440866,,,,,,,,,,
19000498,mefloquine,Drug,RxNorm,Ingredient,6694,drug_exposure,2,1,0.0007895152376440866,,,0.0039427512518235225,,,,,,,
36029293,bupivacaine / epinephrine,Drug,RxNorm,Multiple Ingredients,107606,drug_exposure,2,2,0.0015790304752881731,,,,,0.044642857142857144,,,,,
36029298,acetaminophen / caffeine,Drug,RxNorm,Multiple Ingredients,108038,drug_exposure,2,2,0.0015790304752881731,,,,,,,,,,
40241969,brentuximab vedotin,Drug,RxNorm,Ingredient,1147320,drug_exposure,2,2,0.0015790304752881731,,0.009294544102611766,,,,,,,,
19015768,methoxy polyethylene glycol-epoetin beta,Drug,RxNorm,Ingredient,729596,drug_exposure,2,2,0.0015790304752881731,,,,,,,,,,
36027963,triamcinolone / urea,Drug,RxNorm,Multiple Ingredients,1007849,drug_exposure,2,2,0.0015790304752881731,,,,,,,,0.006060973392326808,,
19076414,potassium acetate,Drug,RxNorm,Ingredient,54987,drug_exposure,2,2,0.0015790304752881731,,,,,,,,,0.05234231876472128,
996625,fluorescein,Drug,RxNorm,Ingredient,25138,drug_exposure,1,1,0.0007895152376440866,,,,,,,,,,
36854399,DOTA-NOC GA-68,Drug,RxNorm Extension,Ingredient,OMOP5172014,drug_exposure,1,1,0.0007895152376440866,,,,,,,,,,
35603983,reslizumab,Drug,RxNorm,Ingredient,1746889,drug_exposure,1,1,0.0007895152376440866,,,0.0039427512518235225,,,,,,,
1593331,etelcalcetide,Drug,RxNorm,Ingredient,1876119,drug_exposure,1,1,0.0007895152376440866,,,,,,,,,,
19055156,flumethasone,Drug,RxNorm,Ingredient,4458,drug_exposure,1,1,0.0007895152376440866,,,,,,,,0.006060973392326808,,
19112524,aluminum acetotartrate,Drug,RxNorm,Ingredient,46239,drug_exposure,1,1,0.0007895152376440866,,,,,,,,,,
19066894,silicones,Drug,RxNorm,Ingredient,9778,drug_exposure,1,1,0.0007895152376440866,,,,,,,,,,
1116031,zolmitriptan,Drug,RxNorm,Ingredient,135775,drug_exposure,1,1,0.0007895152376440866,,,,,,,,,,
35603277,cariprazine,Drug,RxNorm,Ingredient,1667655,drug_exposure,1,1,0.0007895152376440866,,,,,0.022321428571428572,,,,,
35606016,cytisine,Drug,RxNorm,Ingredient,1723152,drug_exposure,1,1,0.0007895152376440866,,,,,,,,,,
963742,gramicidin,Drug,RxNorm,Ingredient,5011,drug_exposure,1,1,0.0007895152376440866,,,,,,,,,0.02617115938236064,
1146810,piroxicam,Drug,RxNorm,Ingredient,8356,drug_exposure,1,1,0.0007895152376440866,,,,,,,,0.006060973392326808,,
19006047,tromethamine,Drug,RxNorm,Ingredient,10865,drug_exposure,1,1,0.0007895152376440866,,,,,,,,,0.02617115938236064,
792737,tisagenlecleucel,Drug,RxNorm,Ingredient,1986438,drug_exposure,1,1,0.0007895152376440866,,,,,,,,,,
779231,cranberry seed extract,Drug,RxNorm,Ingredient,2596443,drug_exposure,1,1,0.0007895152376440866,,,,,,,,,,
915935,pimecrolimus,Drug,RxNorm,Ingredient,321952,drug_exposure,1,1,0.0007895152376440866,,,,,,,,,,
1344354,epirubicin,Drug,RxNorm,Ingredient,3995,drug_exposure,1,1,0.0007895152376440866,,,,,,,,,,
36027520,glucosamine hydrochloride / glucosamine sulfate,Drug,RxNorm,Multiple Ingredients,1007397,drug_exposure,1,1,0.0007895152376440866,,,,,,,,,,
19005129,clobetasone,Drug,RxNorm,Ingredient,108074,drug_exposure,1,1,0.0007895152376440866,,,,,,,,,,
37493796,Epithiazide,Drug,RxNorm Extension,Ingredient,OMOP4873896,drug_exposure,1,1,0.0007895152376440866,,,,,,,,,,
1315411,cetuximab,Drug,RxNorm,Ingredient,318341,drug_exposure,1,1,0.0007895152376440866,,,,,,,,,,
19056694,framycetin,Drug,RxNorm,Ingredient,4556,drug_exposure,1,1,0.0007895152376440866,,,,,,,,,0.02617115938236064,
986790,azelate,Drug,RxNorm,Ingredient,618278,drug_exposure,1,1,0.0007895152376440866,,,,,,,,,,
19016670,docosahexaenoate,Drug,RxNorm,Ingredient,73,drug_exposure,1,1,0.0007895152376440866,,,,,,,,,,
36029284,lidocaine / methylprednisolone,Drug,RxNorm,Multiple Ingredients,106991,drug_exposure,1,1,0.0007895152376440866,,,,,,,,,,
45775368,"2,3-dimercapto-1-propanesulfonic acid",Drug,RxNorm,Ingredient,1546352,drug_exposure,1,1,0.0007895152376440866,,,,,,,,,,0.005030181086519115
45892579,olaparib,Drug,RxNorm,Ingredient,1597582,drug_exposure,1,1,0.0007895152376440866,,,,,0.022321428571428572,,,,,
36029924,captopril / hydrochlorothiazide,Drug,RxNorm,Multiple Ingredients,214357,drug_exposure,1,1,0.0007895152376440866,,,,,,,,,,
756018,fluphenazine,Drug,RxNorm,Ingredient,4496,drug_exposure,1,1,0.0007895152376440866,,,,,,,,,,
36850694,METHYLMETHIONINE,Drug,RxNorm Extension,Ingredient,OMOP5168311,drug_exposure,1,1,0.0007895152376440866,,,,,,,,0.006060973392326808,,
1355650,emapalumab,Drug,RxNorm,Ingredient,2104604,drug_exposure,1,1,0.0007895152376440866,,,,,,,,,0.02617115938236064,
45775146,peginterferon beta-1a,Drug,RxNorm,Ingredient,1546168,drug_exposure,1,1,0.0007895152376440866,,0.009294544102611766,,,,,,,,
19039298,sevoflurane,Drug,RxNorm,Ingredient,36453,drug_exposure,1,1,0.0007895152376440866,,,,,,,,,,
36030859,phenylephrine / tropicamide,Drug,RxNorm,Multiple Ingredients,814303,drug_exposure,1,1,0.0007895152376440866,,,,,0.022321428571428572,,,,,
1360067,iron,Drug,RxNorm,Ingredient,90176,drug_exposure,1,1,0.0007895152376440866,,,,,,,,,,
1189458,frovatriptan,Drug,RxNorm,Ingredient,228783,drug_exposure,1,1,0.0007895152376440866,,,,,,,,,,
1156378,flurbiprofen,Drug,RxNorm,Ingredient,4502,drug_exposure,1,1,0.0007895152376440866,,,,,,,,0.006060973392326808,,
925636,oxymetazoline,Drug,RxNorm,Ingredient,7812,drug_exposure,1,1,0.0007895152376440866,,,,,,,,,,
36027016,betamethasone / salicylic acid,Drug,RxNorm,Multiple Ingredients,1000711,drug_exposure,1,1,0.0007895152376440866,,,,,0.022321428571428572,,,,,
778873,Streptococcus pneumoniae serotype 1 capsular antigen diphtheria CRM197 protein conjugate vaccine / Streptococcus pneumoniae serotype 14 capsular antigen diphtheria CRM197 protein conjugate vaccine / Streptococcus pneumoniae serotype 18C capsular antige...,Drug,RxNorm,Multiple Ingredients,1008803,drug_exposure,1,1,0.0007895152376440866,,,,,,,,,,
1520218,betaine,Drug,RxNorm,Ingredient,1512,drug_exposure,1,1,0.0007895152376440866,,,,,,,,,,
35200405,lanadelumab,Drug,RxNorm,Ingredient,2055641,drug_exposure,1,1,0.0007895152376440866,,,,,,,,,,
19056154,dopexamine,Drug,RxNorm,Ingredient,23638,drug_exposure,1,1,0.0007895152376440866,,,,,,,,,,0.005030181086519115
1343039,triptorelin,Drug,RxNorm,Ingredient,38782,drug_exposure,1,1,0.0007895152376440866,,,,,,,,,,
19088167,ambroxol,Drug,RxNorm,Ingredient,625,drug_exposure,1,1,0.0007895152376440866,,,,,,,,,,
43526465,canagliflozin,Drug,RxNorm,Ingredient,1373458,drug_exposure,1,1,0.0007895152376440866,,,,,,,,,,
1304919,pemetrexed,Drug,RxNorm,Ingredient,68446,drug_exposure,1,1,0.0007895152376440866,,,,,,,,,,
40161532,ustekinumab,Drug,RxNorm,Ingredient,847083,drug_exposure,1,1,0.0007895152376440866,,,,,,,,,,
40239665,belatacept,Drug,RxNorm,Ingredient,1112973,drug_exposure,1,1,0.0007895152376440866,,,,,,,,,,
951279,prilocaine,Drug,RxNorm,Ingredient,8686,drug_exposure,1,1,0.0007895152376440866,,,,,,,,,,
40799192,Vernakalant,Drug,RxNorm Extension,Ingredient,OMOP2721528,drug_exposure,1,1,0.0007895152376440866,,,,,,,,,,
1593457,ocrelizumab,Drug,RxNorm,Ingredient,1876366,drug_exposure,1,1,0.0007895152376440866,,,,,,,,,,
19022170,patent blue violet,Drug,RxNorm,Ingredient,32950,drug_exposure,1,1,0.0007895152376440866,,,,,,,,,,
