concept_id,concept_name,domain_id,vocabulary_id,concept_class_id,concept_code,table_name,record_count,patient_count,patient_coverage_pct,units,coverage_7,coverage_Amsterdam UMC Epic,coverage_Amsterdam UMC Metavision Meibergdreef,coverage_Catharina Ziekenhuis Eindhoven,coverage_Franciscus Gasthuis,coverage_OLVG,coverage_Radboudumc,coverage_UMC Utrecht,coverage_Amsterdam UMC Metavision Boelelaan
40762499,Oxygen saturation in Arterial blood by Pulse oximetry,Measurement,LOINC,Clinical Observation,59408-5,measurement,49401321,62822,49.5989262592768,", %, mol/mol",99.25643647179106,96.1282182707093,,99.375,98.70848708487085,,94.92696527062246,99.50274797173515,
3004921,Ventilation mode Ventilator,Measurement,LOINC,Clinical Observation,20124-4,measurement,45584944,92573,73.08779409442602,,,78.05464653235028,81.30157632060087,60.02232142857143,96.55596555965559,84.671966374269,66.08279289653919,4.422925935618948,75.07042253521126
42527086,Mean airway pressure,Measurement,LOINC,Clinical Observation,60949-5,measurement,38540900,78276,61.80009474182852,"cm H2O, cm-H2O, mbar, , cmH2O",,75.14883885975634,0.3310767406236102,68.19196428571429,66.11316113161132,82.62518274853801,66.05854900296988,77.78068568437581,71.65492957746478
3017453,ST deviation,Measurement,LOINC,Clinical Observation,30935-1,measurement,35505062,57016,45.015000789515234,"mm, ",17.99423738265638,79.02062058904704,,,,98.16337719298245,3.503242620764895,,
3035357,Carbon dioxide [Partial pressure] in Exhaled gas --at end expiration,Measurement,LOINC,Clinical Observation,19891-1,measurement,31024037,98377,77.6701405337123,"mmHg, kPa, Geen, mm Hg, %",77.52579235988475,75.07392658597169,78.28235410386915,11.361607142857142,30.688806888068882,80.54641812865498,24.16510091520698,86.2339701648783,58.64185110663984
21490852,Invasive Mean blood pressure,Measurement,LOINC,Clinical Observation,76214-6,measurement,29722428,112332,88.68782567503553,"mmHG/lsb., , mm Hg, mmHG, mmHg",97.42541128357654,91.24314946969996,95.36492563126946,,,95.93384502923976,76.23492332868659,95.05365087673384,94.13983903420524
3027018,Heart rate,Measurement,LOINC,Clinical Observation,8867-4,measurement,29282852,97338,76.84983420180009,"/min, bpm, , ./min, sl/min",38.36787805558137,0.5835271852698813,99.69363047882591,99.33035714285714,98.76998769987699,99.20047514619883,94.70270925510637,,99.71830985915493
3020716,Inhaled oxygen concentration,Measurement,LOINC,Clinical Observation,3150-0,measurement,25919870,52223,41.23085425548713,"%, Geen, ",0.0278836323078353,14.367385561644916,,,,85.26589912280701,21.655857930783682,,72.13782696177063
3022875,Positive end expiratory pressure setting Ventilator,Measurement,LOINC,Clinical Observation,20077-4,measurement,24963948,96881,76.48902573819674,"mbar, cm H2O, , cmH2O",10.800260247234872,77.71951267594527,78.24776399663982,58.794642857142854,67.09717097170972,66.02247807017544,61.258258076247046,78.22559539387595,71.84607645875252
2000000238,Vent mechanics peak airway pressure,Measurement,ICUdata,Observable Entity,2000000238,measurement,23971359,100206,79.11416390336333,"mbar, cm H2O, , cmH2O, mmHg",75.42522539269449,74.58108267949375,81.3262835400504,68.30357142857143,67.40467404674047,82.76681286549707,61.05824595430026,77.78068568437581,71.66498993963782
3001376,Heart rate by Pulse oximetry,Measurement,LOINC,Clinical Observation,8889-8,measurement,21325162,77778,61.40691615348176,", 1/min, sl/min, bpm",99.47021098615113,98.99065567953318,,,,93.97386695906432,94.44814837262865,99.2672075372939,
21490724,Inspiration/Expiration time Ratio,Measurement,LOINC,Clinical Observation,75931-6,measurement,17896117,45072,35.58503079109427,"Geen, ",42.150757505344366,42.191381145763515,,,,11.271016081871345,58.221710406691315,0.02617115938236064,
21490753,Volume expired per minute Respiratory system,Measurement,LOINC,Clinical Observation,75959-7,measurement,17436417,69415,54.804200221064264,"l, ml, l/min, L/min",,74.2380633205851,0.02964866333942778,50.982142857142854,27.736777367773676,82.7531067251462,61.22795320928541,,74.95975855130784
21490853,Invasive Systolic blood pressure,Measurement,LOINC,Clinical Observation,76215-3,measurement,17051978,112100,88.5046581399021,", mmHg, mm Hg",97.27669857793475,91.1012104246343,95.23150664624204,,,95.92927631578948,75.99248439299352,95.02747971735148,94.14486921529175
36303816,Tidal volume.inspired,Measurement,LOINC,Clinical Observation,76221-1,measurement,16984952,81616,64.43707563555976,"l, ml, mL, ",,72.70039033237393,28.823442209813706,47.767857142857146,57.19557195571956,83.71253654970761,71.73162009818778,14.812876210416121,71.77062374245473
3024171,Respiratory rate,Measurement,LOINC,Clinical Observation,9279-1,measurement,16660641,61576,48.615190273172274,"bpm, /min, , ./min, PER MINUTE",99.10772376614928,98.6082088081063,,,,98.45577485380117,,98.97932478408794,
1175625,Breath rate spontaneous,Measurement,LOINC,Clinical Observation,76528-9,measurement,16161798,46967,37.08116216642981,"br/min, bpm, , 1/min, sl/min",,74.69147971454481,99.33784651875278,53.325892857142854,31.61131611316113,,15.679738165949452,,
21490563,Gas delivery system inspiratory Oxygen setting [VFr/PPres],Measurement,LOINC,Clinical Observation,60799-4,measurement,15676934,17053,13.463603347544607,"%, ",,,,89.28571428571429,83.33333333333333,35.800438596491226,19.546639190253956,,
3009603,Volume expired 1 minute,Measurement,LOINC,Clinical Observation,20139-2,measurement,15466913,3217,2.5398705195010263,,,,,,,,17.891993454148736,,
21490851,Invasive Diastolic blood pressure,Measurement,LOINC,Clinical Observation,76213-8,measurement,14418785,92743,73.22201168482552,", mmHg, mm Hg",97.27669857793475,69.0415171706817,95.23150664624204,,,95.92013888888889,0.06667070731559488,95.02747971735148,94.13983903420524
3043148,Breath rate mechanical --on ventilator,Measurement,LOINC,Clinical Observation,33438-3,measurement,14358810,50558,39.916311384809724,"sl/min, , l/min, /min, bpm",,,78.39106586944705,69.73214285714286,32.103321033210335,83.75822368421052,61.24613612946239,,4.336016096579477
3022318,Heart rate rhythm,Measurement,LOINC,Clinical Observation,8884-9,measurement,13686620,119441,94.30048949944734,,99.03336741332838,98.47021251429247,99.56021149379849,,,98.78929093567251,94.17540456997394,99.0054959434703,99.1851106639839
3016226,PEEP Respiratory system,Measurement,LOINC,Clinical Observation,20075-8,measurement,11768564,77217,60.96399810516343,"cm-H20, mmHg, , cmH2O, cm H2O, mbar",,5.6026495288412255,80.90626080940851,68.32589285714286,49.7539975399754,83.98665935672514,62.84623310503667,14.786705051033762,75.18108651911469
21490696,Oxygen [VFr/PPres] Gas delivery system,Measurement,LOINC,Clinical Observation,61018-8,measurement,11420978,33725,26.626401389546817,", Geen, %",99.7676363974347,3.138429996451524,,9.84375,,3.193530701754386,23.625674283289896,,75.3420523138833
21490872,Heart rate.beat-to-beat by EKG,Measurement,LOINC,Clinical Observation,76282-3,measurement,9788072,25885,20.43660192641718,"/min, ",0.2509526907705177,98.83688838071205,,,,,,,
3008828,Urine output 8 hour,Measurement,LOINC,Clinical Observation,9189-2,measurement,9625218,21697,17.130112111163747,ml,,85.34479359697197,,,,,,,
3020891,Body temperature,Measurement,LOINC,Clinical Observation,8310-5,measurement,9543495,56888,44.9139428390968,"ºC, , °C",60.637605725439165,61.23486969207113,,96.16071428571429,,3.0290570175438596,5.042729862415904,96.49306464276367,15.90543259557344
3026238,Oxygen/Inspired gas Respiratory system --on ventilator,Measurement,LOINC,Clinical Observation,19996-8,measurement,9261511,36820,29.069951050055266,"%, fractie, ",,79.61203327682057,,,,,63.428086550700044,,
3032445,Ideal body weight,Measurement,LOINC,Clinical Observation,50064-5,measurement,8976946,50986,40.254223906521396,"Kg, kg, ",94.02360814202063,52.88017978945708,,,,13.240131578947368,62.80380629129038,,
3017485,Carbon dioxide/Gas.total.at end expiration in Exhaled gas,Measurement,LOINC,Clinical Observation,19889-5,measurement,8646288,1082,0.8542554871309016,%,,,,0.29017857142857145,63.53013530135301,,,,
3012410,Tidal volume setting Ventilator,Measurement,LOINC,Clinical Observation,20112-9,measurement,8526455,47996,37.89357334596558,"mL, L, , ml",9.907984013384144,14.812916453100973,0.0988288777980926,,,,66.93739014485726,1.3870714472651138,32.32897384305835
3007469,Breath rate setting Ventilator,Measurement,LOINC,Clinical Observation,19834-1,measurement,8520569,68769,54.29417337754619,"p/min, , ./min, br/min, /min, bpm",6.84078445952226,76.72199660923393,45.70835598161783,48.973214285714285,47.355473554735546,19.49470029239766,,1.674954200471081,71.94668008048289
3000333,Central venous pressure (CVP) Mean,Measurement,LOINC,Clinical Observation,8591-0,measurement,7828765,67739,53.48097268277278,"mm Hg, mmHg",72.56250580909007,58.73516539841501,76.97287147304442,,,83.31962719298245,2.7941087338626582,68.2805548285789,2.4346076458752517
42527140,Total PEEP Respiratory system,Measurement,LOINC,Clinical Observation,76247-6,measurement,7351336,12819,10.120795831359546,"cm H2O, cmH2O, ",1.9332651733432475,5.287229428695343,,29.665178571428573,49.44649446494465,2.768640350877193,7.448936299169647,,8.626760563380282
21490581,Lung compliance,Measurement,LOINC,Clinical Observation,60826-5,measurement,6962522,45572,35.97978840991631,"mL/cmH20, , ml/cmH20, ml/cmH2O, ml/mbar, mL/cm H2O",,49.09908133895833,25.586796461926173,0.11160714285714286,1.968019680196802,71.10745614035088,,76.91703742475792,
3022060,Rectal temperature,Measurement,LOINC,Clinical Observation,8332-9,measurement,6502172,53159,41.969840517921995,"°C, , C'",46.379775072032714,26.018215510783424,41.4092997974008,44.24107142857143,,87.71472953216374,0.9030850354566944,0.287882753205967,8.943661971830986
21490754,Inspired minute Volume,Measurement,LOINC,Clinical Observation,75960-5,measurement,6203387,50449,39.83025422390652,"mL, l/min, L/min",,,81.28675198893117,,,16.260051169590643,62.90684283895994,,71.64989939637827
36304439,Pressure.plateau Respiratory system airway,Measurement,LOINC,Clinical Observation,60829-9,measurement,5924317,40010,31.588504658139904,"cm H2O, cmH2O, , cmH20, mbar",3.4018031415559067,54.28774198635808,,19.598214285714285,42.435424354243544,27.275219298245613,6.691314625128796,14.629678094739598,3.3048289738430583
3009065,Inspiration/Expiration setting Ventilator,Measurement,LOINC,Clinical Observation,19974-5,measurement,5868898,28115,22.197220906363494,"cmH2O, , Geen, %",,,0.09388743390818798,38.705357142857146,42.55842558425584,12.111659356725147,56.130674586338564,,62.469818913480886
3003841,Heart rate Peripheral artery by palpation,Measurement,LOINC,Clinical Observation,8893-0,measurement,5638654,17593,13.889941575872415,"/min, 1/min",,14.229389267831092,,0.022321428571428572,0.06150061500615006,,,,
3005629,Inhaled oxygen flow rate,Measurement,LOINC,Clinical Observation,3151-8,measurement,5529669,112305,88.66650876361913,"cmH2O, , l/min, Geen, l, L/min",86.24407472813459,85.12399952686985,87.24119187626624,63.90625,68.26568265682657,87.78326023391813,85.34456633735378,85.89374509290762,89.30080482897384
21490752,Tidal volume expired Respiratory system airway,Measurement,LOINC,Clinical Observation,75958-9,measurement,5453954,55610,43.904942365387654,"mL, ml, L/min",,73.79647518038087,72.15990512427732,,,77.03764619883042,,77.91154148128763,
36304672,Inspiratory time setting Ventilator,Measurement,LOINC,Clinical Observation,76334-2,measurement,5392971,47050,37.14669193115427,"s, msec, sec",,41.94298781689863,,,,59.38870614035088,,0.6804501439413766,63.440643863179076
3045410,Minute volume setting Ventilator,Measurement,LOINC,Clinical Observation,33425-0,measurement,5387614,37586,29.674719722090636,"l/min, bpm, /min, L/min, ",11.57170740775165,64.43638370855183,5.974205662894698,,,14.565058479532164,,0.49725202826485215,32.57545271629779
2000000211,Inspiratory Pressure Above PEEP,Measurement,ICUdata,Observable Entity,2000000211,measurement,5211713,18008,14.21759039949471,", cmH2O",,21.708788392540313,,,,3.686951754385965,,,
3027315,Oxygen [Partial pressure] in Blood,Measurement,LOINC,Lab Test,11556-8,measurement,5010476,69739,55.06000315806095,"kPa, mm Hg, mmHg, ",99.7583418533321,67.2317943460947,,,,96.72880116959064,,0.05234231876472128,92.34406438631791
4353622,Expiratory time,Measurement,SNOMED,Observable Entity,250820008,measurement,4860817,13970,11.02952786988789,"sec, s",0.9945162189794591,35.902692899105,0.15318476058704353,,,,,,
21492241,Mean blood pressure by Noninvasive,Measurement,LOINC,Clinical Observation,76536-2,measurement,4787524,86714,68.46202431706932,"mmHG, mm Hg, , mmHg",23.83121107909657,56.62579347868943,62.35608044670653,,,49.02686403508772,91.33886902236499,42.397278199424235,46.31287726358149
2000000114,peripheral_flow_index,Measurement,ICUdata,Observable Entity,2000000114,measurement,4743757,14035,11.080846360334755,,99.11701831025188,1.5337302369593502,,,,,,,
3013290,Carbon dioxide [Partial pressure] in Blood,Measurement,LOINC,Lab Test,11557-6,measurement,4726658,62918,49.674719722090636,"kPa, , mmHg",99.7583418533321,37.357568111027874,,,,97.22679093567251,,,92.53018108651912
21490580,Carbon dioxide production (VCO2) in Respiratory system,Measurement,LOINC,Clinical Observation,60825-7,measurement,4664239,40561,32.023527554081795,"ml/min, , mL/min, ml",1.5243052328283297,28.58888932697236,,,,68.3296783625731,2.4789381174616643,,62.02213279678068
3014315,Urine output,Measurement,LOINC,Clinical Observation,9187-6,measurement,4539808,71199,56.212695405021314,", ml, mL",99.71186913281903,4.139888814414698,,95.80357142857143,95.63345633456335,97.8938230994152,,98.06333420570532,98.68209255533199
21490740,Airway resistance,Measurement,LOINC,Clinical Observation,75946-4,measurement,4423920,27095,21.391915363966525,"cmH2O/l/s, mbar/L/s, , cmH2O",,10.771596419981863,,0.044642857142857144,0.18450184501845018,51.79550438596491,,,3.3400402414486923
3039856,Temperature of Skin,Measurement,LOINC,Clinical Observation,39106-0,measurement,4333708,38457,30.362387494078636,"C', , °C",68.0081791988103,31.238418168197768,68.80466472303208,32.65625,,,2.3455967028304747,9.186076943208585,5.648893360160966
21490648,Oxygen [VFr/PPres] Airway adaptor --at end expiration,Measurement,LOINC,Clinical Observation,60943-8,measurement,4152034,13799,10.89452076425075,%,,,,,,,11.988605370022425,,
21490789,Tidal volume expired Respiratory system airway --on ventilator,Measurement,LOINC,Clinical Observation,76007-4,measurement,4128874,23848,18.828359387336175,"mL, ml",75.29510177525792,,,,,,,,71.7102615694165
21490582,Dynamic lung compliance,Measurement,LOINC,Clinical Observation,60827-3,measurement,4017891,37574,29.665245539238907,"ml/cmH20, ml/cmH2O",73.80797471884004,,,29.285714285714285,,13.029970760233919,58.73083217164677,,65.04527162977867
2000000217,Inspiratory rise time perc set,Measurement,ICUdata,Observable Entity,2000000217,measurement,3964597,30639,24.18995736617717,"Geen, %",10.103169439538991,20.916295390923786,,,,15.314327485380117,,,65.71931589537223
3010421,pH of Blood,Measurement,LOINC,Lab Test,11558-4,measurement,3924859,34914,27.56513500710564,"., Geen, ",99.7583418533321,3.5524188778929937,,35.3125,,,,0.02617115938236064,92.54024144869216
36306157,Pressure.max Respiratory system airway --on ventilator,Measurement,LOINC,Clinical Observation,76531-3,measurement,3920623,12938,10.214748144639191,", cmH2O, mbar",,10.862279698773804,,,,,,,3.4808853118712273
2000000209,Inspiratory Pressure Above PEEP Set,Measurement,ICUdata,Observable Entity,2000000209,measurement,3750307,48071,37.95278698878889,"cm H2O, , cmH2O",53.796821265916904,53.86192485116114,44.31486880466473,0.6919642857142857,0.6765067650676507,5.962171052631579,3.097157403478999,,71.87122736418512
21490675,Central venous pressure (CVP),Measurement,LOINC,Clinical Observation,60985-9,measurement,3692885,32813,25.906363492815412,", mmHg",,4.482908173323345,,62.63392857142857,0.7380073800738007,,37.09921813443239,,66.73038229376257
21490906,Nasal temperature,Measurement,LOINC,Clinical Observation,76010-8,measurement,3590849,18231,14.393652297489341,"C', ",5.028348359512966,5.795844340180578,8.33621584226911,,,,,,
2000000213,Inspiratory Pressure Set,Measurement,ICUdata,Observable Entity,2000000213,measurement,3468580,13351,10.5408179377862,"cm H2O, cm-H2O, cmH2O",,,,,,6.332236842105263,10.70973998424147,0.05234231876472128,
3035822,Intrinsic PEEP Respiratory system,Measurement,LOINC,Clinical Observation,38199-6,measurement,3433695,23429,18.497552502763302,"cm H2O, mbar, cmH20, cmH2O, ",1.0131053071846825,43.84733667152939,,65.3125,41.20541205412054,25.584795321637426,,,0.613682092555332
3012255,ST wave end displacement in lead V5,Measurement,LOINC,Clinical Observation,10116-2,measurement,3357290,30188,23.833885993999683,", mm",55.78585370387582,1.8254938295942909,,,,88.33150584795321,,,
21490588,Esophageal temperature,Measurement,LOINC,Clinical Observation,60836-4,measurement,3098658,14978,11.825359229433127,"°C, ",0.278836323078353,12.561605488309743,,,,6.163194444444445,0.06060973392326808,,6.584507042253521
3001179,ST wave end displacement in lead II,Measurement,LOINC,Clinical Observation,10110-5,measurement,3001007,9522,7.517764092846992,,58.22102425876011,,,,,,,,
42527120,Expired minute Volume during Mechanical ventilation,Measurement,LOINC,Clinical Observation,76008-2,measurement,2940492,12593,9.942365387651982,"L/min, ",74.66307277628033,,,,,,16.558579307836837,,
42527121,Inspired minute Volume during Mechanical ventilation,Measurement,LOINC,Clinical Observation,76009-0,measurement,2876386,9543,7.534343912837517,L/min,74.6444836880751,,,,,,,,
3033780,Tidal volume inspired spontaneous+mechanical --on ventilator,Measurement,LOINC,Clinical Observation,20110-3,measurement,2865438,9556,7.5446076109268905,mL,75.28580723115532,,,,,,,,
3005456,Potassium [Moles/volume] in Blood,Measurement,LOINC,Lab Test,6298-4,measurement,2845231,103814,81.9627348807832,"mmol/l, mmol/L, ",97.73213123896272,15.349130623348973,98.09260265849682,38.950892857142854,88.99138991389914,97.61970029239767,,95.44621826746925,98.62676056338029
40493498,AVPU - alert voice pain unresponsive scale,Measurement,SNOMED,Staging / Scales,449159002,measurement,2781280,31588,24.939207326701407,,8.374384236453203,,,62.96875,88.37638376383764,,93.89659979392691,,
21490558,Expiratory gas flow Respiratory system airway --on ventilator,Measurement,LOINC,Clinical Observation,60792-9,measurement,2768345,20330,16.050844781304278,L/min,73.83585835114788,,,,,,58.70052730468513,,
2000000220,Inspiratory time setting Ventilator perc,Measurement,ICUdata,Observable Entity,2000000220,measurement,2686108,10113,7.984367598294647,"Geen, %",72.42308764755089,,,,,2.919407894736842,,,0.035211267605633804
3043415,Inspiratory breath [Time] --on ventilator,Measurement,LOINC,Clinical Observation,33435-9,measurement,2590310,12193,9.626559292594347,"s, sec",73.27818570499117,,,,,11.874086257309942,,,
40762351,Hemoglobin [Moles/volume] in Blood,Measurement,LOINC,Lab Test,59260-0,measurement,2565250,102540,80.95689246802463,"mmol/l, mmol/L, g/dL",98.55005111999256,21.10949020226314,98.02342244403815,39.0625,88.31488314883148,97.81615497076024,1.0243045033032305,96.15283957079299,79.2102615694165
3046338,Breath termination sensitivity setting Ventilator,Measurement,LOINC,Clinical Observation,33430-0,measurement,2467582,8290,6.545081320069477,cmH2O,9.740682219537131,,,,,,,,
36303772,Mean pressure Respiratory system airway --on ventilator,Measurement,LOINC,Clinical Observation,76530-5,measurement,2428389,9553,7.542239065213959,cmH2O,75.1928617901292,,,,,,,,
21492239,Systolic blood pressure by Noninvasive,Measurement,LOINC,Clinical Observation,76534-7,measurement,2417421,60422,47.704089688931,"mmHg, , mm Hg",2.063388790779812,,62.118891139991106,0.044642857142857144,0.06150061500615006,49.0999634502924,91.15097884720286,42.397278199424235,46.498993963782695
1447532,Richmond Agitation Sedation Scale,Measurement,SNOMED,Staging / Scales,1345048008,measurement,2401533,85600,67.5825043423338,"Geen, ",96.05911330049261,66.57335488704018,35.41038691505658,86.96428571428571,58.17958179581796,98.06743421052632,93.490514576641,91.8869405914682,22.997987927565394
21492238,Blood pressure by Noninvasive,Measurement,LOINC,Clinical Observation,76533-9,measurement,2326347,29476,23.271751144797094,"mmHg, ",0.8086253369272237,1.9516618696526435,,90.42410714285714,98.46248462484625,,91.16916176737985,,
21490855,PEEP Respiratory system --on ventilator,Measurement,LOINC,Clinical Observation,76248-4,measurement,2246384,9529,7.5232906995105004,cm H20,75.44381448089972,,,,,,,,
21490618,Sevoflurane [VFr/PPres] Airway adaptor,Measurement,LOINC,Clinical Observation,60863-8,measurement,2197700,9701,7.659087320385283,%,,,,,,,7.533789926662222,,
40760768,Flow trigger setting Ventilator,Measurement,LOINC,Clinical Observation,57656-1,measurement,2178413,37666,29.737880941102162,"l/min, L/min, , cmH2O",2.342225113858165,18.22339628592832,0.07412165834856946,40.669642857142854,14.637146371463714,56.76626461988304,54.94878477483484,0.5495943470295734,0.04527162977867203
3028074,Pulmonary artery Mean blood pressure,Measurement,LOINC,Clinical Observation,8414-5,measurement,2140631,21935,17.31801673772304,", mmHg, mmHG, mm Hg",28.60860674783902,6.793360406891929,22.799822108019963,,,5.35453216374269,4.230559427844112,8.243915205443601,37.05734406438632
21490744,Signal quality index EEG device Calculated,Measurement,LOINC,Clinical Observation,75950-6,measurement,2134070,7334,5.79030475288173,%,6.952318988753602,,,,,,,,
3026892,Breath rate spontaneous --on ventilator,Measurement,LOINC,Clinical Observation,19839-0,measurement,2108534,40173,31.71719564187589,"./min, /min, bpm",56.1576354679803,,66.96644759598755,,,77.29806286549707,,50.35331065166187,0.6438631790744467
3020491,Glucose [Moles/volume] in Blood,Measurement,LOINC,Lab Test,15074-8,measurement,2102168,77303,61.03189641560082,"mmol/L, mmol/l",17.41797564829445,9.147182904230572,98.01848100014824,38.080357142857146,77.79827798277982,81.2454312865497,,96.30986652708715,98.46579476861167
2000000628,inspiratory pressure on pressure support,Measurement,ICUdata,Observable Entity,2000000628,measurement,2094165,41012,32.37959892625928,"cm H2O, mbar, cmH2O",,,61.950882047734346,,,74.80354532163743,54.76695557306503,0.36639623135304894,3.3148893360160967
21490586,Blood temperature,Measurement,LOINC,Clinical Observation,60834-9,measurement,2057512,30772,24.29496289278383,"°, °C, C', ",37.89385630634818,9.494145014391043,23.526214359835944,,,8.150584795321638,0.4606339778168374,0.4710808688824915,70.19114688128772
3008223,Glasgow coma score motor,Measurement,LOINC,Clinical Observation,9268-4,measurement,2042812,84241,66.5095531343755,,99.32149828050935,77.80231045223357,51.91975095122795,,,47.26334064327485,73.51960724892417,88.27532059670243,62.469818913480886
40492202,Modified early warning score scale,Measurement,SNOMED,Staging / Scales,445661000,measurement,1998253,37020,29.227854097584082,,,8.220636360052044,,,,,92.55712467422268,,
3003396,Base excess in Arterial blood by calculation,Measurement,LOINC,Lab Test,1925-7,measurement,1978016,60571,47.82172745933997,"mEq/L, mmol/L, mmol/l",97.0722186076773,91.96861570003549,95.75035825468201,35.29017857142857,,,,92.7505888510861,
21493955,Temperature of Extremity,Measurement,LOINC,Clinical Observation,81673-6,measurement,1974289,34545,27.27380388441497,", °C",67.98959011060508,,,71.78571428571429,10.885608856088561,89.31834795321637,,,19.456740442655935
21491763,Left pupil Pupillary response,Measurement,LOINC,Clinical Observation,79899-1,measurement,1961725,89652,70.78162008526765,,79.62635932707501,75.01478531719434,72.53545485991006,79.84375,8.671586715867159,42.66264619883041,83.37474998484757,89.74090552211463,62.80181086519115
21490963,Right pupil Pupillary response,Measurement,LOINC,Clinical Observation,79815-7,measurement,1948371,89487,70.65135007105637,,79.59847569476717,74.95958679966881,72.51074764046054,79.79910714285714,8.487084870848708,42.68092105263158,83.32020122431662,89.84559015964408,62.61569416498994
21490711,Bispectral index Cerebral cortex Electroencephalogram (EEG),Measurement,LOINC,Clinical Observation,75918-3,measurement,1947583,7314,5.774514448128849,,5.790500975927131,,,,,,,,
21490690,Burst suppression ratio [Ratio] Cerebral cortex Electroencephalogram (EEG),Measurement,LOINC,Clinical Observation,61010-5,measurement,1945275,7313,5.773724932891205,%,5.790500975927131,,,,,,,,
3014835,Urine output 1 hour,Measurement,LOINC,Clinical Observation,9188-4,measurement,1923923,21009,16.586925627664613,ml,,,98.37426496022138,,,,,,
3009094,Glasgow coma score verbal,Measurement,LOINC,Clinical Observation,9270-0,measurement,1876914,82524,65.1539554713406,,99.32149828050935,77.77865394472262,51.880219400108714,,,47.27704678362573,63.75537911388569,88.27532059670243,62.42454728370221
3016335,Glasgow coma score eye opening,Measurement,LOINC,Clinical Observation,9267-6,measurement,1847608,87445,69.03915995578714,,99.32149828050935,77.94424949729921,52.25576913574147,37.276785714285715,93.60393603936039,47.63797514619883,70.98005939753925,88.27532059670243,62.816901408450704
3026611,Left eye Pupil diameter Manual,Measurement,LOINC,Clinical Observation,8641-3,measurement,1801261,85942,67.85251855360808,", mm",76.89376336090714,75.17249536726727,73.07901368779957,77.76785714285714,7.318573185731857,43.12408625730994,83.76871325534881,,63.56639839034205
3010321,Right eye Pupil diameter Manual,Measurement,LOINC,Clinical Observation,8643-9,measurement,1798184,85862,67.78935733459656,"mm, ",76.54986522911051,75.12123960099358,73.07407224390967,77.72321428571429,7.195571955719557,43.17434210526316,83.71416449481787,,63.501006036217305
2000000216,Inspiratory rise time sec,Measurement,ICUdata,Observable Entity,2000000216,measurement,1772195,36152,28.542554871309015,", s, ms, sec",,28.202499704293658,,,,78.39912280701755,58.86417358627796,0.654278984559016,0.04024144869215292
21490590,Nasopharyngeal temperature,Measurement,LOINC,Clinical Observation,60838-0,measurement,1712969,8794,6.942996999842097,", °C",5.028348359512966,,,,,2.6818347953216373,,,
3021119,Calcium.ionized [Moles/volume] in Blood,Measurement,LOINC,Lab Test,1994-3,measurement,1703792,72740,57.42933838623085,"mmol/l, mmol/L",97.62059670973139,0.5914126877735284,94.80160102782033,35.13392857142857,,91.85398391812865,,59.72258571054698,70.02012072434607
3027801,Oxygen [Partial pressure] in Arterial blood,Measurement,LOINC,Lab Test,2703-7,measurement,1682476,51907,40.9813674403916,"mmHg, mm Hg, kPa",97.10939678408774,58.7154516421559,95.70588525967288,,,,1.0182435299109036,92.69824653232138,3.7474849094567406
2000000956,Last validated PaO2/FiO2 ratio,Measurement,ICUdata,Observable Entity,2000000956,measurement,1682219,19451,15.356860887415127,"mmHg, ",76.40115252346872,44.07995899538698,,,,,,,
3027946,Carbon dioxide [Partial pressure] in Arterial blood,Measurement,LOINC,Lab Test,2019-8,measurement,1673222,51901,40.976630348965735,"kPa, mm Hg, mmHg",97.10939678408774,58.7154516421559,95.7305924791224,,,,1.0182435299109036,92.7505888510861,3.7474849094567406
2000000486,Chest drain air leakage,Measurement,ICUdata,Observable Entity,2000000486,measurement,1624596,56454,44.57129322595926,"ml/min, , mL, ml",56.1576354679803,34.42021842841935,58.85753817265405,0.15625,7.995079950799508,57.177448830409354,32.93532941390387,46.139753991101806,43.58651911468813
40762365,Oxygen content in Arterial blood by calculation,Measurement,LOINC,Lab Test,59274-1,measurement,1581222,5359,4.23101215853466,,49.65145459615206,,,,,,,,
40763791,Oxygen content in Venous blood by calculation,Measurement,LOINC,Lab Test,60841-4,measurement,1581219,5359,4.23101215853466,,49.65145459615206,,,,,,,,
43055141,Pain severity - 0-10 verbal numeric rating [Score] - Reported,Measurement,LOINC,Clinical Observation,72514-3,measurement,1572692,29240,23.08542554871309,", Geen",98.40133841435077,,,,,,64.24025698527184,78.591991625229,
3029880,Horowitz index in Blood,Measurement,LOINC,Lab Test,50982-8,measurement,1569636,8786,6.936680877940944,", mmHg",77.20048331629333,,,,,,2.460755197284684,,
3018572,Chloride [Moles/volume] in Blood,Measurement,LOINC,Lab Test,2069-3,measurement,1568648,64471,50.9008368861519,"mmol/L, mmol/l",4.52644297797193,5.646019792611284,97.21302564609378,,,95.60489766081871,,12.32661606909186,74.83903420523139
21490566,Minimum alveolar concentration (MAC) for anesthesia.XXX Anesthetic agent.XXX,Measurement,LOINC,Clinical Observation,60804-2,measurement,1560279,7861,6.206379283120164,,9.406078631843108,,,,,,,,
37030869,Rapid shallow breathing index,Measurement,LOINC,LOINC Hierarchy,LP188626-8,measurement,1519316,27771,21.925627664613927,"Geen, breaths/min/l, 1/L * min",,,,,,72.61970029239767,,,58.843058350100605
3008152,Bicarbonate [Moles/volume] in Arterial blood,Measurement,LOINC,Lab Test,1960-4,measurement,1484173,39965,31.55297647244592,"mmol/L, mmol/l, mEq/l",4.507853889766707,35.405906241375234,95.75529969857192,,,,,92.7505888510861,3.7474849094567406
2000000951,Last validated pH,Measurement,ICUdata,Observable Entity,2000000951,measurement,1448603,11223,8.860729512079583,,,44.103615502897924,,,,,,,
2000000952,Last validated paCO2,Measurement,ICUdata,Observable Entity,2000000952,measurement,1448582,11223,8.860729512079583,mmHg,,44.103615502897924,,,,,,,
2000000950,Last validated paO2,Measurement,ICUdata,Observable Entity,2000000950,measurement,1448567,11223,8.860729512079583,mmHg,,44.103615502897924,,,,,,,
21492228,Left ventricular Cardiac output by Continuous,Measurement,LOINC,Clinical Observation,76519-8,measurement,1441520,10815,8.538607295120796,"l/min, L/Min, L/min, ",37.85667812993773,3.690415171706817,0.02470721944952315,0.3794642857142857,3.075030750307503,9.62171052631579,3.8002303169889085,7.615807380266946,0.3873239436619718
21490634,Sevoflurane [VFr/PPres] Airway adaptor --at end expiration,Measurement,LOINC,Clinical Observation,60908-1,measurement,1439161,7671,6.056371387967788,%,9.127242308764755,,,,,,,,
21490633,Sevoflurane [VFr/PPres] Airway adaptor --during inspiration,Measurement,LOINC,Clinical Observation,60907-3,measurement,1438966,7671,6.056371387967788,%,9.127242308764755,,,,,,,,
3007194,Glasgow coma score total,Measurement,LOINC,Clinical Observation,9269-2,measurement,1419710,57279,45.22264329701563,"Geen, ",99.34938191281718,77.73134092970075,,82.03125,92.3739237392374,,90.69034486938602,88.27532059670243,
3044421,Heart rate rhythm palpation,Measurement,LOINC,Clinical Observation,44969-4,measurement,1417955,36547,28.85441339017843,,,11.627173441627567,,,,,89.53875992484393,,
21490839,Premature ventricular contractions [#],Measurement,LOINC,Clinical Observation,76126-2,measurement,1299980,17021,13.438338859939996,x,,,,,,76.96454678362574,,,
3006576,Bicarbonate [Moles/volume] in Blood,Measurement,LOINC,Lab Test,1959-6,measurement,1294467,56424,44.54760776882994,"mmol/L, mmol/l",92.94544102611766,3.0595749714150533,0.01976577555961852,35.267857142857146,6.273062730627307,96.73336988304094,,1.020675215912065,92.52012072434607
3000285,Sodium [Moles/volume] in Blood,Measurement,LOINC,Lab Test,2947-0,measurement,1281784,65733,51.89720511605874,"mmol/L, mmol/l",4.5822102425876015,11.134329535149627,98.0777783268271,,,97.62883771929825,,,
4108000,Spontaneous minute volume,Measurement,SNOMED,Observable Entity,250813001,measurement,1273684,21572,17.031422706458233,"L/min, l/min, ml",,33.44635886921894,,,,55.39108187134503,,,1.2072434607645874
3017188,Pulmonary artery Diastolic blood pressure,Measurement,LOINC,Clinical Observation,8385-7,measurement,1260347,19346,15.273961787462499,"mm Hg, mmHg, ",28.24611952783716,0.6071836927808224,21.76211889113999,,,5.2037646198830405,0.006060973392326808,8.16540172729652,37.017102615694164
2000000248,Ventilation mode Ventilator machine,Measurement,ICUdata,Observable Entity,2000000248,measurement,1254598,24575,19.402336965103427,,,,0.1976577555961852,,,56.848501461988306,62.50075762167404,,
3025315,Body weight,Measurement,LOINC,Clinical Observation,29463-7,measurement,1235873,104821,82.75777672509079,"PONDEN, , kg",88.78148526814759,90.72270630445925,99.1500716509364,20.803571428571427,71.40221402214023,99.21875,0.03636584035396084,99.58126144988223,98.30985915492958
3016502,Oxygen saturation in Arterial blood,Measurement,LOINC,Lab Test,2708-6,measurement,1192865,45726,36.1013737565135,"%, mol/mol, Geen, ",92.9640301143229,35.12202815124394,,1.0714285714285714,11.193111931119311,,,92.72441769170375,92.32394366197182
21490712,Left ventricular Cardiac index,Measurement,LOINC,Clinical Observation,75919-1,measurement,1176756,11339,8.952313279646297,", L/min, L/min/m2, l/min/m^2, l/min/m2",38.18198717352914,9.360091471829042,,0.42410714285714285,2.5215252152521526,9.0140716374269,6.915570640644887,,0.1659959758551308
3012996,ST wave end displacement in lead I,Measurement,LOINC,Clinical Observation,10109-7,measurement,1164256,7343,5.797410390020527,,56.064690026954175,,,,,,,,
3033640,ST wave end displacement in lead III,Measurement,LOINC,Clinical Observation,10111-3,measurement,1156440,7321,5.780041054792357,,55.96245004182545,,,,,,,,
2000000206,IPPV frequency,Measurement,ICUdata,Observable Entity,2000000206,measurement,1155304,4160,3.2843833885994,,,3.4617355991010528,,,,,,,
3033589,ST wave end displacement in lead AVF,Measurement,LOINC,Clinical Observation,10106-3,measurement,1149001,7279,5.746881414811305,,55.97174458592806,,,,,,,,
3022408,ST wave end displacement in lead AVR,Measurement,LOINC,Clinical Observation,10108-9,measurement,1148998,7279,5.746881414811305,,55.97174458592806,,,,,,,,
3034126,ST wave end displacement in lead AVL,Measurement,LOINC,Clinical Observation,10107-1,measurement,1148997,7279,5.746881414811305,,55.97174458592806,,,,,,,,
21494473,Pupil shape [Shape] of Left pupil,Measurement,LOINC,Clinical Observation,80311-4,measurement,1136057,57613,45.48634138638876,,78.70619946091644,75.05027007846076,72.82700004941444,,,41.79459064327485,,89.08662653755562,
21494990,Pupil shape [Shape] of Right pupil,Measurement,LOINC,Clinical Observation,80312-2,measurement,1133519,57577,45.45791883783357,,78.70619946091644,74.97535780467611,72.78252705440529,,,41.76260964912281,,89.26982465323213,
2000000186,Backup apnea frequency,Measurement,ICUdata,Observable Entity,2000000186,measurement,1133165,28548,22.539081004263384,"sl/min, , /min, bpm",,15.447699404644561,0.06918021445866482,,,51.29294590643275,52.28801745560337,,15.100603621730382
21490790,Sevoflurane liquid delivered.total [Volume] in Reporting period from Gas delivery system,Measurement,LOINC,Clinical Observation,76019-9,measurement,1131603,8263,6.523764408653087,mL,9.582674969792732,,,,,,,,
2000000200,expiratory trigger sensitivity,Measurement,ICUdata,Observable Entity,2000000200,measurement,1122049,21891,17.2832780672667,%,,28.63225959074242,,14.910714285714286,,62.54111842105263,,,
3009542,Hematocrit [Volume Fraction] of Blood by calculation,Measurement,LOINC,Lab Test,20570-8,measurement,1105000,71993,56.839570503710725,"L/L, l, l/l, Geen, %",98.19685844409332,8.264006623822103,2.2236497504570836,0.15625,1.2915129151291513,69.55409356725146,,40.04187385501178,95.7645875251509
3012501,Base excess in Blood by calculation,Measurement,LOINC,Lab Test,11555-0,measurement,1096839,45769,36.135322911732196,"mmol/L, mmol/l",,3.576075385403935,,,,96.71052631578948,,0.02617115938236064,95.31187122736418
3019550,Sodium [Moles/volume] in Serum or Plasma,Measurement,LOINC,Lab Test,2951-2,measurement,1089956,39385,31.09505763461235,", mmol/l, mmol/L",93.47523003996653,3.9269802468162283,,38.794642857142854,88.68388683886839,,,67.78330280031405,98.67203219315896
3027162,Color of Urine,Measurement,LOINC,Lab Test,5778-6,measurement,1084263,25535,20.16027159324175,,91.60702667534157,,,,,,83.46566458573247,,
3007882,Calorie intake total,Measurement,LOINC,Clinical Observation,9052-2,measurement,1079360,33674,26.58613611242697,"kcal, , Kcal",63.73268891160888,,,,,85.64967105263158,16.413115946420994,,
2000000221,Pressure.max Respiratory system airway --setting,Measurement,ICUdata,Observable Entity,2000000221,measurement,1065856,16112,12.720669508921523,"mbar, cmH2O, ",,2.286795726057643,0.08894599001828334,,,13.788377192982455,,,3.41046277665996
21490870,Bladder temperature via Foley,Measurement,LOINC,Clinical Observation,76278-1,measurement,1048783,5425,4.283120164219169,", °C",11.971372804163956,7.660765682293104,,,,,,,1.1167002012072436
3017594,Tidal volume.spontaneous --on ventilator,Measurement,LOINC,Clinical Observation,20116-0,measurement,1039532,17757,14.019422074846045,"mL, ml, L/min",74.53294915884376,34.629184244765995,,,,,,,
21490598,Oxygen consumption (VO2),Measurement,LOINC,Clinical Observation,60842-2,measurement,1034995,6537,5.161061108479394,,,12.313212159444861,,,,,,,
3013826,Glucose [Moles/volume] in Serum or Plasma,Measurement,LOINC,Lab Test,14749-6,measurement,1030974,24295,19.18127269856308,"mmol/l, mmol/L",1.4592434241100474,,,,,93.90990497076024,,,
3010813,Leukocytes [#/volume] in Blood,Measurement,LOINC,Lab Test,26464-8,measurement,1026923,121253,95.73109111005843,"x10^9, /nL, x10e9/L, x10^9/l, 10E9/L, x10^9/L, 10*9/L, /µL, 10^9/l, 10^9/L, 10**09/l",58.67645691978809,95.43823680164019,94.86089835449918,32.120535714285715,87.51537515375153,82.97240497076024,93.72083156554943,64.3548809212248,97.69617706237425
3019977,pH of Arterial blood,Measurement,LOINC,Lab Test,2744-1,measurement,1017833,30093,23.758882046423494,", [pH], ., Geen",97.0815131517799,58.73516539841501,,,,,,92.7505888510861,
42527131,Pressure.occlusion 100ms Respiratory system airway,Measurement,LOINC,Clinical Observation,76240-1,measurement,1007682,20293,16.021632717511448,", cmH2O, mbar, cm H2O",,15.13227930449868,,1.25,3.3825338253382533,20.211988304093566,56.70646705860961,28.788275320596703,
4353950,Train of four count,Measurement,SNOMED,Observable Entity,250832007,measurement,995569,14289,11.281383230696353,", %",1.9704433497536946,9.36797697433269,,,,,1.2424995454269956,,
3000461,Pressure support setting Ventilator,Measurement,LOINC,Clinical Observation,20079-0,measurement,977902,14043,11.087162482235907,"cmH2O, cm H2O, +PEEP",0.037178176410447066,47.9714544809368,0.10871176557790187,,,,,,0.1056338028169014
3038553,Body mass index (BMI) [Ratio],Measurement,LOINC,Clinical Observation,39156-5,measurement,963305,71853,56.72903837044055,"kg/m2, kg/m², kg*m^2, ",87.86132540198903,54.14974569254426,,25.3125,,99.21875,32.52318322322565,,
3036518,Left ventricular Stroke volume,Measurement,LOINC,Clinical Observation,20562-5,measurement,946910,10255,8.096478762040107,"ml, ml/slag",38.144808997118695,8.650396246500808,,0.4017857142857143,0.18450184501845018,6.396198830409356,6.309473301412207,,0.22132796780684105
21490516,Inspiration [Time] Respiratory system,Measurement,LOINC,Clinical Observation,60740-8,measurement,942427,13713,10.826622453813359,sec,,2.1290856759847023,,,,,55.99127219831505,,
3005606,Pulmonary artery Systolic blood pressure,Measurement,LOINC,Clinical Observation,8440-0,measurement,927008,17414,13.748618348334123,"mmHg, , mm Hg",28.24611952783716,,21.831299105598656,,,5.2037646198830405,0.006060973392326808,8.19157288667888,37.06740442655936
3026258,Q-T interval corrected,Measurement,LOINC,Clinical Observation,8636-3,measurement,920097,15592,12.310121585346597,"ms, msec",0.09294544102611767,,,3.0580357142857144,,63.811220760233915,1.0364264500878841,,
21494994,Pain scale [Type],Measurement,LOINC,Clinical Observation,80316-3,measurement,912930,22061,17.417495657666194,,5.67896644669579,,,,,,41.31765561549185,,
3047181,Lactate [Moles/volume] in Blood,Measurement,LOINC,Lab Test,32693-4,measurement,901669,68432,54.02810674246013,"mmol/L, mmol/l",93.2800446138117,5.582935772582108,59.653110638928695,35.17857142857143,5.535055350553505,90.94024122807018,,50.98141847683853,60.40744466800805
3020564,Creatinine [Moles/volume] in Serum or Plasma,Measurement,LOINC,Lab Test,14682-9,measurement,900178,105224,83.07595136586136,"µmol/L, umol/L, µmol/l, (umol/l), , µmol",97.59271307742355,95.48160706541024,94.59406038444433,33.058035714285715,88.00738007380073,95.38559941520468,,94.2161737764983,97.68108651911469
2000000021,Blood flow CVVH,Measurement,ICUdata,Observable Entity,2000000021,measurement,886607,6071,4.793147007737249,"ml/min, ml, mL/min",,5.9417261364980485,8.499283490635964,1.3839285714285714,1.968019680196802,6.3048245614035086,,3.9780162261188172,5.357142857142857
3007903,Breaths maximum setting Ventilator,Measurement,LOINC,Clinical Observation,19828-3,measurement,876071,16462,12.996999842096953,/min,,,,,,74.47459795321637,,,
3004249,Systolic blood pressure,Measurement,LOINC,Clinical Observation,8480-6,measurement,869016,10652,8.40991631138481,"mmHg, ",31.127428199646808,,,,,,,,
3012888,Diastolic blood pressure,Measurement,LOINC,Clinical Observation,8462-4,measurement,867617,10652,8.40991631138481,", mmHg",30.681290082721443,,,0.044642857142857144,0.06150061500615006,,,,
3026556,Fluid output chest tube,Measurement,LOINC,Clinical Observation,9129-8,measurement,837762,30183,23.829938417811462,"ml, mL",56.52941723208477,,0.8944013440727381,,,57.291666666666664,,46.741690656896104,46.58450704225352
3025809,Q-T interval,Measurement,LOINC,Clinical Observation,8634-8,measurement,832138,15010,11.850623717037738,"msec, ms, sec",0.20447997025745887,,,,,62.88377192982456,,,
21492240,Diastolic blood pressure by Noninvasive,Measurement,LOINC,Clinical Observation,76535-4,measurement,825983,43442,34.298120953734404,", mmHg, mm Hg",2.063388790779812,,62.1139496961012,,,49.072551169590646,,42.34493588065951,46.29778672032193
21490880,Left ventricular Stroke volume index,Measurement,LOINC,Clinical Observation,76297-1,measurement,820463,7460,5.889783672824885,"mL/slag/m2, ml/m2, ml/beat/m2, ml/beat/m^2, ",37.96821265916907,1.9634901234081141,,0.15625,1.845018450184502,6.026133040935672,3.309291472210437,,
36303360,Inspiratory gas flow Respiratory system airway,Measurement,LOINC,Clinical Observation,76264-1,measurement,809159,17282,13.644402336965104,"l/min, L/min",,5.61842053384852,0.6374462617976973,,,63.12591374269006,,,
3006552,Fluid intake oral Estimated,Measurement,LOINC,Clinical Observation,8999-5,measurement,803626,37116,29.303647560397916,", ml(MILLILITER), mL, ml",,0.0039427512518235225,69.34328210703167,72.52232142857143,86.77736777367774,15.885416666666666,45.96642220740651,77.93771264066999,
36305377,Minimum inspiratory pressure Respiratory system airway,Measurement,LOINC,Clinical Observation,76251-8,measurement,798899,15376,12.139586294015475,mbar,,,,,,69.50840643274854,,,
3007461,Platelets [#/volume] in Blood,Measurement,LOINC,Lab Test,26515-7,measurement,781732,91278,72.06537186167694,"x10e9/L, 10E9/L, x10^9/L, 10^9/l, 10^9/L",,95.41063754287742,95.20679942679251,0.3794642857142857,1.4760147601476015,95.63230994152046,,93.06464276367443,97.85714285714286
3011164,Constant gas flow setting Ventilator,Measurement,LOINC,Clinical Observation,19932-3,measurement,776354,8267,6.526922469603663,L/min,8.30932242773492,,,,,,,,
2000000076,Cumulative fluid balance,Measurement,ICUdata,Observable Entity,2000000076,measurement,758264,6076,4.79709458392547,ml,,,,,,27.156432748538013,,,
21490613,Isoflurane [VFr/PPres] Gas delivery system,Measurement,LOINC,Clinical Observation,60858-8,measurement,748418,2970,2.3448602558029368,%,,,,,,,1.9940602460755197,,
2000000210,Inspiratory Pressure Above PEEP Measured,Measurement,ICUdata,Observable Entity,2000000210,measurement,747046,10480,8.274119690510027,cmH2O,,,51.094529821613875,,,,,,
2000000059,Transmembrane pressure CVVH,Measurement,ICUdata,Observable Entity,2000000059,measurement,746045,4898,3.867045633980736,"mmHg, mm Hg",,2.6692425974845246,7.456638829866087,,,6.286549707602339,,5.208060717089767,4.969818913480886
1989498,Filter pressure Renal replacement therapy circuit,Measurement,LOINC,Clinical Observation,99719-7,measurement,738798,2226,1.7574609189957366,mmHg,,,7.466521717645896,1.40625,2.3985239852398523,,1.9758773258985394,,
2000000253,vtco2,Measurement,ICUdata,Observable Entity,2000000253,measurement,728718,9029,7.128533080688458,"mL, ml",1.5428943210335533,23.36080116705437,,,,12.490862573099415,,,0.015090543259557344
3044242,Glucose [Moles/volume] in Arterial blood,Measurement,LOINC,Lab Test,39481-7,measurement,697017,26774,21.13848097268277,mmol/L,,92.18152426763396,,34.53125,,,,1.0468463752944255,
3037253,Fluid intake intravascular Measured,Measurement,LOINC,Clinical Observation,8975-5,measurement,693830,21490,16.96668245697142,", ml",94.26526628868854,,,,,,,,55.37726358148893
722060,Critical Care Pain Observation Tool (CPOT): Vocalization score,Measurement,OMOP Extension,Staging / Scales,OMOP5214836,measurement,680581,31648,24.98657824096005,,,61.834167882348304,29.861145426693678,,,44.38048245614035,,,
3043409,Potassium [Moles/volume] in Arterial blood,Measurement,LOINC,Lab Test,32713-0,measurement,677305,23865,18.841781146376125,mmol/L,,92.22095178015219,,,,,,,
3006217,Methemoglobin/Hemoglobin.total in Arterial blood,Measurement,LOINC,Lab Test,2615-3,measurement,669701,31844,25.14132322753829,%,10.911794776466214,92.09478374009383,,,,,,,
3028653,Carboxyhemoglobin/Hemoglobin.total in Arterial blood,Measurement,LOINC,Lab Test,2030-5,measurement,667971,31830,25.130270014211273,%,10.865322055953156,92.03564247131648,,,,,,,
21490721,Hemoglobin [Moles/volume] in Arterial blood,Measurement,LOINC,Lab Test,75928-2,measurement,661291,25162,19.865782409600506,mmol/L,,92.11055474510113,,,,,,0.9945040565297043,
2000000048,Pre filter pressure CVVH,Measurement,ICUdata,Observable Entity,2000000048,measurement,658279,4756,3.7549344702352756,"mmHg, cmH2O",,2.64164333872176,7.461580273755992,,,6.295687134502924,,,5.221327967806841
2000000195,driving pressure,Measurement,ICUdata,Observable Entity,2000000195,measurement,632067,12694,10.022106426654034,"cmH2O, cm H2O",,42.88924811733628,,,,4.89766081871345,,14.263281863386547,
2000000041,Filter pressure CVVH,Measurement,ICUdata,Observable Entity,2000000041,measurement,623196,4760,3.7580925311858517,"mm Hg, mmHg",,2.6377005874699364,8.479517715076346,,,7.245979532163743,,3.9780162261188172,2.3843058350100605
3008984,Volume of Body fluid,Measurement,LOINC,Lab Test,12254-9,measurement,621987,12270,9.687351965892942,ml,,,,,,,61.852233468695076,,
3017878,Tidal volume.spontaneous+mechanical/Body weight [Volume/mass] --on ventilator,Measurement,LOINC,Clinical Observation,20117-8,measurement,619128,11101,8.764408653087004,"ml /kg, ",,,,,,8.36531432748538,49.31207951997091,,
3036453,Pain severity [Score] Visual analog score,Measurement,LOINC,Clinical Observation,38214-3,measurement,612835,15490,12.229591031106901,,,,,,,,64.16146433117159,,
3043706,Sodium [Moles/volume] in Arterial blood,Measurement,LOINC,Lab Test,32717-1,measurement,608271,25149,19.85551871151113,mmol/L,,92.07506998383472,,,,,,1.020675215912065,
2000000475,Chest tube suction,Measurement,ICUdata,Observable Entity,2000000475,measurement,597109,33123,26.15111321648508,", cmH2O",20.392229761130217,34.67255450853606,2.218708306567179,0.35714285714285715,2.337023370233702,57.26882309941521,33.183829322989276,46.76786181627846,
1616732,Quick SOFA score SOFA.quick,Measurement,LOINC,Clinical Observation,96791-9,measurement,574090,5569,4.396810358439918,,,,,,,,23.534759682404996,,
21490725,Inspiratory time percent,Measurement,LOINC,Clinical Observation,75932-4,measurement,571565,18984,14.98815727143534,%,51.06422529974905,,,,,,52.245590641857085,,
2000000063,Ultrafiltration set CVVH,Measurement,ICUdata,Observable Entity,2000000063,measurement,568258,3856,3.0443707563555975,"mL/uur, ml/uur, ml",,5.724874817647755,7.619706478232939,,,,,3.9780162261188172,2.8822937625754528
3020779,Urea [Moles/volume] in Serum or Plasma,Measurement,LOINC,Lab Test,22664-7,measurement,567291,86649,68.41070582662245,"mmol/l, mmol/L",97.42541128357654,56.744076016244136,71.087611800168,32.96875,87.69987699877,63.35434941520468,,64.59042135566605,70.91046277665995
1988717,Continuous renal replacement therapy mode Renal replacement therapy circuit,Measurement,LOINC,Clinical Observation,99708-0,measurement,566716,13590,10.729512079583136,", mL/uur",3.754995817455154,6.659306864329929,44.13697682462816,,,7.721125730994152,1.9698163525062125,3.9780162261188172,
1989079,Access pressure Renal replacement therapy circuit,Measurement,LOINC,Clinical Observation,99717-1,measurement,566611,1081,0.8534659718932576,mmHg,,,,1.40625,2.3985239852398523,,1.981938299290866,,2.3943661971830985
1989404,Body temperature - Foot surface,Measurement,LOINC,Clinical Observation,98663-8,measurement,564919,16323,12.887257224064424,,,,,,,,92.30862476513728,,
1988377,Body temperature - Hand surface,Measurement,LOINC,Clinical Observation,98657-0,measurement,563079,16331,12.893573345965578,,,,,,,,92.36923449906055,,
2000000057,Substitution flow CVVH,Measurement,ICUdata,Observable Entity,2000000057,measurement,558214,3002,2.3701247434075476,"ml, ml/uur, mL/uur, ml/u",1.0223998512872943,,8.494342046746059,1.2053571428571428,1.7220172201722017,,,0.05234231876472128,4.808853118712274
3005424,Body surface area,Measurement,LOINC,Clinical Observation,8277-6,measurement,551889,70688,55.80925311858519,"m^2, sq meters, m2",87.00622734454875,54.14974569254426,,,,99.21875,30.959452088005335,,
21490578,Apnea duration,Measurement,LOINC,Clinical Observation,60821-6,measurement,549244,11525,9.099163113848098,s,,,,,,51.9828216374269,,,
3018405,Lactate [Moles/volume] in Arterial blood,Measurement,LOINC,Lab Test,2518-9,measurement,540084,24074,19.00678983104374,mmol/L,4.507853889766707,89.8237590190435,,,,,,0.18319811567652447,
21490622,Physiological dead space [Volume] Respiratory system --on ventilator,Measurement,LOINC,Clinical Observation,60869-5,measurement,537736,10498,8.28833096478762,ml,,,,,,47.363852339181285,,,
3031248,Chloride [Moles/volume] in Arterial blood,Measurement,LOINC,Lab Test,41650-3,measurement,529169,23740,18.743091741670614,mmol/L,,91.76359263494066,,,,,,,
3002529,ABO group [Type] in Blood,Measurement,LOINC,Lab Test,883-9,measurement,521645,52712,41.61692720669509,,72.99934938191282,29.121160745968538,22.948065424717104,,,80.90734649122807,,,
2000000948,Nurse workload,Measurement,ICUdata,Observable Entity,2000000948,measurement,515758,21804,17.21459024159166,punt(en),,,,,,98.67050438596492,,,
21490784,Physiological dead space/Tidal volume Respiratory system,Measurement,LOINC,Clinical Observation,76002-5,measurement,496369,9726,7.678825201326386,%,,,,,,43.86421783625731,,,
3034976,Hematocrit [Volume Fraction] of Venous blood by calculation,Measurement,LOINC,Lab Test,41654-5,measurement,496001,22628,17.86515079741039,"L/L, Geen",,16.413673461341325,,,,,,,75.7394366197183
21490551,Gas delivery system inspiratory Sevoflurane setting [VFr/PPres],Measurement,LOINC,Clinical Observation,60779-6,measurement,495769,6447,5.090004737091426,%,5.130588344641695,,,,,,,,
1989190,Transmembrane pressure Renal replacement therapy circuit,Measurement,LOINC,Clinical Observation,99720-5,measurement,493366,591,0.46660350544765516,mmHg,,,,1.40625,2.3985239852398523,,1.9698163525062125,,
1988071,Return pressure Renal replacement therapy circuit,Measurement,LOINC,Clinical Observation,99721-3,measurement,493366,593,0.4681825359229433,mmHg,,,,1.40625,2.3985239852398523,,1.981938299290866,,
1988101,Effluent pressure Renal replacement therapy circuit,Measurement,LOINC,Clinical Observation,99718-9,measurement,493285,591,0.46660350544765516,mmHg,,,,1.40625,2.337023370233702,,1.9758773258985394,,
3036277,Body height,Measurement,LOINC,Clinical Observation,8302-2,measurement,491096,102917,81.25453971261645,"m, , cm",87.2850636676271,89.3900563813429,96.20991253644316,12.633928571428571,46.74046740467405,99.21875,2.054669979998788,88.66788798743784,96.1317907444668
2000000064,Ultrafiltration total CVVH,Measurement,ICUdata,Observable Entity,2000000064,measurement,482388,3656,2.8864677088267805,"ml, l",,5.85498560895793,1.0871176557790185,,,6.272843567251462,,,2.8118712273641853
21490907,Ear temperature,Measurement,LOINC,Clinical Observation,76011-6,measurement,476111,44578,35.19501026369809,"C', , °C",,41.89961755312857,53.34782823541039,,,49.278143274853804,,,26.438631790744466
43533607,Anion gap in Blood by Calculated.4Ions,Measurement,LOINC,Lab Test,73582-9,measurement,469283,21967,17.343281225327647,"mmol/l, mmol/L",,2.7678113787801126,,32.857142857142854,,10.67251461988304,,,66.20221327967806
42527138,Airway pressure delta --on ventilator,Measurement,LOINC,Clinical Observation,76154-4,measurement,464675,9181,7.248539396810359,,,,,,,,49.40905509424814,,
2000000614,Renal replacement therapy - venous pressure,Measurement,ICUdata,Observable Entity,2000000614,measurement,456635,3322,2.6227696194536554,mmHg,,5.823443598943343,8.479517715076346,,,,,,
3018677,aPTT in Platelet poor plasma by Coagulation assay,Measurement,LOINC,Lab Test,14979-9,measurement,455601,51138,40.3742302226433,"s, sec",,36.7582699207507,85.10154667193754,25.691964285714285,,,,64.9568175870191,87.62072434607646
2000000117,Left ventricular Stroke volume Variation,Measurement,ICUdata,Observable Entity,2000000117,measurement,454423,4275,3.3751776409284697,"Geen, %, ",1.1246398364160237,,1.161239314127588,0.33482142857142855,1.7220172201722017,7.68000730994152,3.085035456694345,,0.43762575452716296
3034484,ST wave end displacement in lead V1,Measurement,LOINC,Clinical Observation,10112-1,measurement,454310,10994,8.679930522659088,", mm",54.73557022028069,,,,,19.407894736842106,,,
3024561,Albumin [Mass/volume] in Serum or Plasma,Measurement,LOINC,Lab Test,1751-7,measurement,452513,81630,64.44812884888678,"g/L, g/l, Geen",50.31136722743749,60.48180420297283,69.13574146365568,16.584821428571427,73.98523985239852,62.8609283625731,,71.49960743260927,80.26659959758551
3003310,Rh [Type] in Blood,Measurement,LOINC,Lab Test,10331-7,measurement,452337,27322,21.571135322911733,,72.99934938191282,,,,,80.93019005847954,,,
2000000419,ecmo arterial temperature,Measurement,ICUdata,Observable Entity,2000000419,measurement,451790,2461,1.942996999842097,", Geen",,0.7530654890982927,,,,,,2.1460350693535726,
2000000202,fio2 --nice,Measurement,ICUdata,Observable Entity,2000000202,measurement,448907,10460,8.258329385757145,,88.92090342968677,,,,,,,,
2000000187,Backup apnea interval,Measurement,ICUdata,Observable Entity,2000000187,measurement,447054,9912,7.825675035528186,"s, sec, seconden",,16.949887631589323,,,,11.508589181286549,,,14.894366197183098
2000000955,Blood sampling site,Measurement,ICUdata,Observable Entity,2000000955,measurement,445651,21234,16.764566556134533,,,,,,,95.39016812865498,,,
1988373,Pressure drop Renal replacement therapy circuit,Measurement,LOINC,Clinical Observation,99731-2,measurement,444938,103,0.08132006947734091,mmHg,,,,1.40625,2.337023370233702,,,,
2000000256,RRT - Set temperature,Measurement,ICUdata,Observable Entity,2000000256,measurement,441029,3395,2.6804042318016736,"°C, , C'",3.5319267589924714,,7.471463161535801,,,6.25,,,
3013502,Oxygen saturation in Blood,Measurement,LOINC,Clinical Observation,20564-1,measurement,440424,22409,17.692246960366337,", %",,,,,,96.74250730994152,,,
21490673,Aorta Mean blood pressure,Measurement,LOINC,Clinical Observation,60983-4,measurement,438026,3761,2.9693668087794096,"mmHg, mmHG",12.594107259038944,,,,,,3.30323049881811,,
3005162,Calcium [Moles/volume] in Blood,Measurement,LOINC,Lab Test,1996-8,measurement,437905,63727,50.313437549344705,"mmol/l, mmol/L",5.762617343619295,39.90064266845405,70.46498987004003,,,56.026133040935676,,10.939544621826746,86.33299798792757
3014019,Protein intake Measured,Measurement,LOINC,Clinical Observation,9080-3,measurement,435709,7461,5.89057318806253,gram,63.714099823403664,,,,,,,,
2000000922,Fluid output faeces,Measurement,ICUdata,Observable Entity,2000000922,measurement,432268,31287,24.701563240170536,", ml",26.898410632958452,25.18235224539684,,,,27.234100877192983,,,
2000000940,Automatic tube compensation level,Measurement,ICUdata,Observable Entity,2000000940,measurement,432109,8682,6.854571293225959,%,,,,,,39.396016081871345,,,
3034426,Prothrombin time (PT),Measurement,LOINC,Lab Test,5902-2,measurement,431522,71673,56.58692562766461,"sec, sec., s, ratio",48.06208755460545,69.17162796199187,86.13924988881752,11.339285714285714,74.60024600246003,95.14345760233918,,77.88537032190526,3.4356136820925554
46236952,"Glomerular filtration rate [Volume Rate/Area] in Serum, Plasma or Blood by Creatinine-based formula (MDRD)/1.73 sq M",Measurement,LOINC,Lab Test,77147-7,measurement,431291,53431,42.18458866256119,"mL/min/m², ml/min/m, , mL/min/1.73_m2, ml/min, ml/min/1.73m2, mL/min/1.73m2",97.56482944511572,17.454559791822735,,,,88.07108918128655,,94.03297566082178,63.35010060362173
2000000631,work of breathing,Measurement,ICUdata,Observable Entity,2000000631,measurement,430902,8718,6.882993841781146,", J/insp",,7.384773094665458,,,,30.368238304093566,0.10303654766955574,,
2000000109,Global end diastolic volume index - PICCO,Measurement,ICUdata,Observable Entity,2000000109,measurement,406264,5896,4.654981841149534,"mL/m2, ml/m2, ",37.42912910121758,3.2330560264952886,0.9339328951919751,0.3125,2.5830258302583027,,3.2304988181101884,,0.3822937625754527
4105091,Ramsay sedation scale,Measurement,SNOMED,Staging / Scales,281400004,measurement,405666,24402,19.265750828991,,,,51.811039185650046,9.955357142857142,1.7220172201722017,2.905701754385965,0.3818413237165889,,50.28169014084507
3024928,Oxygen saturation in Venous blood,Measurement,LOINC,Clinical Observation,2711-0,measurement,404936,25743,20.32449076267172,", mol/mol, %",69.61613532856214,16.740921815242675,,35.223214285714285,,15.629568713450292,,54.8547500654279,
3015273,Consistency of Stool,Measurement,LOINC,Lab Test,11029-6,measurement,397213,29707,23.45412916469288,,,32.164964712376296,,,,28.632127192982455,32.29286623431723,,
3018465,Oxygen saturation in Mixed venous blood,Measurement,LOINC,Clinical Observation,19224-5,measurement,393840,5558,4.388125690825833,"mol/mol, %, ",27.325959661678596,5.551393762567519,,,,2.3483187134502925,0.315170616400994,8.296257524208322,
2000000233,Tracheobronchial toilet quantity,Measurement,ICUdata,Observable Entity,2000000233,measurement,389316,12157,9.59813674403916,,,,,17.34375,11.685116851168512,,10.703679010849143,35.069353572363255,37.99798792756539
2000000460,Blood gas sampling site,Measurement,ICUdata,Observable Entity,2000000460,measurement,383194,10528,8.312016421916942,", .",8.47662422158193,36.90020896581635,,,,,,,
3007220,Creatine kinase [Enzymatic activity/volume] in Serum or Plasma,Measurement,LOINC,Lab Test,2157-6,measurement,382199,68498,54.08021474814464,"U/l, IU/l, U/L, iu/l, E/l, IE/l",94.3953899061251,,67.18387112714335,30.267857142857142,83.21033210332104,95.60489766081871,,26.66841141062549,83.68712273641852
3035012,ST wave end displacement in lead V2,Measurement,LOINC,Clinical Observation,10113-9,measurement,375216,9322,7.3598610453181745,", mm",54.670508411562416,,,,,11.919773391812866,,,
2000000046,Postdilution flow CVVH,Measurement,ICUdata,Observable Entity,2000000046,measurement,375186,2484,1.961155850307911,"ml/uur, ml/u, ml",,3.6588731616922288,,0.5133928571428571,1.5990159901599017,6.281980994152047,,,0.5633802816901409
3010494,Fluid intake enteral tube Measured,Measurement,LOINC,Clinical Observation,8953-2,measurement,358996,3072,2.425390810042634,,26.284970722186078,,,,,,,,
3033956,Volume of Sputum,Measurement,LOINC,Lab Test,38200-2,measurement,357018,20081,15.854255487130901,,22.344084022678686,,,,,71.64656432748538,,,
3014218,Bicarbonate [Moles/volume] standard in Arterial blood,Measurement,LOINC,Lab Test,19230-2,measurement,356971,16817,13.277277751460604,mmol/L,,58.6484248708749,,35.267857142857146,,,,,
3007930,Methemoglobin/Hemoglobin.total in Blood,Measurement,LOINC,Lab Test,2614-6,measurement,355940,17018,13.435970314227065,"%, Geen",0.4461381169253648,3.781098450498758,,34.97767857142857,19.00369003690037,2.595029239766082,,0.7327924627060979,48.92857142857143
2000000949,Transfusion threshold,Measurement,ICUdata,Observable Entity,2000000949,measurement,355523,21898,17.28880467393021,,,,,,,98.93092105263158,,,
3016369,Premature ventricular contractions,Measurement,LOINC,Clinical Observation,8616-5,measurement,352525,19690,15.545555029212064,,,33.68686669558018,,,,,,,36.87122736418511
36305890,Inflation trigger pressure setting Ventilator,Measurement,LOINC,Clinical Observation,76224-5,measurement,342623,7544,5.956102952786988,"cmH2O, cm H2O",,19.64278673658479,,,,,1.7394993635977938,,10.352112676056338
3026600,Body weight Estimated,Measurement,LOINC,Clinical Observation,8335-2,measurement,341743,21908,17.296699826306646,kg,,,,,,99.23245614035088,,,0.09557344064386318
3008204,Clarity of Urine,Measurement,LOINC,Lab Test,32167-9,measurement,335026,10275,8.112269066792988,,88.25169625429872,,,,,,,,
2000000009,Delirium observation screening total,Measurement,ICUdata,Observable Entity,2000000009,measurement,332398,33375,26.350071056371387,"Geen, ",8.10484245747746,14.15841974529827,,0.24553571428571427,7.626076260762607,,1.0606703436571914,,7.414486921529175
3026361,Erythrocytes [#/volume] in Blood,Measurement,LOINC,Lab Test,26453-1,measurement,332348,40423,31.91457445128691,"10^12/L, x10^12/L, 10E12/L, /nL, 10^12/l, /pL, mmol/l, x10e12/L",,2.9176359263494067,,0.26785714285714285,,49.28728070175438,,5.469772310913373,96.31790744466801
42869594,Oxyhemoglobin/Hemoglobin.total [Pure mass fraction] in Arterial blood,Measurement,LOINC,Lab Test,71839-5,measurement,320648,9057,7.1506395073424915,,,34.71198202105429,,,,,,,
3023230,Hematocrit [Volume Fraction] of Arterial blood by calculation,Measurement,LOINC,Lab Test,32354-3,measurement,320157,9053,7.147481446391915,L/L,,34.71198202105429,,,,,,,
36203862,Color of Sputum,Measurement,LOINC,Lab Test,86243-3,measurement,320097,18641,14.717353544923418,,20.206338879077983,,,,,66.74890350877193,,,
1616852,SOFA Total Score,Measurement,LOINC,Clinical Observation,96790-1,measurement,320097,52915,41.77719879993684,"punt(en), ",95.9661678594665,79.38729645546663,,,,96.13943713450293,,,
3016431,Calcium.ionized [Moles/volume] adjusted to pH 7.4 in Serum or Plasma,Measurement,LOINC,Lab Test,19072-8,measurement,319998,9062,7.154587083530712,mmol/L,,34.61341323975871,,,,,,,
3011550,Carboxyhemoglobin [Mass/volume] in Blood,Measurement,LOINC,Lab Test,31157-1,measurement,318488,11831,9.340754776567188,Geen,,,,,,,,,48.66197183098591
43533606,Anion gap in Arterial blood by Calculated.4Ions,Measurement,LOINC,Lab Test,73581-1,measurement,311472,9049,7.144323385441339,mmol/L,,34.66466900603241,,,,,,,
3022217,INR in Platelet poor plasma by Coagulation assay,Measurement,LOINC,Lab Test,6301-6,measurement,307132,40155,31.702984367598294,"INR, Geen, , I.N.R.",,43.90647794030674,,7.96875,,,,7.537293902119864,87.62072434607646
3006923,Alanine aminotransferase [Enzymatic activity/volume] in Serum or Plasma,Measurement,LOINC,Lab Test,1742-6,measurement,305757,69271,54.69051002684352,"U/L 37°C, U/l, E/l, IE/l, IU/l, U/L",,41.48168592043528,42.476651677620204,,,62.82437865497076,,19.57602721800576,56.212273641851105
3027172,Left ventricular Ejection fraction,Measurement,LOINC,Clinical Observation,10230-1,measurement,301257,12877,10.166587715142903,", %",24.528301886792452,,,3.7276785714285716,1.6605166051660516,17.045869883040936,,,
3007646,Breath rate spontaneous and mechanical --on ventilator,Measurement,LOINC,Clinical Observation,19840-8,measurement,295811,6536,5.16027159324175,/min,56.222697276698575,,,,,1.896016081871345,,,
21490741,Airway resistance --during expiration,Measurement,LOINC,Clinical Observation,75947-2,measurement,295596,9444,7.456181904310753,"cmH20/l/s, cmH2O, cmH2O/L/sec",,,,,,25.64875730994152,17.285896114916056,,0.5633802816901409
2000000621,Replacement fluid CVVH - order,Measurement,ICUdata,Observable Entity,2000000621,measurement,290762,3100,2.4474972366966683,,1.7287852030857886,4.719473248432756,,,,7.675438596491228,,,
3007055,Right eye Position,Measurement,LOINC,Clinical Observation,29073-4,measurement,289981,13776,10.876361913784937,,,,,,,,75.90156979210862,,
2000000051,Predilution volume CVVH,Measurement,ICUdata,Observable Entity,2000000051,measurement,289444,2166,1.7100900047370915,", l, ml",,2.6652998462327013,,,,6.240862573099415,,,0.5583501006036218
3028878,Tube cuff pressure Intubation tube,Measurement,LOINC,Clinical Observation,33445-8,measurement,285050,25968,20.50213169114164,"cm H2O, cmH2O",,15.806489768560501,0.40025695508227505,57.589285714285715,37.57687576875769,29.655519005847953,48.6999212073459,,
3003458,Phosphate [Moles/volume] in Serum or Plasma,Measurement,LOINC,Lab Test,14879-1,measurement,283381,41416,32.69856308226749,"mmol/L, mmol/l",0.12082907333395297,,94.30745663882986,10.580357142857142,84.44034440344403,,,25.621565035331066,88.83299798792757
2000000094,Gastric retention,Measurement,ICUdata,Observable Entity,2000000094,measurement,282519,16704,13.188062529606821,ml,,,,,,72.24963450292398,,,
2000000061,Ultrafiltration 1hour CVVH,Measurement,ICUdata,Observable Entity,2000000061,measurement,282185,3256,2.5706616137691456,"mL, ml, ml/uur",,1.931948113393526,,,,7.634320175438597,,3.9518450667364564,4.527162977867203
2000000231,Tracheobronchial toilet frequency,Measurement,ICUdata,Observable Entity,2000000231,measurement,280968,7747,6.116374546028738,,,,,,,,,,38.199195171026155
3007913,Alveolar-arterial oxygen Partial pressure difference,Measurement,LOINC,Clinical Observation,19991-9,measurement,280947,10158,8.01989578398863,kPa,94.25597174458593,,,,,,,,
3012095,Magnesium [Moles/volume] in Serum or Plasma,Measurement,LOINC,Lab Test,2601-3,measurement,280005,46211,36.484288646770885,"mmol/L, mmol/l, g/L",93.9213681568919,41.73796475180381,,4.464285714285714,84.93234932349324,,,67.86181627846113,91.70020120724347
21490776,Pulmonary artery wedge pressure,Measurement,LOINC,Clinical Observation,75994-4,measurement,279131,13847,10.932417495657667,"mm Hg, mmHg",,5.5671647675748135,15.491426594851015,0.08928571428571429,,2.403143274853801,2.8850233347475607,4.736979848207276,34.33601609657948
3013466,aPTT in Blood by Coagulation assay,Measurement,LOINC,Lab Test,3173-2,measurement,278091,40116,31.672193273330176,"sec, s, sec.",4.907519286179013,58.66813862713401,,,,93.90076754385964,,,
2000000058,Substitution volume CVVH,Measurement,ICUdata,Observable Entity,2000000058,measurement,277253,2313,1.826148744670772,"ml, l",,1.7308677995505264,,,,6.240862573099415,,,2.515090543259557
37020574,Lean body weight,Measurement,LOINC,Clinical Observation,91557-9,measurement,276392,27560,21.759039949471024,"Kg, kg",87.00622734454875,,,,,62.41776315789474,,,
3006376,Fluid output wound drain,Measurement,LOINC,Clinical Observation,9203-1,measurement,276240,14278,11.272698563082267,"mL, ml",44.623106236639096,,0.2816623017245639,65.13392857142857,10.270602706027061,1.5305190058479532,,21.565035331065165,23.81790744466801
2000000050,Predilution flow CVVH,Measurement,ICUdata,Observable Entity,2000000050,measurement,274707,2561,2.021948523606506,"ml/u, ml/uur",,4.025549028111817,,0.9151785714285714,0.6765067650676507,6.263706140350878,,,0.5482897384305835
3030316,Appearance of Sputum,Measurement,LOINC,Lab Test,33455-7,measurement,274702,17933,14.158376756671403,,,10.428577061073216,,,,66.9499269005848,,,
2000000619,Renal replacement therapy - arterial pressure,Measurement,ICUdata,Observable Entity,2000000619,measurement,272991,1841,1.4534975525027634,mmHg,,,8.48445915896625,,,,,,
3046592,Airway suction location,Measurement,LOINC,Clinical Observation,33440-9,measurement,272430,6426,5.0734249171009,,,,,,,,33.498999939390266,,
3020460,C reactive protein [Mass/volume] in Serum or Plasma,Measurement,LOINC,Lab Test,1988-5,measurement,268904,49036,38.71466919311543,"mg/L, mg/l, ",56.00892276233851,,64.82680239165884,27.209821428571427,87.82287822878229,,,80.97356712902382,52.86217303822938
2000000634,non-invasive ventilator - leakage fraction,Measurement,ICUdata,Observable Entity,2000000634,measurement,263035,5537,4.371545870835307,%,1.0409889394925178,,,,,13.628472222222221,9.958179283592946,,
2000000116,picco_pulse_pressure_variation,Measurement,ICUdata,Observable Entity,2000000116,measurement,252891,1856,1.4653402810674245,", Geen, %",,0.38244687142688166,0.00494144388990463,,,,0.7454997272561974,,0.43762575452716296
40764999,"Glomerular filtration rate [Volume Rate/Area] in Serum, Plasma or Blood by Creatinine-based formula (CKD-EPI)/1.73 sq M",Measurement,LOINC,Lab Test,62238-1,measurement,250494,24917,19.672351176377703,"mL/min/1.73m2, mL/min/1,73m², mL/min/m², (ml/min)",,86.17671411110673,,32.96875,,,,,
21490770,Left ventricular End diastolic volume,Measurement,LOINC,Clinical Observation,75988-6,measurement,249251,2412,1.9043107531975367,"ml, mL",0.678501719490659,,,,,,3.2547427116794956,,
3004501,Glucose [Mass/volume] in Serum or Plasma,Measurement,LOINC,Lab Test,2345-7,measurement,248636,10632,8.394126006631929,"mmol/l, mmol/L",93.53099730458221,,,,,,,,
3046004,Intubation tube depth Respiratory system,Measurement,LOINC,Clinical Observation,33444-1,measurement,245955,61556,48.59939996841939,"dag, uur, cm, , min, cm van tandenrij",2.0540942466772005,35.244253440050464,,58.504464285714285,47.9089790897909,69.79623538011695,2.357718649615128,71.83983250457996,8.254527162977867
3046838,Edema site,Measurement,LOINC,Clinical Observation,44972-8,measurement,241446,20205,15.952155376598768,,11.62747467236732,,,,,,86.67798048366568,,
3006306,Breath rate setting Ventilator synchronized intermittent mandatory,Measurement,LOINC,Clinical Observation,19835-8,measurement,241250,14722,11.623243328596242,"sl/min, /min",,,,,,63.32693713450293,0.2242560155160919,,
3035146,Systemic vascular Resistance,Measurement,LOINC,Clinical Observation,8831-0,measurement,241125,3129,2.470393178588347,"dyne*sec/cm5, dyn*s*cm^-5, dsc-5, (dyne*sec)/cm5, , dyne*s/cm5",,6.631707605567165,,0.4017857142857143,2.952029520295203,0.6990131578947368,6.248863567488939,,
21490854,Tidal volume Ventilator --on ventilator,Measurement,LOINC,Clinical Observation,76222-9,measurement,239682,23699,18.710721616927206,mL,,64.16827662342783,,,,,,,
3002692,Appearance of Stool,Measurement,LOINC,Lab Test,29636-8,measurement,238939,17673,13.953102794883941,,2.388697834371224,,37.27825270544053,20.825892857142858,62.30012300123001,27.69097222222222,,27.139492279507984,
2000000376,level - chest tube,Measurement,ICUdata,Observable Entity,2000000376,measurement,237136,10483,8.27648823622296,ml,,,,,,47.76589912280702,,,
3025084,Appearance of Gastric fluid,Measurement,LOINC,Lab Test,29606-1,measurement,235043,14912,11.773251223748618,,,,,,,64.38230994152046,,,
2000000311,decubitus score - other,Measurement,ICUdata,Observable Entity,2000000311,measurement,234742,20853,16.463761250592135,", Geen",92.6480156148341,,26.505905025448435,1.4285714285714286,3.4440344403444034,6.949013157894737,,75.73933525255168,
21490674,Aorta Systolic blood pressure,Measurement,LOINC,Clinical Observation,60984-2,measurement,234015,3030,2.3922311700615824,", mmHg",12.510456362115438,,,,,,0.503060791563125,,
21490672,Aorta Diastolic blood pressure,Measurement,LOINC,Clinical Observation,60982-6,measurement,234001,3030,2.3922311700615824,", mmHg",12.510456362115438,,,,,,0.503060791563125,,
4108453,Train of four ratio,Measurement,SNOMED,Observable Entity,250831000,measurement,232348,12632,9.973156481920102,"/4, %",0.7528580723115531,8.409888420139573,,,,,1.0182435299109036,,
2000000019,Access pressure CVVH,Measurement,ICUdata,Observable Entity,2000000019,measurement,230169,1890,1.4921837991473235,"mmHg, mm Hg",,,,,,7.785087719298246,,3.9780162261188172,
3013721,Aspartate aminotransferase [Enzymatic activity/volume] in Serum or Plasma,Measurement,LOINC,Lab Test,1920-8,measurement,222624,63178,49.8799936838781,"U/l, U/L 37°C, U/L, IU/l, E/l, IE/l, iu/l",93.69829909842922,13.941568426447976,41.760142313584026,,,33.58461257309941,,18.86940591468202,56.0261569416499
2000000623,RRT - arterial pressure,Measurement,ICUdata,Observable Entity,2000000623,measurement,221894,1828,1.4432338544133902,mmHg,3.5691049354029185,5.665733548870402,,,,,,,
3044331,Calcium.ionized [Moles/volume] in Arterial blood,Measurement,LOINC,Lab Test,34581-9,measurement,219965,16418,12.962261171640613,mmol/L,,58.49465757205378,,,,,,0.9945040565297043,
3008047,Systemic vascular Resistance index,Measurement,LOINC,Clinical Observation,8837-7,measurement,215441,3709,2.9283120164219167,"(dyne*sec)/cm5/m2, dynes /s/ cm5, (dyne*sec)/cm5, dsc-5/m2, dyn *s*m2/cm5, dynes.sec.cm-5/m2",8.88558416209685,6.860387178172929,0.02964866333942778,0.4017857142857143,3.259532595325953,,4.642705618522335,,
3025085,Axillary temperature,Measurement,LOINC,Clinical Observation,8328-7,measurement,210465,10085,7.962261171640613,", °C",,6.418799037968695,,,,,,,41.8158953722334
3019916,ST wave end displacement in lead V3,Measurement,LOINC,Clinical Observation,10114-7,measurement,208138,6698,5.288173061740092,,54.642624779254575,,,,,,,,
3035995,Alkaline phosphatase [Enzymatic activity/volume] in Serum or Plasma,Measurement,LOINC,Lab Test,6768-6,measurement,207828,61757,48.75809253118585,"IU/l, U/L, iu/l, E/l, IE/l, U/L 37°C, U/l",50.36713449205317,39.2895162244214,41.41918268518061,11.09375,74.96924969249693,33.66684941520468,,17.822559539387594,50.82494969818914
4193843,Oxygenation index measurement,Measurement,SNOMED,Procedure,313558004,measurement,207105,3586,2.831201642191694,mmHg,30.61622827400316,,,,,,,,
3013959,ST wave end displacement in lead V4,Measurement,LOINC,Clinical Observation,10115-4,measurement,207014,6697,5.287383546502448,,54.65191932335719,,,,,,,,
21490769,Venous blood temperature,Measurement,LOINC,Clinical Observation,75987-8,measurement,204764,1379,1.0887415127111952,°C,,,,,,6.268274853801169,,,
2000000617,Substitution volume CVVH - total,Measurement,ICUdata,Observable Entity,2000000617,measurement,203376,1589,1.2545397126164535,"l, ml",,,6.814251124178485,0.044642857142857144,0.43050430504305043,,,,0.5130784708249497
3005785,Creatine kinase.MB [Mass/volume] in Serum or Plasma,Measurement,LOINC,Lab Test,13969-1,measurement,201069,46862,36.998263066477186,"U/l, ug/L, µg/L, U/L, µg/l",62.217678222883166,31.74309032843118,68.7256016207936,25.736607142857142,,,,58.9112797696938,64.24044265593561
3005555,Left ventricular Cardiac output,Measurement,LOINC,Clinical Observation,8741-1,measurement,199306,11624,9.177325122374862,"l/min, L/min",10.707314806208755,8.019556046209045,,0.4017857142857143,0.5535055350553506,,6.848899933329292,,34.58249496981891
3007637,Fluid output chest tube 1 hour,Measurement,LOINC,Clinical Observation,9130-6,measurement,198869,9921,7.832780672666982,ml,,,46.3161535800761,,,,,,
21494997,Breath sounds by Auscultation,Measurement,LOINC,Clinical Observation,80319-7,measurement,197449,21812,17.220906363492816,,16.693001208290735,,,,,,87.89017516213104,,
21490653,Intracranial pressure (ICP),Measurement,LOINC,Clinical Observation,60956-0,measurement,193538,2640,2.0843202273803882,"mmHg, cmH2O",,2.732326617513701,3.4293620595938132,0.08928571428571429,,,1.6243408691435846,,3.9235412474849096
3014576,Chloride [Moles/volume] in Serum or Plasma,Measurement,LOINC,Lab Test,2075-0,measurement,191003,10109,7.98120953734407,mmol/l,92.75955014406543,,,,,,,,
2000000174,Tracheostomy cuff inflated,Measurement,ICUdata,Observable Entity,2000000174,measurement,189753,1884,1.487446707721459,,,,7.871720116618076,,,,,3.428421879089244,
2000000053,Return pressure CVVH,Measurement,ICUdata,Observable Entity,2000000053,measurement,187609,1542,1.2174324964471814,"mm Hg, mmHg",,,,,,6.295687134502924,,3.9780162261188172,
2000000215,Inspiratory rise time perc,Measurement,ICUdata,Observable Entity,2000000215,measurement,186644,10046,7.931470077372493,%,,,,,,,53.918419298139284,,
2000000611,Neurological function left arm,Measurement,ICUdata,Observable Entity,2000000611,measurement,182821,17435,13.765198168324648,,,,,20.758928571428573,23.247232472324722,25.730994152046783,44.40875204557852,46.11358283171945,
42528504,Current nebulization cycle time.elapsed Nebulizer,Measurement,LOINC,Clinical Observation,83375-6,measurement,182728,3311,2.6140849518395703,s,,,,,,14.601608187134502,,,
3023454,Fluid output gastric tube,Measurement,LOINC,Clinical Observation,9149-6,measurement,182348,18049,14.249960524238118,"mL, min, ml",49.67933822845989,,,17.1875,0.6765067650676507,2.828033625730994,,39.858675739335254,46.71529175050302
3026910,Gamma glutamyl transferase [Enzymatic activity/volume] in Serum or Plasma,Measurement,LOINC,Lab Test,2324-2,measurement,180784,52224,41.23164377072477,"E/l, U/L, IU/l, U/l, U/L 37°C",50.34854540384794,36.095887710444345,11.498739931808075,11.183035714285714,,33.46125730994152,,19.811567652447003,51.061368209255534
2000000615,dilution,Measurement,ICUdata,Observable Entity,2000000615,measurement,180477,1832,1.4463919153639666,,,,8.444927607847013,,,,,,
2000000047,Postdilution volume CVVH,Measurement,ICUdata,Observable Entity,2000000047,measurement,180396,1486,1.1732196431391126,l,,,,,,6.263706140350878,,,0.5432595573440644
21492832,Wound assessment [Interpretation],Measurement,LOINC,Clinical Observation,80338-7,measurement,179873,6881,5.432654350228959,,,,,,,14.857456140350877,13.87962906842839,,
2000000607,Neurological function right arm,Measurement,ICUdata,Observable Entity,2000000607,measurement,179506,17000,13.421759039949471,,,,,17.254464285714285,20.84870848708487,25.772112573099417,42.88744772410449,46.55849254121958,
2000000359,fluid intake - gastric juice,Measurement,ICUdata,Observable Entity,2000000359,measurement,174206,8788,6.938259908416232,ml,,,40.21347037604388,,,,,,
21490788,Temperature difference,Measurement,LOINC,Clinical Observation,76006-6,measurement,170569,4124,3.255960840044213,,36.165071103262385,,,,,,,,
2000000062,Ultrafiltration measured CVVH,Measurement,ICUdata,Observable Entity,2000000062,measurement,167050,1720,1.3579662087478288,"ml, l",,,6.888372782527054,,,,,,1.0462776659959758
2000000028,Citrate dosage CVVH,Measurement,ICUdata,Observable Entity,2000000028,measurement,166844,1573,1.241907468814148,"mmol/l, ml/uur, ",3.4389813179663538,,,0.5133928571428571,1.968019680196802,5.217470760233918,,,
2000000036,Dialysate flow CVVHD,Measurement,ICUdata,Observable Entity,2000000036,measurement,166028,1310,1.0342649613137533,", ml/uur, mL/h",3.4482758620689653,2.1921696960138783,,,,1.599049707602339,,,
3018557,Breath rate minimum setting Ventilator,Measurement,LOINC,Clinical Observation,19831-7,measurement,163914,3084,2.434864992894363,/min,,,,,,13.573647660818713,,,
3005859,Maximum positive end expiratory pressure setting Ventilator,Measurement,LOINC,Clinical Observation,20078-2,measurement,163877,3081,2.4324964471814305,cmH2O,,,,,,13.559941520467836,,,
2000000613,Neurological function left leg,Measurement,ICUdata,Observable Entity,2000000613,measurement,163350,16708,13.191220590557398,,,,,18.258928571428573,21.894218942189422,25.237573099415204,41.85102127401661,45.06673645642502,
2000000023,Calcium flow CVVH,Measurement,ICUdata,Observable Entity,2000000023,measurement,161721,1492,1.177956734564977,"ml/uur, ml",,,,,,6.697733918128655,,,
3016436,Lactate dehydrogenase [Enzymatic activity/volume] in Serum or Plasma,Measurement,LOINC,Lab Test,2532-0,measurement,161599,45152,35.648192010105795,"U/l, U/L 37°C, U/L, E/l, IE/l, iu/l",50.24630541871921,35.93029215786776,1.1908879774670158,,,,,18.398325045799528,52.831991951710265
2000000597,Neurological function right leg,Measurement,ICUdata,Observable Entity,2000000597,measurement,161365,16474,13.006474024948682,,,,,14.53125,19.55719557195572,25.21016081871345,41.638887205285165,45.2761057314839,
2000000946,Work of breathing by ventilator,Measurement,ICUdata,Observable Entity,2000000946,measurement,161020,2937,2.318806252960682,J/insp,,,,,,12.902046783625732,,,
2000000052,Pressure drop CVVH,Measurement,ICUdata,Observable Entity,2000000052,measurement,157259,1386,1.094268119374704,mmHg,,,,,,6.277412280701754,,,
3045676,Capillary refill [Time],Measurement,LOINC,Clinical Observation,44971-0,measurement,155684,17848,14.091267961471656,"sec, ",0.037178176410447066,1.1079131017624098,3.4293620595938132,1.3839285714285714,1.5990159901599017,,73.02260743075338,,
3037490,Color of Stool,Measurement,LOINC,Lab Test,9397-1,measurement,152966,9917,7.829622611716406,,27.288781485268146,,,19.464285714285715,54.6740467404674,,4.8609006606461,,
21490742,Airway resistance --during inspiration,Measurement,LOINC,Clinical Observation,75948-0,measurement,146851,3798,2.9985788725722404,"cmH2O/L/sec, cm H2O/L/sec, cmH20/l/s",,,,,,,7.139826656160979,54.671551949751375,0.1056338028169014
2000000002,Apache IV score,Measurement,ICUdata,Observable Entity,2000000002,measurement,146558,44959,35.495815569240484,,82.85156613068129,82.07625280921026,61.00212482087266,,,,,,
2000000901,NICE Origin,Measurement,ICUdata,Observable Entity,2000000901,measurement,144424,43145,34.063634928154116,,,82.07625280921026,61.00212482087266,,,,,,40.02012072434608
3013762,Body weight Measured,Measurement,LOINC,Clinical Observation,3141-9,measurement,141299,26200,20.685299226275067,kg,0.009294544102611766,,5.534417156693186,,,99.25529970760233,,,8.97887323943662
3037106,Fluid intake total Measured,Measurement,LOINC,Clinical Observation,9103-3,measurement,141258,4192,3.3096478762040107,,,,,,,,18.15261531001879,,
21490671,Aorta blood pressure,Measurement,LOINC,Clinical Observation,60981-8,measurement,139303,1092,0.8621506395073425,,3.550515847197695,0.5835271852698813,,,,,0.09697557427722893,,
2000000073,Restrictive policy order,Measurement,ICUdata,Observable Entity,2000000073,measurement,138359,39690,31.335859782093795,,,,44.99678806147156,,,89.62902046783626,,96.99031667102852,28.17907444668008
3018913,Phosphate [Moles/volume] in Blood,Measurement,LOINC,Lab Test,24519-1,measurement,138248,21289,16.807989894204958,mmol/L,,,,,,95.2576754385965,,,
21490850,Invasive Blood pressure,Measurement,LOINC,Clinical Observation,76212-0,measurement,133997,15013,11.852992262750671,"mmHg, ",8.932056882609908,10.35366478728857,,82.09821428571429,,,7.576216740408509,,
1989388,Pacemaker mode,Measurement,LOINC,Clinical Observation,99684-3,measurement,132230,20111,15.877940944260224,,43.11739009201599,14.075621969009974,13.633443692246875,,,25.15533625730994,15.031214012970484,,
2000000136,Calcium ratio,Measurement,ICUdata,Observable Entity,2000000136,measurement,130487,3785,2.9883151744828673,,,14.87600047313015,,,,,,,
3020059,Calcium [Moles/volume] corrected for albumin in Serum or Plasma,Measurement,LOINC,Lab Test,29265-6,measurement,129107,22200,17.52723827569872,"mmol/l, mmol/L, ",,34.763237787327995,,2.7901785714285716,,30.01644736842105,,,25.4476861167002
2000000039,Effluent pressure CVVH,Measurement,ICUdata,Observable Entity,2000000039,measurement,128356,985,0.7776725090794252,"mm Hg, mmHg",,3.284311792768994,,,,,,3.9780162261188172,
3011087,Output.stool [Volume],Measurement,LOINC,Clinical Observation,9217-1,measurement,127270,7520,5.937154587083531,ml,,,,,,,,,37.32394366197183
2000000474,Gastric tube route,Measurement,ICUdata,Observable Entity,2000000474,measurement,127214,26407,20.848728880467394,,,,,,,,49.13025031820111,,64.41649899396378
722043,Critical Care Pain Observation Tool (CPOT): Total score,Measurement,OMOP Extension,Staging / Scales,OMOP5214819,measurement,126840,17502,13.818095689246803,", x",,,,54.82142857142857,21.52521525215252,66.36513157894737,,,
3033836,Magnesium [Moles/volume] in Blood,Measurement,LOINC,Lab Test,2593-2,measurement,126635,21264,16.788252013263858,mmol/L,,,,,,95.27138157894737,,,
3018767,Fluid output cerebral ventricle drain,Measurement,LOINC,Clinical Observation,9122-3,measurement,125333,1582,1.2490131059529448,ml,,,4.373177842565598,,,,,,3.1388329979879277
3011557,Peak inspiratory gas flow setting Ventilator,Measurement,LOINC,Clinical Observation,19931-5,measurement,124676,2803,2.2130112111163744,"L/min, l/min",11.35793289339158,,,,,,,,3.3048289738430583
3006140,Bilirubin.total [Moles/volume] in Serum or Plasma,Measurement,LOINC,Lab Test,14631-6,measurement,124387,24714,19.512079583135954,"µmol/l, µmol/L",48.08067664281067,,,20.848214285714285,80.07380073800738,55.93019005847953,,63.726773096048156,
1091617,"C reactive protein [Mass/volume] in Serum, Plasma or Blood",Measurement,LOINC,Lab Test,105126-7,measurement,123629,19463,15.366335070266857,mg/l,,,,,,62.60964912280702,,,
3024731,MCV [Entitic mean volume] in Red Blood Cells,Measurement,LOINC,Lab Test,30428-7,measurement,121608,30330,23.945997157745143,"%, fL, fl",,2.8860939163348185,0.08400454612837871,,,47.42324561403509,,5.469772310913373,20.79476861167002
2000000022,Blood flow CVVHD,Measurement,ICUdata,Observable Entity,2000000022,measurement,120840,746,0.5889783672824885,"ml/min, mL/min",3.541221303095083,,,,,1.5442251461988303,,,
2000000107,Extravascular lung water index - PICCO,Measurement,ICUdata,Observable Entity,2000000107,measurement,120755,2982,2.354334438654666,ml/kg,10.716609350311368,3.1818002602215825,0.9339328951919751,0.3125,2.7675276752767526,,3.2365597915025153,,0.3873239436619718
36304810,Presence of wound exudate,Measurement,LOINC,Clinical Observation,89259-6,measurement,120075,10548,8.327806726669825,,,18.13271300713638,,,,,,,
2000000111,Intrathoracic blood volume index - PICCO,Measurement,ICUdata,Observable Entity,2000000111,measurement,120039,2916,2.3022264329701563,"mL/m2, ml/m2",10.698020262106144,3.2330560264952886,0.9289914513020705,0.3125,1.045510455104551,,3.218376871325535,,0.16096579476861167
2000000941,Vancomycine target,Measurement,ICUdata,Observable Entity,2000000941,measurement,115945,4497,3.5504500236854573,,,,,,,20.289656432748536,,,
722052,Critical Care Pain Observation Tool (CPOT): Muscle tension score,Measurement,OMOP Extension,Staging / Scales,OMOP5214828,measurement,115500,14831,11.709300489499448,,,,,,,67.04130116959064,,,
40762530,MCHC [Entitic Moles/volume] in Red Blood Cells,Measurement,LOINC,Lab Test,59467-1,measurement,114101,25716,20.30317385125533,"mmol/L, mmol/l, mmol/cel",,1.7032685407877617,,,,47.39126461988304,,5.495943470295734,20.523138832997986
40762531,MCH [Entitic substance],Measurement,LOINC,Lab Test,59468-9,measurement,114047,25703,20.292910153165955,"amol, fmol",,1.7032685407877617,,,,47.395833333333336,,5.495943470295734,20.407444668008047
21494967,Amount of Stool,Measurement,LOINC,Clinical Observation,80272-8,measurement,112182,8760,6.916153481762198,,26.56380704526443,,,,,,,26.53755561371369,
2000000106,extravascular lung water - PICCO,Measurement,ICUdata,Observable Entity,2000000106,measurement,111973,2337,1.8450971103742302,ml,,3.280369041517171,,,,3.4082602339181287,3.2547427116794956,,0.22132796780684105
1447893,Intensive Care Delirium Screening Checklist,Measurement,SNOMED,Staging / Scales,1351993001,measurement,111342,10677,8.429654192325913,punt(en),,,,,,47.80701754385965,,,
3025926,Body temperature - Core,Measurement,LOINC,Clinical Observation,8329-5,measurement,109160,560,0.44212853308068845,,,,,,,,0.30910964300866717,,
36305590,Inflation trigger pressure Ventilator,Measurement,LOINC,Clinical Observation,76223-7,measurement,108477,3046,2.4048634138638874,cmH2O,,,,,,13.660453216374268,,,
2000000029,Citrate dosage CVVHD,Measurement,ICUdata,Observable Entity,2000000029,measurement,106148,615,0.4855518711511132,"mmol/L, ml, mmol/L (bloed)",,,,,,1.5579312865497077,0.9697557427722893,,
3008138,Apache II score,Measurement,LOINC,Clinical Observation,9264-3,measurement,105553,58602,46.26717195641876,,82.87015521888651,82.07625280921026,61.00212482087266,,,,71.82253469907268,,
3040151,Glucose [Moles/volume] in Capillary blood,Measurement,LOINC,Lab Test,51596-5,measurement,104776,5083,4.013105952944892,mmol/L,,3.043803966407759,,,,,,,
2000000565,cuff inflated,Measurement,ICUdata,Observable Entity,2000000565,measurement,101571,19532,15.420811621664297,,,3.7574419429878168,,0.6026785714285714,3.013530135301353,2.22953216374269,3.3941450997030125,,
3013667,Stools [Appearance],Measurement,LOINC,Clinical Observation,9249-4,measurement,101129,8092,6.388757303015948,,25.62505809090064,1.3405354256199977,,,,,,,
3019800,Troponin T.cardiac [Mass/volume] in Serum or Plasma,Measurement,LOINC,Lab Test,6598-7,measurement,100890,35984,28.40991631138481,"µg/L, ug/L, µg/l, ng/l, ng/L, ng/ml",18.496142764197415,23.40417143082443,19.59776646736176,3.3705357142857144,,32.46984649122807,,47.265113844543315,33.370221327967805
21494972,Heart murmur assessment panel,Measurement,LOINC,Clinical Observation,80277-7,measurement,98983,15607,12.32196431391126,,,,,,,,87.8598702951694,,
2000000212,Inspiratory Pressure Measured,Measurement,ICUdata,Observable Entity,2000000212,measurement,98482,1565,1.2355913469129953,"cm H2O, cmH2O",,,0.06918021445866482,,,,,40.56529704265899,
1988731,Hemodialysis fluid removed [Volume],Measurement,LOINC,Clinical Observation,99739-5,measurement,98382,886,0.6995105005526606,ml,,,,,,,,,4.366197183098592
21490583,Compliance.static Lung,Measurement,LOINC,Clinical Observation,60828-1,measurement,97428,1721,1.3587557239854728,"ml/cmH2O, mL/cmH2O",4.637977507203272,,,,,,3.6850718225346992,,1.1820925553319919
21494992,Neurological assessment [Interpretation],Measurement,LOINC,Clinical Observation,80314-8,measurement,96284,12283,9.697615663982315,,,,,,,,68.61627977453179,,
2000001123,Total fluid input oral,Measurement,ICUdata,Observable Entity,2000001123,measurement,94570,6287,4.963682299068372,ml,57.95148247978437,,,,,,,,
21490695,Cerebral perfusion pressure,Measurement,LOINC,Clinical Observation,61017-0,measurement,94302,1354,1.069003631770093,"mmHg, mm Hg, ",,2.6613570949808776,0.9635815585314029,,,,1.5516091884356629,1.517927244176917,
3005772,Bilirubin.conjugated [Moles/volume] in Serum or Plasma,Measurement,LOINC,Lab Test,29760-6,measurement,93402,20442,16.139270487920417,"µmol/l, umol/L, µmol, x TOT, µmol/L",10.670136629798309,3.824468714268817,0.48426150121065376,3.6607142857142856,13.714637146371464,14.400584795321638,,19.706883014917562,49.92454728370221
3049178,Platelets Large/Platelets in Blood by Automated count,Measurement,LOINC,Lab Test,48386-7,measurement,92746,10700,8.447813042791726,"10*9/L, x10^9/l",97.43470582767915,,,,,,,,
3016948,Activated clotting time (ACT) of Blood by Coagulation assay,Measurement,LOINC,Lab Test,3184-9,measurement,90914,16734,13.211747986736144,"s, sec, ",1.877497908727577,,,2.2098214285714284,,1.6721491228070176,0.6970119401175828,,
3016771,Amylase [Enzymatic activity/volume] in Serum or Plasma,Measurement,LOINC,Lab Test,1798-8,measurement,86593,36135,28.52913311226907,"U/l, E/l, mg, U/L, U/L 37°C, FIP-E",44.836880750999164,30.631234475416946,39.897217967089986,,,15.026498538011696,,7.851347814708191,42.19818913480885
4158877,Visual analog scale,Measurement,SNOMED,Staging / Scales,273903006,measurement,86271,10492,8.283593873361756,"., ",,,11.306023620101794,,,,,,41.021126760563384
2000000119,intrathoracic blood volume by PiCCO,Measurement,ICUdata,Observable Entity,2000000119,measurement,86097,1457,1.150323701247434,ml,,,,,,3.4082602339181287,3.2365597915025153,,
2000000054,Return pressure CVVHD,Measurement,ICUdata,Observable Entity,2000000054,measurement,85958,745,0.5881888520448445,mmHg,3.5319267589924714,,,,,1.5442251461988303,,,
3046142,Model for end-stage liver disease score,Measurement,LOINC,Clinical Observation,44760-7,measurement,85653,17744,14.009158376756671,"punt(en), ",,,,0.08928571428571429,0.36900369003690037,77.41228070175438,,,
2000000049,Pre filter pressure CVVHD,Measurement,ICUdata,Observable Entity,2000000049,measurement,85422,735,0.5802936996684036,mmHg,3.4389813179663538,,,,,1.5442251461988303,,,
3043501,Temperature of Skin palpation,Measurement,LOINC,Clinical Observation,44968-6,measurement,85162,15829,12.497236696668246,,,,,4.776785714285714,0.18450184501845018,,87.89017516213104,,
2000000026,Calcium suppletion dose CVVHD,Measurement,ICUdata,Observable Entity,2000000026,measurement,83791,738,0.5826622453813358,", mmol/L (filtraat)",3.4389813179663538,,,,,1.5579312865497077,,,
21490564,Trapped lung volume --at end expiration,Measurement,LOINC,Clinical Observation,60801-8,measurement,83769,791,0.6245065529764724,ml,,,,,,3.5316154970760234,,,
3014308,Physical findings of Abdomen,Measurement,LOINC,Clinical Observation,8694-2,measurement,83447,15424,12.17748302542239,,,,,89.19642857142857,39.97539975399754,,58.82174677253167,,
3027273,Bicarbonate [Moles/volume] in Venous blood,Measurement,LOINC,Lab Test,14627-4,measurement,81087,27631,21.815095531343754,"mmol/L, mmol/l",10.46565665954085,33.99834404447424,0.1828334239264713,,,15.629568713450292,,55.037948181104426,
1616896,Coagulation [Score] SOFA,Measurement,LOINC,Clinical Observation,96824-8,measurement,77876,10743,8.481762198010422,,96.14276419741611,,,,,,,,
1616355,Renal [Score] SOFA,Measurement,LOINC,Clinical Observation,96828-9,measurement,77781,10742,8.480972682772778,,96.10558602100566,,,,,,,,
1617534,Cardiovascular [Score] SOFA,Measurement,LOINC,Clinical Observation,96826-3,measurement,77449,10740,8.479393652297489,,96.00334603587694,,,,,,,,
3021415,Left pupil Diameter Auto,Measurement,LOINC,Clinical Observation,8640-5,measurement,75032,4677,3.6925627664613927,,,4.498679178330639,,,,,,90.1596440722324,
3027214,Right pupil Diameter Auto,Measurement,LOINC,Clinical Observation,8642-1,measurement,74866,4617,3.6451918522027476,,,4.277885108228522,,,,,,90.08113059408532,
21492837,Skin assessment [Interpretation],Measurement,LOINC,Clinical Observation,80343-7,measurement,74822,5496,4.339175746091899,,15.298819592898969,,,,,,,,
3028277,Fluid output emesis,Measurement,LOINC,Clinical Observation,9137-1,measurement,74181,15879,12.53671245855045,"mL, ml",,,55.22063546968424,18.638392857142858,20.17220172201722,,,11.48913896885632,11.433601609657948
3016407,Fibrinogen [Mass/volume] in Platelet poor plasma by Coagulation assay,Measurement,LOINC,Lab Test,3255-7,measurement,73754,30839,24.347860413705984,"g/l, g, g/L",26.554512501161817,16.098253361195443,2.6881454761081187,10.870535714285714,73.00123001230013,65.11787280701755,,24.679403297566083,6.614688128772636
2000000980,Intensive Care Delirium Screening Checklist sleep/wake cycle score,Measurement,ICUdata,Observable Entity,2000000980,measurement,71289,10762,8.49676298752566,,,,,,,48.20906432748538,,,
3019591,Physical findings of Chest,Measurement,LOINC,Clinical Observation,11422-3,measurement,70449,14374,11.3484920258961,,,,,,,,80.58670222437723,,
3024354,Oxygen [Partial pressure] in Venous blood,Measurement,LOINC,Lab Test,2705-2,measurement,69323,23736,18.73993368072004,"kPa, mm Hg, mmHg",5.297890138488707,19.011946536293024,0.5287344962197954,35.223214285714285,,15.597587719298245,1.0243045033032305,54.8547500654279,
2000000979,Intensive Care Delirium Screening Checklist inattention score,Measurement,ICUdata,Observable Entity,2000000979,measurement,69133,10757,8.492815411337439,,,,,,,48.1953581871345,,,
2000000981,Intensive Care Delirium Screening Checklist agitation score,Measurement,ICUdata,Observable Entity,2000000981,measurement,68404,10716,8.460445286594032,,,,,,,47.994334795321635,,,
2000000982,Intensive Care Delirium Screening Checklist disorentation score,Measurement,ICUdata,Observable Entity,2000000982,measurement,68152,10711,8.456497710405811,,,,,,,47.97605994152047,,,
2000000983,Intensive Care Delirium Screening Checklist hallucinations score,Measurement,ICUdata,Observable Entity,2000000983,measurement,68022,10719,8.462813832306963,,,,,,,48.00347222222222,,,
2000000984,Intensive Care Delirium Screening Checklist speech/mood score,Measurement,ICUdata,Observable Entity,2000000984,measurement,68022,10722,8.465182378019895,,,,,,,48.01260964912281,,,
3013115,Eosinophils [#/volume] in Blood,Measurement,LOINC,Lab Test,26449-9,measurement,65978,33880,26.748776251381653,"10E9/L, x10^9/L, x10e9/L, x10^9/l, 10^9/L, 10^9/l, 10*9/L, %, /nL",48.14573845152895,21.763986910065842,0.10377032168799723,25.959821428571427,25.338253382533825,3.883406432748538,,4.684637529442554,17.122736418511067
2000000431,Pacemaker frequency,Measurement,ICUdata,Observable Entity,2000000431,measurement,65317,12420,9.805779251539555,"bpm, /min",41.81615391765034,,11.730987794633592,,,21.32675438596491,,,
3038077,Color of Cerebral spinal fluid,Measurement,LOINC,Lab Test,10335-8,measurement,64881,1897,1.4977104058108321,,,2.2828529748058193,,,,0.5254020467836257,3.945693678404752,,
3019198,Lymphocytes [#/volume] in Blood,Measurement,LOINC,Lab Test,26474-7,measurement,63223,31208,24.639191536396652,"x10e9/L, x10^9/l, 10E9/L, x10^9/L, 10*9/L, 10^9/l",49.697927316665115,26.309979103418364,0.11365320946780649,25.625,25.338253382533825,,,4.658466370060194,19.673038229376257
3046040,Inspiratory.pause setting [Time] Ventilator,Measurement,LOINC,Clinical Observation,33426-8,measurement,63201,5069,4.002052739617874,"%, s",,,,,,22.98062865497076,,,
21491186,Endotracheal tube Diameter,Measurement,LOINC,Clinical Observation,79562-5,measurement,63045,45488,35.91346912995421,,,3.907266490557111,,,,,2.588035638523547,9.107563465061503,64.41649899396378
36032397,Sleep quality - 1-5 numeric rating [Score] 24 hour,Measurement,LOINC,Clinical Observation,95607-8,measurement,62722,7435,5.870045791883784,,,,,,,,42.33589914540275,,
3024889,Methemoglobin/Hemoglobin.total in Venous blood,Measurement,LOINC,Lab Test,2617-9,measurement,61193,21422,16.912995420811622,%,2.47234873129473,51.75649568268738,,,,,,,
3004654,Transfusion volume,Measurement,LOINC,Lab Test,1322-7,measurement,59762,10287,8.121743249644718,", mL",,19.682214249103023,,,,,,24.99345721015441,
2000000516,Central venous catheter type,Measurement,ICUdata,Observable Entity,2000000516,measurement,59018,19919,15.72635401863256,,0.7807417046193884,,5.821020902307654,,,,0.9697557427722893,,
3012544,pH of Venous blood,Measurement,LOINC,Lab Test,2746-6,measurement,57497,22189,17.518553608084638,"[pH], ., Geen, ",10.56789664466958,34.83815006111264,,,,,,55.037948181104426,
2000000237,Vent mechanics plateau airway pressure static measurement,Measurement,ICUdata,Observable Entity,2000000237,measurement,57445,2021,1.5956102952786988,cm H2O,,,,,,,,52.86574195236849,
2000000006,Delirium observation screening day,Measurement,ICUdata,Observable Entity,2000000006,measurement,57002,10755,8.491236380862151,,,10.96873398257304,,0.9598214285714286,21.217712177121772,,,,
2000000478,Wound drain placement,Measurement,ICUdata,Observable Entity,2000000478,measurement,56610,6308,4.980262119058898,,,,,,,,0.01818292017698042,46.87254645380791,
2000000012,Behavioural Pain Scale,Measurement,ICUdata,Observable Entity,2000000012,measurement,56329,6473,5.110532133270172,", Geen, x",,,,,,1.3020833333333333,,47.867050510337606,21.87122736418511
3005755,Alanine aminotransferase [Enzymatic activity/volume] in Serum or Plasma by With P-5'-P,Measurement,LOINC,Lab Test,1743-4,measurement,55344,13654,10.780041054792358,"U/L, U/l",93.67041546612138,,,11.875,76.01476014760148,,,,
37174480,Severe acute respiratory syndrome coronavirus 2 vaccination status,Measurement,SNOMED,Observable Entity,591201000124109,measurement,55283,3143,2.4814463919153638,,,,,,,14.181286549707602,,,
3030081,Atrial natriuretic factor [Moles/volume] in Plasma,Measurement,LOINC,Lab Test,33783-2,measurement,54568,10449,8.24964471814306,"mmol/L, mmol/l",96.65396412305977,,,,,,,,
2000000001,Apache IV predicted mortality probability,Measurement,ICUdata,Observable Entity,2000000001,measurement,54561,15729,12.418285172903838,"%, ",82.83297704247606,,,95.82589285714286,93.78843788437884,,,,
2000000035,Dialysate flow (unspecified),Measurement,ICUdata,Observable Entity,2000000035,measurement,54530,552,0.4358124111795358,"ml/uur, ml/u, ml/min.",,,,0.7589285714285714,2.1525215252152523,,1.9395114855445785,,
40770325,Vendor device model type,Measurement,LOINC,Clinical Observation,67715-3,measurement,54339,13016,10.27633033317543,,,,,,,44.79623538011696,,,
42869591,Oxyhemoglobin/Hemoglobin.total [Pure mass fraction] in Venous blood,Measurement,LOINC,Lab Test,71836-1,measurement,53775,15715,12.40723195957682,"%, ",,51.8274652052202,,,,,,,
3021447,Carbon dioxide [Partial pressure] in Venous blood,Measurement,LOINC,Lab Test,2021-4,measurement,53440,18081,14.275225011842728,"mmHg, kPa, mm Hg",10.62366390928525,17.801521901983204,,35.267857142857146,,,1.0243045033032305,55.037948181104426,
3001604,Monocytes [#/volume] in Blood,Measurement,LOINC,Lab Test,26484-6,measurement,53166,28199,22.263540186325596,"10^9/l, 10*9/L, 10E9/L, x10^9/L, x10e9/L, x10^9/l, /nL, Geen",49.66074914025467,21.618105113748374,0.16800909225675742,2.0535714285714284,,,,4.7108086888249145,19.637826961770624
1002216,Hemoglobin [Moles/volume] in Venous blood,Measurement,LOINC,Lab Test,93846-4,measurement,52478,15388,12.149060476867204,mmol/L,,51.83535070772385,,,,,,,
2000000421,Pacemaker ventricle sensing,Measurement,ICUdata,Observable Entity,2000000421,measurement,52108,6513,5.142112742775936,", mA, mV",,6.1388636990892245,,,,22.062317251461987,,,
2000000055,Substitution anticoagulants CVVH,Measurement,ICUdata,Observable Entity,2000000055,measurement,51898,1388,1.0958471498499922,", ml/uur",,,,,,,1.9334505121522516,,4.49195171026157
21492642,Body weight --used for drug calculation,Measurement,LOINC,Clinical Observation,79348-9,measurement,51809,22678,17.904626559292595,"kg, ",,,,,,99.2781432748538,2.394084489969089,,
3029790,Creatine kinase.MB [Enzymatic activity/volume] in Serum or Plasma,Measurement,LOINC,Lab Test,32673-6,measurement,51808,9842,7.7704089688931,"IE/l, E/l, µg/L",,35.275795450065054,,,,,,,2.7012072434607646
2000000604,Physical restraint description,Measurement,ICUdata,Observable Entity,2000000604,measurement,49992,4925,3.888362545397126,,3.318152244632401,,,,,19.211440058479532,,,
2000000432,Pacemaker ventricle output amplitude,Measurement,ICUdata,Observable Entity,2000000432,measurement,49444,10672,8.425706616137692,mA,22.455618551910028,,15.886742106043386,,,21.1531432748538,,,
1988610,Blood flow rate Renal replacement therapy circuit,Measurement,LOINC,Clinical Observation,99711-4,measurement,48269,490,0.3868624664456024,ml/min,,,,,,,1.9758773258985394,,
1988543,Pre-filter replacement fluid rate Renal replacement therapy circuit,Measurement,LOINC,Clinical Observation,99714-8,measurement,47911,487,0.38449392073267014,ml/uur,,,,,,,1.9698163525062125,,
1989384,Post-filter replacement fluid rate Renal replacement therapy circuit,Measurement,LOINC,Clinical Observation,99713-0,measurement,47870,485,0.38291489025738196,ml/uur,,,,,,,1.9758773258985394,,
43055265,Wound type,Measurement,LOINC,Clinical Observation,72300-7,measurement,46163,2116,1.6706142428548871,,,,,,,9.073464912280702,,,
2000000115,picco_global_ejection_fraction,Measurement,ICUdata,Observable Entity,2000000115,measurement,46084,2275,1.7961471656402968,"Geen, %",10.688725718003532,3.3552813153018177,0.8845184562929288,0.33482142857142855,1.845018450184502,,,,0.22635814889336017
2000000318,decubitus score - nose,Measurement,ICUdata,Observable Entity,2000000318,measurement,43280,9868,7.790936365071846,,91.29101217585277,,,,,,,,
2000000495,External ventricular drain cm above Monroe,Measurement,ICUdata,Observable Entity,2000000495,measurement,43012,659,0.520290541607453,cm,,,0.6077975984582695,,,,2.7577428935086976,,
2000000944,Dialysate temperature setting,Measurement,ICUdata,Observable Entity,2000000944,measurement,42920,363,0.28659403126480343,°C,,,,,,1.5442251461988303,,,
2000000236,Vent mechanics mechanical power,Measurement,ICUdata,Observable Entity,2000000236,measurement,42113,2477,1.9556292436444023,"J/Min, Watt",,,,,,,13.04321474028729,0.10468463752944256,
3008037,Lactate [Moles/volume] in Venous blood,Measurement,LOINC,Lab Test,2519-7,measurement,41997,18344,14.482867519343124,"mmol/L, mmol/l",12.659169067757226,30.374955644048416,,,,,,,
2000000188,bipap high pressure,Measurement,ICUdata,Observable Entity,2000000188,measurement,41392,2243,1.770882678035686,mbar,,,,,,7.771381578947368,,,1.800804828973843
2000000915,Inhaled oxygen flow rate --on high flow,Measurement,ICUdata,Observable Entity,2000000915,measurement,41021,1685,1.3303331754302858,"l/min, , L/min",1.1804071010316943,,,,,5.2037646198830405,,,
4089233,Consistency of sputum,Measurement,SNOMED,Observable Entity,248603002,measurement,39490,3309,2.6125059213642823,,19.45348080676643,,,,,,,,
1988683,Continuous renal replacement therapy fluid removal goal [Volume] 1 hour,Measurement,LOINC,Clinical Observation,99709-8,measurement,39480,464,0.36633507026685613,ml/uur,,,,,,,1.8546578580520032,,
2000000599,Reason for physical restraint,Measurement,ICUdata,Observable Entity,2000000599,measurement,39174,4271,3.3720195799778936,,,,,,,19.211440058479532,,,
2000000102,ECMO pressure arterial,Measurement,ICUdata,Observable Entity,2000000102,measurement,38812,387,0.30554239696826146,"mm Hg, mmHg",,1.1867681267988803,,,,,,2.1460350693535726,0.01006036217303823
2000000105,ECMO type,Measurement,ICUdata,Observable Entity,2000000105,measurement,38519,435,0.34343912837517765,,,1.0645428379923512,,,,,0.315170616400994,2.093692750588851,0.015090543259557344
2000000088,Fluid output CVVH dialysis,Measurement,ICUdata,Observable Entity,2000000088,measurement,38013,269,0.21237959892625927,"mL/uur, ml",,,,1.5848214285714286,2.706027060270603,,,4.030358544883538,
3041354,Potassium [Moles/volume] in Venous blood,Measurement,LOINC,Lab Test,39789-3,measurement,37533,12359,9.757618822043266,mmol/L,,35.00768836494105,,,,,,,
3017732,Neutrophils [#/volume] in Blood,Measurement,LOINC,Lab Test,26499-4,measurement,37185,20389,16.09742618032528,"x10e9/L, x10^9/l, 10^9/L, 10^9/l, 10E9/L",,21.555021093719198,,,,0.758406432748538,,,14.451710261569417
3038515,Glucose [Moles/volume] in Venous blood,Measurement,LOINC,Lab Test,39480-9,measurement,37130,12264,9.682614874467077,mmol/L,,35.133856404999406,,,,,,,
2000000224,nava edi peak,Measurement,ICUdata,Observable Entity,2000000224,measurement,37061,248,0.19579977893573347,"uV, µV",1.3477088948787062,,,,,,,,0.5030181086519114
21490847,Respiratory rate by Carbon dioxide measurement,Measurement,LOINC,Clinical Observation,76172-6,measurement,36909,11769,9.291804831833254,/min,,,,,,6.953581871345029,,,
3003693,Protein intake Estimated,Measurement,LOINC,Clinical Observation,9079-5,measurement,36526,7309,5.770566871940629,,,,,,,,16.413115946420994,,
2000000312,decubitus score - tail bone,Measurement,ICUdata,Observable Entity,2000000312,measurement,36344,5763,4.549976314542871,,,,27.35089193062213,,,,,,
3007876,Appearance of Urine,Measurement,LOINC,Lab Test,5767-9,measurement,35570,5285,4.172588030948997,,,,,,,22.40497076023392,,,
2000000317,decubitus score - ear left,Measurement,ICUdata,Observable Entity,2000000317,measurement,35365,5595,4.417337754618664,,,,26.535553688787864,,,,,,
2000000223,nava edi min,Measurement,ICUdata,Observable Entity,2000000223,measurement,34931,243,0.19185220274751302,"µV, uV",1.357003438981318,,,,,,,,0.47283702213279677
3023725,Urinary bladder Volume by derived by EMP (US),Measurement,LOINC,Clinical Observation,15321-3,measurement,34912,8566,6.762987525659245,"ML, mL, ml",,,,,,,5.988241711618886,,
3025965,Pulse intensity by palpation,Measurement,LOINC,Clinical Observation,8865-8,measurement,34693,3749,2.9598926259276803,,,,,,,,14.134189950906116,,
3002032,Base excess in Venous blood by calculation,Measurement,LOINC,Lab Test,1927-3,measurement,34599,16107,12.716721932733302,"mmol/l, mmol/L",10.409889394925179,17.67535386192485,0.17789198003656667,,,,,54.8547500654279,
3006315,Basophils [#/volume] in Blood,Measurement,LOINC,Lab Test,26444-0,measurement,34353,22544,17.79883151744829,"10^9/l, 10E9/L, x10^9/L, x10e9/L, 10^9/L",,21.61416236249655,0.11365320946780649,,,3.8422880116959064,,4.684637529442554,19.637826961770624
3023081,Carboxyhemoglobin/Hemoglobin.total in Blood,Measurement,LOINC,Lab Test,20563-3,measurement,34105,6157,4.861045318174641,%,0.5204944697462589,3.7850412017505817,,34.97767857142857,,8.34703947368421,,0.7327924627060979,
3041473,Sodium [Moles/volume] in Venous blood,Measurement,LOINC,Lab Test,39791-9,measurement,33687,11811,9.324964471814306,mmol/L,,32.92197295272641,,,,,,,
2000000916,Oxygen/Inspired gas Respiratory system --on high flow,Measurement,ICUdata,Observable Entity,2000000916,measurement,33254,1154,0.9111005842412758,%,,,,,,5.075840643274854,,,
1989128,Pacemaker Atrial sensitivity setting,Measurement,LOINC,Clinical Observation,99677-7,measurement,33236,6947,5.484762355913469,"mA, mV",38.76754345199368,,,,,8.470394736842104,4.679071458876296,,
3026549,Glasgow coma score motor at First encounter,Measurement,LOINC,Clinical Observation,11325-8,measurement,33051,7076,5.5866098215695565,,,,,,,2.846308479532164,,,31.222334004024145
3015183,Erythrocyte sedimentation rate [Velocity] in Red Blood Cells,Measurement,LOINC,Lab Test,30341-2,measurement,32807,24670,19.477340912679615,"mm/U, mm na 1 uur, mm, mm/1e uur, mm/uur, mm/h",0.1394181615391765,0.8358632653865867,,,,0.42489035087719296,,0.6281078251766553,18.36016096579477
3029187,Natriuretic peptide.B prohormone N-Terminal [Mass/volume] in Serum or Plasma,Measurement,LOINC,Lab Test,33762-6,measurement,31699,14875,11.744039159955786,"ng/l, ng/L, pg/mL, pmol/l",0.10223998512872944,28.103930922998067,,,,1.3751827485380117,,3.349908400942162,17.38933601609658
3013144,Glasgow coma score verbal at First encounter,Measurement,LOINC,Clinical Observation,11326-6,measurement,31688,6438,5.082899099952629,,,,,,,,,,31.222334004024145
1989569,Pacemaker Ventricular sensitivity setting,Measurement,LOINC,Clinical Observation,99691-8,measurement,31626,6693,5.284225485551871,", mV",15.735663165721721,,,,,22.14455409356725,,,
3026019,Glasgow coma score eye opening at First encounter,Measurement,LOINC,Clinical Observation,11324-1,measurement,31578,6438,5.082899099952629,,,,,,,,,,31.222334004024145
2000000496,Chest tube placement,Measurement,ICUdata,Observable Entity,2000000496,measurement,31006,15941,12.585662403284383,,0.009294544102611766,0.13799629381382328,,,,,,0.5495943470295734,
3035285,Chloride [Moles/volume] in Venous blood,Measurement,LOINC,Lab Test,41649-5,measurement,30604,11309,8.928627822516974,mmol/L,,30.710089500453417,,,,,,,
2000000911,Tracheostomy care type,Measurement,ICUdata,Observable Entity,2000000911,measurement,29894,1165,0.9197852518553609,,,4.37645388952411,,,,,,,
2000000060,Transmembrane pressure CVVHD,Measurement,ICUdata,Observable Entity,2000000060,measurement,29383,253,0.1997473551239539,mmHg,,,,,,1.0782163742690059,,,
3003377,Respiration pause setting [Time] Ventilator,Measurement,LOINC,Clinical Observation,20086-5,measurement,29241,6703,5.292120637928312,,,25.91176122698419,,,,,,,
3043995,Bilirubin.conjugated+indirect [Moles/volume] in Serum or Plasma,Measurement,LOINC,Lab Test,33899-6,measurement,29110,8618,6.804042318016737,"µmol, µmol/L",,24.0862673973899,,,,,,,1.5744466800804828
2000000124,Cardiac function index by PiCCO,Measurement,ICUdata,Observable Entity,2000000124,measurement,28390,1390,1.0974261803252803,"l/min/m2, /min",10.716609350311368,,1.161239314127588,,,,,,0.005030181086519115
3013429,Basophils [#/volume] in Blood by Automated count,Measurement,LOINC,Lab Test,704-7,measurement,27861,10432,8.236222959103111,"10*9/L, x10^9/l, x10^9/L, /nL",49.725810948972956,,,25.959821428571427,25.338253382533825,,,,
2000000443,Erythroblasts [#/volume] in blood,Measurement,ICUdata,Observable Entity,2000000443,measurement,27704,5384,4.250750039475762,"/nL, x10^9/l, 10E9/L, x10^9/L, 10^9/L, ., /100Leuc, 10*9/L",3.5598103913003065,9.478374009383748,0.03459010722933241,0.8705357142857143,,3.8788377192982457,,12.457471866003663,
2000000225,nava edi trigger,Measurement,ICUdata,Observable Entity,2000000225,measurement,27627,489,0.3860729512079583,"., uV, µV, ",1.1060507482108002,,0.5979147106784602,,,,0.6788290199406024,,0.29678068410462777
2000000112,Left Ventricular Assist Device Flow,Measurement,ICUdata,Observable Entity,2000000112,measurement,27614,225,0.17764092846991947,"l/min, L/min",,,0.5732074912289371,,,,,2.826485213294949,
2000000010,Early warning score,Measurement,ICUdata,Observable Entity,2000000010,measurement,27354,4258,3.3617558818885205,,,,,61.495535714285715,88.00738007380073,,,,
3024128,Bilirubin.total [Mass/volume] in Serum or Plasma,Measurement,LOINC,Lab Test,1975-2,measurement,26976,9658,7.625138165166588,"µmol, umol/L",2.305046937447718,,41.572367445767654,,,,,,
3030687,Bacterial susceptibility panel by Minimum inhibitory concentration (MIC),Measurement,LOINC,Lab Test,50545-3,measurement,26442,4104,3.2401705352913313,,,12.309269408193037,,,,,,,
3041455,Color of Wound base,Measurement,LOINC,Clinical Observation,39132-6,measurement,26342,3266,2.578556766145587,,,,,,,,13.388690223649919,,
2000000108,PICCO - Globel End diastolic volume,Measurement,ICUdata,Observable Entity,2000000108,measurement,26053,891,0.7034580767408811,ml,,3.327682056539053,,,,,,,0.22132796780684105
2000000408,Atrial pacemaker - set amplitude,Measurement,ICUdata,Observable Entity,2000000408,measurement,25757,5193,4.099952629085742,"mA, milliamps",41.100474021749235,2.633757836218113,,,,,,,
3007733,Chloride [Moles/volume] in Urine,Measurement,LOINC,Lab Test,2078-4,measurement,25383,3598,2.8406758250434234,"mmol/L, mmol/24uur, mol/l, mmol/l",,,0.01976577555961852,37.94642857142857,73.43173431734317,0.6944444444444444,,0.49725202826485215,0.6438631790744467
3051714,Fibrin D-dimer FEU [Mass/volume] in Platelet poor plasma,Measurement,LOINC,Lab Test,48065-7,measurement,25222,9612,7.58882046423496,"mg/l, ug/L, mg/L, ng/mL, µg/ml",0.9759271307742355,7.392658597169104,,3.3035714285714284,,15.16812865497076,,3.768646951059932,1.5191146881287727
3005715,Vancomycin [Mass/volume] in Serum or Plasma,Measurement,LOINC,Lab Test,20578-1,measurement,24874,5034,3.9744197063003317,"mg/L, mg/l, ",1.3662979830839297,6.702677128099988,,0.5803571428571429,,5.90734649122807,,6.307249411148914,4.476861167002012
2000000191,bipap low pressure,Measurement,ICUdata,Observable Entity,2000000191,measurement,24608,576,0.4547607768829938,"cmH2O, mbar",0.4740217492332001,,,,,,,,1.7806841046277666
3007955,Atmospheric pressure,Measurement,LOINC,Clinical Observation,20053-5,measurement,24398,610,0.4816042949628928,atm,,,,,,2.7640716374269005,,,
3015511,Apache III score,Measurement,LOINC,Clinical Observation,9265-0,measurement,24312,20937,16.53008053055424,,,82.07625280921026,,,,,,,
21490874,Pulmonary artery Blood pressure,Measurement,LOINC,Clinical Observation,76284-9,measurement,24223,3671,2.8983104373914417,"mmHg, ",2.351519657960777,0.4731301502188227,,0.15625,,,0.30304866961634036,,
3042812,Nitrite [Presence] in Urine,Measurement,LOINC,Lab Test,32710-6,measurement,23835,15824,12.493289120480025,"., ",1.8682033646249652,3.264598036509877,,,,2.270650584795322,,,
3013395,Right ventricular Ejection fraction,Measurement,LOINC,Clinical Observation,10231-9,measurement,23410,507,0.40028422548555187,", %",,,,0.08928571428571429,,2.2934941520467835,,,
3027270,Segmented neutrophils [#/volume] in Blood by Manual count,Measurement,LOINC,Lab Test,768-2,measurement,23188,8601,6.790620558976788,"Geen, 10*9/L, x10^9/l, /nL",49.71651640487034,,0.054355882788950934,2.0535714285714284,,,,,
2000000402,Intra-Aortic Balloon Pump Augmentation,Measurement,ICUdata,Observable Entity,2000000402,measurement,23141,474,0.37423022264329703,"mmHg, mm Hg",0.9387489543637885,,,,,1.5305190058479532,,0.7327924627060979,
3001719,Right ventricular End-diastolic volume by Imaging,Measurement,LOINC,Clinical Observation,8822-9,measurement,23008,489,0.3860729512079583,ml,,,,,,2.2341008771929824,,,
2000000364,fluid output - ileostoma,Measurement,ICUdata,Observable Entity,2000000364,measurement,22860,699,0.5518711511132165,ml,,,1.694915254237288,,,1.4619883040935673,,,
2000000250,Ventilation mode Ventilator noninvasive,Measurement,ICUdata,Observable Entity,2000000250,measurement,22677,1835,1.4487604610768987,,,2.3814217561014077,,,,,,,6.006036217303823
2000000335,restrictive policy order cpr for asystole,Measurement,ICUdata,Observable Entity,2000000335,measurement,22179,11137,8.792831201642192,,,,44.13697682462816,,,,,,10.508048289738431
3027929,Blood product unit ID [#],Measurement,LOINC,Lab Test,934-0,measurement,22166,4320,3.4107058266224537,,18.960869969328005,,,,,,,,
3023314,Hematocrit [Volume Fraction] of Blood by Automated count,Measurement,LOINC,Lab Test,4544-3,measurement,22096,3387,2.674088109900521,L/L,,,,38.30357142857143,88.25338253382535,,,,
2000000330,restrictive policy order vasoactive medication,Measurement,ICUdata,Observable Entity,2000000330,measurement,22010,10906,8.610453181746408,,,,44.13697682462816,,,,,,9.356136820925553
2000000341,restrictive policy order defibrilation,Measurement,ICUdata,Observable Entity,2000000341,measurement,21970,10906,8.610453181746408,,,,44.13697682462816,,,,,8.793509552473175,7.650905432595573
2000000339,Weight source,Measurement,ICUdata,Observable Entity,2000000339,measurement,21844,8215,6.485867677246171,,,,,,,,20.46790714588763,,
2000000357,fluid output - dialysis,Measurement,ICUdata,Observable Entity,2000000357,measurement,21793,172,0.1357966208747829,"mL, ",0.5111999256436471,,,,,,,,
3013308,Fluid intake Measured,Measurement,LOINC,Clinical Observation,8985-4,measurement,21770,2378,1.8774672351176378,", ml",,,,17.410714285714285,25.707257072570727,,1.6788896296745257,,
3009201,Thyrotropin [Units/volume] in Serum or Plasma,Measurement,LOINC,Lab Test,3016-3,measurement,21366,17265,13.630980577925154,"mIU/L, m[IU]/L, mE/L, nmol/l, mE/l, mU/l, mU/L",1.6079561297518357,4.498679178330639,,,,2.0285087719298245,,3.2190526040303586,19.421529175050303
3023599,MCV [Entitic mean volume] in Red Blood Cells by Automated count,Measurement,LOINC,Lab Test,787-2,measurement,21018,6296,4.970787936207169,"fl, fL",4.963286550794684,,,0.7366071428571429,88.25338253382535,,,,
2000000909,Tracheostomy cuff status,Measurement,ICUdata,Observable Entity,2000000909,measurement,20996,9216,7.276172430127901,,5.167766521052142,0.2838780901312936,0.46449572565103525,,,,,,
21491173,Urine output measured by nephrostomy,Measurement,LOINC,Clinical Observation,79549-2,measurement,20283,223,0.1760618979946313,ml,,,0.6769778129169344,,,,,,0.4074446680080483
3020063,"Urinary bladder Volume by derived from height, width and length (US)",Measurement,LOINC,Clinical Observation,15309-8,measurement,20197,5581,4.406284541291647,mL,6.143693651826378,,,,,,,,
2000000110,Intrathoracic Blood Volume - PICCO,Measurement,ICUdata,Observable Entity,2000000110,measurement,20037,750,0.5921364282330649,ml,,2.945235185112171,,,,,,,
40769783,Troponin T.cardiac [Mass/volume] in Serum or Plasma by High sensitivity method,Measurement,LOINC,Lab Test,67151-1,measurement,19859,5408,4.26969840517922,ng/L,,16.89074636281197,,,,,,,
1092408,Deprecated Base excess in Blood,Measurement,LOINC,Lab Test,104764-6,measurement,19482,5954,4.700773724932891,"mmol/l, mmol/L",0.957338042569012,,,,,15.60672514619883,,,
3003694,ABO and Rh group [Type] in Blood,Measurement,LOINC,Lab Test,882-1,measurement,19410,6122,4.833412284857098,,19.109582674969793,,,8.861607142857142,,,,,
3024929,Platelets [#/volume] in Blood by Automated count,Measurement,LOINC,Lab Test,777-3,measurement,19319,3345,2.6409284699194693,x10^9/L,,,,37.767857142857146,86.65436654366543,,,,
2000000013,Pain score (unspecified),Measurement,ICUdata,Observable Entity,2000000013,measurement,19115,1959,1.5466603505447656,,,,,0.9821428571428571,2.2140221402214024,,0.03030486696163404,47.97173514786705,
21490879,Ventilator airway circuit leakage volume,Measurement,LOINC,Clinical Observation,76296-3,measurement,18060,914,0.7216169272066951,ml/min,,,,,,,3.218376871325535,,
3007612,Type of Urine tube,Measurement,LOINC,Clinical Observation,9196-7,measurement,18010,13286,10.489499447339334,,,,,,,,0.3394145099703012,,
2000000393,pacemaker ventricular sensitivity threshold,Measurement,ICUdata,Observable Entity,2000000393,measurement,17819,6854,5.411337438812569,"mV, , Geen",14.490194255971744,5.6736190513740485,3.206997084548105,,,,13.334141463118977,14.289453022768908,
2000000924,Fluid intake transfusion,Measurement,ICUdata,Observable Entity,2000000924,measurement,17790,3701,2.9219958945207645,,19.750906218050005,,,,,,,,
3034030,Carboxyhemoglobin/Hemoglobin.total in Mixed venous blood,Measurement,LOINC,Lab Test,41648-7,measurement,17718,9447,7.458550450023686,%,2.444465098986895,12.226471631904744,,,,,,,
3003181,Sodium [Moles/volume] in Urine,Measurement,LOINC,Lab Test,2955-3,measurement,17679,8568,6.764566556134533,"mmol/L, mmol/l, mmol/vzm",0.018589088205223533,8.153609588771044,0.7708652468251223,,,2.3163377192982457,,6.464276367443078,11.76559356136821
3033543,Specific gravity of Urine,Measurement,LOINC,Lab Test,2965-2,measurement,17277,11519,9.094426022422233,"g/ml, g/mL, kg/L, g/l, ",,2.7599258762764656,,,,1.6995614035087718,,0.6019366657942947,0.04024144869215292
3032080,INR in Blood by Coagulation assay,Measurement,LOINC,Lab Test,34714-6,measurement,17142,4768,3.7644086530870045,"ratio, INR",25.225392694488335,,,,,,,,
3008486,Thyroxine (T4) free [Moles/volume] in Serum or Plasma,Measurement,LOINC,Lab Test,14920-3,measurement,17095,13928,10.996368229906837,"pmol/L, nmol/L, nmol/l, pmol/l",1.0223998512872943,2.8584946575720536,,0.8035714285714286,,1.539656432748538,,2.407746663177179,18.958752515090545
3009508,Creatinine [Moles/volume] in Urine,Measurement,LOINC,Lab Test,14683-7,measurement,17038,7479,5.904784462340123,"mmol/L, mmol/l, mmol/vzm",0.13012361743656473,5.200488901155226,0.5188516084399861,0.78125,26.137761377613778,2.5584795321637426,,16.33080345459304,6.861167002012072
2000000923,Pulmonary vascular permeability index,Measurement,ICUdata,Observable Entity,2000000923,measurement,16506,1155,0.91189009947892,,10.725903894413978,,,,,,,,
2000000226,nava level,Measurement,ICUdata,Observable Entity,2000000226,measurement,16408,289,0.228169903679141,"., cmH2O/µV, cmH2O/uV",1.1060507482108002,,0.4990858328803676,,,,,,0.3319919517102616
3033794,Temperature setting Humidifier,Measurement,LOINC,Clinical Observation,20098-0,measurement,16347,664,0.5242381177956734,°C,,,,,,2.978801169590643,,,
3045414,Leukocytes [Presence] in Urine,Measurement,LOINC,Lab Test,33052-2,measurement,16148,6817,5.382125375019738,"aantal/uL, ",,5.9417261364980485,,,,,,,
44816680,Pulse intensity Dorsal pedal artery - right by palpation,Measurement,LOINC,Clinical Observation,74782-4,measurement,16136,6457,5.097899889467866,,,,,52.16517857142857,6.150061500615006,3.9473684210526314,,,
3044630,ABO and Rh group panel - Blood,Measurement,LOINC,Lab Test,34530-6,measurement,16054,7656,6.0445286594031264,.,12.324565480063203,,,,,,,,
3019900,Cholesterol [Moles/volume] in Serum or Plasma,Measurement,LOINC,Lab Test,14647-2,measurement,15914,11833,9.342333807042476,"mmol/L, mmol/l",0.31601449948880006,1.080313842999645,,25.491071428571427,7.072570725707257,1.2609649122807018,,1.1777021722062286,4.959758551307847
3015736,pH of Urine,Measurement,LOINC,Lab Test,2756-5,measurement,15834,10816,8.53939681035844,"., , Geen",0.9108653220559532,2.8190671450538187,,1.2723214285714286,,,0.01818292017698042,4.449097095001308,7.122736418511066
3019743,Pulse intensity Dorsal pedal artery - left by palpation,Measurement,LOINC,Clinical Observation,8902-9,measurement,15641,6394,5.048160429496289,,0.009294544102611766,,,51.049107142857146,6.088560885608856,3.8971125730994154,,,
3017835,Volume of 4 hour Urine,Measurement,LOINC,Lab Test,18352-5,measurement,15386,3648,2.880151586925628,,,,,61.026785714285715,51.968019680196804,,,,
2000000101,ECMO FiO2,Measurement,ICUdata,Observable Entity,2000000101,measurement,15237,183,0.14448128848886785,"%, Geen, .",,,0.0494144388990463,,,,0.3394145099703012,2.093692750588851,0.01006036217303823
3034488,Physical findings of Motor function,Measurement,LOINC,Clinical Observation,32452-5,measurement,15179,874,0.6900363177009317,,3.2159122595036713,,,,,,,,
3020650,Glucose [Presence] in Urine,Measurement,LOINC,Lab Test,2349-9,measurement,15086,9242,7.296699826306647,,,6.785474904388282,,,,,,,
3019286,Body position head tilt angle,Measurement,LOINC,Clinical Observation,8360-0,measurement,14797,448,0.35370282646455076,,,,,,,,1.3152312261349173,,
3000569,Left ventricular Cardiac index by Indicator dilution,Measurement,LOINC,Clinical Observation,8751-0,measurement,14677,1293,1.0208432022738039,L/min/m2,,,,,,,6.824656039759986,,
3025839,Triglyceride [Moles/volume] in Serum or Plasma,Measurement,LOINC,Lab Test,14927-8,measurement,14581,9650,7.618822043265435,"mmol/l, mmol/L",,1.683554784528644,,25.491071428571427,58.97908979089791,1.6173245614035088,,3.69013347291285,2.0372233400402413
3019069,Monocytes/Leukocytes in Blood,Measurement,LOINC,Lab Test,26485-3,measurement,14580,8772,6.925627664613927,"Geen, %",,1.6796120332768205,,0.11160714285714286,11.07011070110701,9.233369883040936,,,5.79476861167002
3001501,Glucose [Moles/volume] in Capillary blood by Glucometer,Measurement,LOINC,Lab Test,14743-9,measurement,14388,967,0.7634612348018317,mmol/L,,,,15.379464285714286,,,,,
3020630,Protein [Mass/volume] in Serum or Plasma,Measurement,LOINC,Lab Test,2885-2,measurement,14343,10975,8.66492973314385,"g/l, g/L",0.9294544102611767,2.8032961400465246,0.20259919948608984,1.2276785714285714,,7.780519005847953,,3.637791154148129,7.525150905432596
3002030,Lymphocytes/Leukocytes in Blood,Measurement,LOINC,Lab Test,26478-8,measurement,14274,8591,6.782725406600347,"%, Geen",,1.691440287032291,0.02470721944952315,,,9.233369883040936,,,5.8199195171026155
3022113,Urinalysis microscopic panel - Urine sediment,Measurement,LOINC,Lab Test,24365-9,measurement,14226,8702,6.870361597978841,,,7.025982730749517,,,,,,,
21493512,Coagulation factor X activated inhibitor [Mass/volume] in Platelet poor plasma,Measurement,LOINC,Lab Test,80627-3,measurement,14215,1153,0.9103110690036318,"U/mL, kU/L, IE/ml, IU/mL",,2.6771280999881717,0.7609823590453131,0.3794642857142857,,,,,0.45271629778672035
3004905,Lipase [Enzymatic activity/volume] in Serum or Plasma,Measurement,LOINC,Lab Test,3040-3,measurement,14114,9421,7.4380230538449394,"U/l, U/L, E/l",0.5204944697462589,2.3341087410795254,0.25695508227504077,9.799107142857142,59.96309963099631,,,5.809997382884061,7.9678068410462775
2000000370,fluid output - colostoma,Measurement,ICUdata,Observable Entity,2000000370,measurement,14085,519,0.4097584083372809,"ml, mL",,,,,,2.00109649122807,,1.674954200471081,
3015586,Segmented neutrophils [#/volume] in Blood,Measurement,LOINC,Lab Test,30451-9,measurement,13782,8448,6.669824727617243,"x10e9/L, 10^9/L, 10^9/l, 10E9/L, x10^9/L",,8.445373181405985,,,,3.3351608187134505,,4.3182412980895055,7.057344064386318
3022096,Basophils/Leukocytes in Blood,Measurement,LOINC,Lab Test,30180-4,measurement,13652,8141,6.4274435496605085,"Geen, %",,1.5140164807002325,0.02470721944952315,0.08928571428571429,11.07011070110701,9.20138888888889,,,5.337022132796781
2000000104,ECMO rounds per minute,Measurement,ICUdata,Observable Entity,2000000104,measurement,12864,98,0.07737249328912048,"/min, Geen, .",,,0.07412165834856946,,,,,2.1198639099712118,0.01006036217303823
3012796,Blood product type,Measurement,LOINC,Lab Test,933-2,measurement,12829,4320,3.4107058266224537,,18.960869969328005,,,,,,,,
3037081,Aspartate aminotransferase [Enzymatic activity/volume] in Serum or Plasma by With P-5'-P,Measurement,LOINC,Lab Test,30239-8,measurement,12824,3175,2.5067108795199746,U/L,,,,32.67857142857143,80.19680196801968,,,,
2000000398,Pacemaker atrial amplitude measured,Measurement,ICUdata,Observable Entity,2000000398,measurement,12767,3145,2.4830254223906523,", mA",,2.5509600599298192,2.7227355833374514,,,8.356176900584796,,,
3018709,Pulse intensity Posterior tibial artery - right by palpation,Measurement,LOINC,Clinical Observation,8908-6,measurement,12605,5517,4.355755566082426,,,,,32.901785714285715,6.027060270602706,3.5910087719298245,,,
3033705,Calcium.ionized [Moles/volume] in Venous blood,Measurement,LOINC,Lab Test,41645-3,measurement,12580,5712,4.509711037423022,mmol/L,,14.793202696841856,,,,,,,
3036219,Type of Wound drain device,Measurement,LOINC,Clinical Observation,9254-4,measurement,12448,10629,8.391757460918996,,0.10223998512872944,,,,,,0.01818292017698042,,
42536432,"CHA2DS2-VASc (congestive heart failure, hypertension, age 2, diabetes mellitus, stroke 2, vascular disease, age, sex category) score",Measurement,SNOMED,Staging / Scales,735258002,measurement,12324,5710,4.508132006947734,punt(en),,,,,,25.42489035087719,,,
3006504,Eosinophils/Leukocytes in Blood,Measurement,LOINC,Lab Test,26450-7,measurement,12092,7279,5.746881414811305,"%, Geen",,,0.08894599001828334,0.13392857142857142,11.07011070110701,9.210526315789474,,,5.835010060362173
2000000503,feeding tube position,Measurement,ICUdata,Observable Entity,2000000503,measurement,11985,5873,4.63682299068372,,,17.624098095651146,,,,,,,
3001122,Ferritin [Mass/volume] in Serum or Plasma,Measurement,LOINC,Lab Test,2276-4,measurement,11855,8465,6.683246486657192,"µg/l, ug/L, µg/L, ng/ml",0.9759271307742355,2.3065094823167605,,0.46875,19.49569495694957,,,2.7218005757655064,0.9808853118712274
21491183,Fluid output gastrointestinal drain [Volume] Measured,Measurement,LOINC,Clinical Observation,79559-1,measurement,11816,3580,2.82646455076583,,,4.739187004691874,,,,,,,
3046315,Type of Intubation tube,Measurement,LOINC,Clinical Observation,33443-3,measurement,11609,8558,6.756671403758093,,3.0114322892462124,,,,,,,,
3025817,Bicarbonate [Moles/volume] in Mixed venous blood,Measurement,LOINC,Lab Test,19229-4,measurement,11444,3037,2.397757776725091,mmol/L,,9.237866183022513,,,,,,8.19157288667888,
3017354,Segmented neutrophils/Leukocytes in Blood,Measurement,LOINC,Lab Test,26505-8,measurement,11434,6496,5.128690983735986,"Geen, 10*9/L, %, x10^9/l",6.710660842085696,1.6993257895359382,,0.11160714285714286,11.07011070110701,7.451571637426901,,,3.204225352112676
2000000970,Gastric tube depth,Measurement,ICUdata,Observable Entity,2000000970,measurement,11179,2653,2.0945839254697614,cm,,,,,,11.179641812865498,,,
2000000306,Delirium observation screening - question 8,Measurement,ICUdata,Observable Entity,2000000306,measurement,11140,1987,1.5687667771987999,,,,,,,,,,9.949698189134809
2000000304,Delirium observation screening - question 1,Measurement,ICUdata,Observable Entity,2000000304,measurement,11139,1987,1.5687667771987999,,,,,,,,,,9.949698189134809
2000000280,Delirium observation screening - question 9,Measurement,ICUdata,Observable Entity,2000000280,measurement,11138,1987,1.5687667771987999,,,,,,,,,,9.949698189134809
2000000303,Delirium observation screening - question 2,Measurement,ICUdata,Observable Entity,2000000303,measurement,11138,1987,1.5687667771987999,,,,,,,,,,9.949698189134809
2000000320,Delirium observation screening - question 13,Measurement,ICUdata,Observable Entity,2000000320,measurement,11136,1987,1.5687667771987999,,,,,,,,,,9.949698189134809
3008295,Osmolality of Serum or Plasma,Measurement,LOINC,Lab Test,2692-2,measurement,11000,5520,4.358124111795358,"mosmol/kg, mosm/kg, mOsm./kg, mOsmol/kg",0.5669671902593177,4.344911879509522,,0.5803571428571429,2.029520295202952,0.5025584795321637,,4.135043182412981,9.019114688128772
2000000397,pacemaker atrial sensitivity threshold,Measurement,ICUdata,Observable Entity,2000000397,measurement,10995,4767,3.7636191378493606,"mV, mA, Geen, ng/L",32.41007528580723,,3.8790334535751345,,,,,9.316932740120388,
3002582,Erythrocytes [#/volume] in Urine,Measurement,LOINC,Lab Test,30391-7,measurement,10880,7334,5.79030475288173,"aantal/uL, , /µl, /µL",0.5297890138488707,5.00335133856405,0.07412165834856946,,,,,,
3016932,Type of Oral tube,Measurement,LOINC,Clinical Observation,9038-1,measurement,10786,7566,5.9734722880151585,,,,,,,,0.40608521728589614,,
3018199,Band form neutrophils [#/volume] in Blood,Measurement,LOINC,Lab Test,26507-4,measurement,10742,6394,5.048160429496289,"10^9/l, 10^9/L, x10e9/L, 10E9/L, x10^9/L",,7.893388006150692,,,,2.928545321637427,,1.0468463752944255,7.0523138832997985
3025220,Type of Body temperature device,Measurement,LOINC,Clinical Observation,8326-1,measurement,10540,1964,1.550607926732986,,,,,,,,10.152130432147404,,
2000000403,Intra-abdominal pressure by bladder measurement,Measurement,ICUdata,Observable Entity,2000000403,measurement,10289,2124,1.6769303647560398,"mmHg, mmHG, cm H2O, ",,2.0029176359263494,3.048870880071157,0.6026785714285714,,3.289473684210526,0.8788411418873872,,
2000000103,ECMO pressure venous,Measurement,ICUdata,Observable Entity,2000000103,measurement,10289,84,0.06631927996210327,"mm Hg, mmHg",,,,,,,,2.1460350693535726,0.01006036217303823
21494991,Pupil assessment [Interpretation],Measurement,LOINC,Clinical Observation,80313-0,measurement,10214,3179,2.509868940470551,,7.212566223626731,,,,,,0.006060973392326808,,
2000000081,Fluid intake drain ,Measurement,ICUdata,Observable Entity,2000000081,measurement,10203,1391,1.0982156955629243,"., ml",1.4220652476996003,,4.699313139299303,,,,,,
3022250,Lactate dehydrogenase [Enzymatic activity/volume] in Serum or Plasma by Lactate to pyruvate reaction,Measurement,LOINC,Lab Test,14804-9,measurement,10007,2348,1.8537817779883152,U/L,,,,10.535714285714286,83.94833948339483,,,,
2000000491,External lumbar drain cm above Monroe,Measurement,ICUdata,Observable Entity,2000000491,measurement,9961,136,0.10737407231959577,cm,,,,,,,,3.533106516618686,
3022948,Iron [Moles/volume] in Serum or Plasma,Measurement,LOINC,Lab Test,14798-3,measurement,9861,8361,6.6011369019422075,"µmol/l, µmol/L, µmol, umol/L",0.4554326610279766,0.784607499112881,0.02470721944952315,0.33482142857142855,,0.5254020467836257,,1.4394137660298352,1.0060362173038229
3002309,Left ventricular Cardiac output by Indicator dilution,Measurement,LOINC,Clinical Observation,8737-9,measurement,9854,1279,1.0097899889467867,l/min,,,,,,5.322551169590644,,,0.43762575452716296
2000000390,extracorporeal gas exchange flow rate,Measurement,ICUdata,Observable Entity,2000000390,measurement,9834,138,0.10895310279488395,"mL/min, L/min",,,,,,,0.3333535365779744,1.2823868097356712,
2000000145,Hemoglobin [Moles/volume] in Mixed venous blood,Measurement,ICUdata,Observable Entity,2000000145,measurement,9796,3524,2.782251697457761,"mmol/L, %",,12.265899144422978,,,,,,0.4187385501177702,
3026782,Osmolality of Urine,Measurement,LOINC,Lab Test,2695-5,measurement,9754,5905,4.662087478288331,"mosm/kg, mosmol/kg, mOsmol/kg, mOsm./kg, ",2.063388790779812,6.572566336789812,,0.15625,,1.0279605263157894,,4.9201779638838,7.147887323943662
42527137,Airway pressure delta setting Ventilator,Measurement,LOINC,Clinical Observation,76152-8,measurement,9708,606,0.47844623401231645,cmH2O,,,,,,,2.0910358203527486,,
3011958,Ammonia [Moles/volume] in Plasma,Measurement,LOINC,Lab Test,16362-6,measurement,9622,3749,2.9598926259276803,"µmol/L, µmol, umol/L, µmol/l",1.1339343805186355,5.362141702479991,1.709739585907002,0.3794642857142857,3.1980319803198034,2.270650584795322,,3.27139492279508,2.3893360160965793
3006225,Type of Enteral tube,Measurement,LOINC,Clinical Observation,8933-4,measurement,9575,7032,5.551871151113216,,0.5111999256436471,,,,,,0.03030486696163404,,
2000000099,ECMO arterial flow,Measurement,ICUdata,Observable Entity,2000000099,measurement,9538,81,0.06395073424917101,Geen,,,,,,,,2.1198639099712118,
3017579,Pulse wave form Posterior tibial artery - right by US.doppler,Measurement,LOINC,Clinical Observation,8924-3,measurement,9471,959,0.757145112900679,,,,,,,4.326571637426901,,,
2000000966,Central venous catheter location,Measurement,ICUdata,Observable Entity,2000000966,measurement,9423,8023,6.334280751618507,,0.8272144251324473,,,,,,,,
3021120,Myelocytes [#/volume] in Blood,Measurement,LOINC,Lab Test,30446-9,measurement,9308,4678,3.693352281699037,"10E9/L, x10^9/L, /nL, 10^9/L, %, 10*9/L, x10e9/L, x10^9/l",4.693744771818943,7.739620707329575,,1.3169642857142858,,1.6767178362573099,,1.020675215912065,
3020416,Erythrocytes [#/volume] in Blood by Automated count,Measurement,LOINC,Lab Test,789-8,measurement,9292,2145,1.6935101847465657,"x10^12/L, 10*12/L",0.09294544102611767,,,0.9375,80.07380073800738,,,,
3034107,Monocytes [#/volume] in Blood by Manual count,Measurement,LOINC,Lab Test,743-5,measurement,9236,5469,4.317858834675509,"10^9/L, x10e9/L",,6.998383471986752,,,,3.9108187134502925,,,
2000000273,Delirium observation screening - general,Measurement,ICUdata,Observable Entity,2000000273,measurement,9127,1871,1.477183009632086,,,,,10.78125,81.24231242312423,,,,
3004789,Transferrin [Mass/volume] in Serum or Plasma,Measurement,LOINC,Lab Test,3034-6,measurement,9021,7651,6.040581083214906,"g/L, g/l, µmol/L",0.46472720513058835,0.8279777628829397,,0.26785714285714285,6.4575645756457565,0.5299707602339181,,1.4655849254121958,0.060362173038229376
3012388,pH of Mixed venous blood,Measurement,LOINC,Lab Test,19213-8,measurement,9012,2996,2.3653876519816834,", Geen",,9.356148720577218,,,,,,8.008374771002355,
3052019,Activated clotting time.kaolin induced of Platelet poor plasma,Measurement,LOINC,Lab Test,48344-6,measurement,8882,1595,1.2592768040423181,sec,,,,,,,,2.093692750588851,
3023602,Cholesterol in HDL [Moles/volume] in Serum or Plasma,Measurement,LOINC,Lab Test,14646-4,measurement,8856,7888,6.227696194536555,"mmol/l, mmol/L",0.3346035876940236,0.8950045341639395,,0.29017857142857145,5.658056580565805,0.28326023391812866,,1.0468463752944255,1.5643863179074446
3023001,Base excess in Mixed venous blood by calculation,Measurement,LOINC,Lab Test,19234-4,measurement,8851,2948,2.327490920574767,mmol/L,,9.226037929267042,,,,,,8.008374771002355,
3016927,Pulse wave form Dorsal pedal artery - left by US.doppler,Measurement,LOINC,Clinical Observation,8918-5,measurement,8804,979,0.7729354176535607,,,,,,,4.417945906432749,,,
21490866,Respiratory quotient Respiratory system,Measurement,LOINC,Clinical Observation,76269-0,measurement,8788,750,0.5921364282330649,,,,,,,,4.091157039820595,,
3004106,Pulse wave form Posterior tibial artery - left by US.doppler,Measurement,LOINC,Clinical Observation,8925-0,measurement,8723,940,0.7421443233854413,,,,,,,4.244334795321637,,,
3037121,Protein [Mass/volume] in Urine,Measurement,LOINC,Lab Test,2888-6,measurement,8484,3296,2.602242223274909,"g/L, g/vzm, g/l",1.9053815410354122,3.1226589914442298,,0.15625,,0.5116959064327485,,2.6956294163831456,1.8712273641851107
3012030,MCH [Entitic mass] by Automated count,Measurement,LOINC,Lab Test,785-6,measurement,8478,1953,1.541923259118901,fmol,,,,0.7366071428571429,77.67527675276753,,,,
3039426,Oxygen saturation Calculated from oxygen partial pressure in Arterial blood,Measurement,LOINC,Lab Test,51733-4,measurement,8366,501,0.39554713405968733,%,4.507853889766707,,,,,,,,
3031282,Methemoglobin/Hemoglobin.total in Mixed venous blood,Measurement,LOINC,Lab Test,41607-3,measurement,8331,3339,2.636191378493605,%,,12.226471631904744,,,,,,,
3014646,Fractional oxyhemoglobin in Blood,Measurement,LOINC,Lab Test,11559-2,measurement,8271,4054,3.200694773409127,"%, ",,4.2975988644876395,,,,,,,
1989449,Temporary pacemaker Ventricular stimulation setting,Measurement,LOINC,Clinical Observation,99693-4,measurement,8204,2362,1.8648349913153324,V,,,,,,,13.285653675980363,,
3013604,Glucose [Mass/volume] in Serum or Plasma --30 minutes post 75 g glucose PO,Measurement,LOINC,Lab Test,1527-1,measurement,8180,3218,2.5406600347386705,mmol/l,0.799330792824612,,,,,,,,
3045424,Erythrocytes [Presence] in Urine,Measurement,LOINC,Lab Test,33051-4,measurement,8173,5035,3.9752092215379755,"., ",2.1191560553954827,2.397192761108702,,1.2723214285714286,,,,,
3046279,Procalcitonin [Mass/volume] in Serum or Plasma,Measurement,LOINC,Lab Test,33959-8,measurement,8086,2103,1.660350544765514,"µg/l, ug/L, µg/L",,1.9910893821708788,,1.0044642857142858,,2.549342105263158,,6.54278984559016,1.5442655935613683
21490826,Nitrogen dioxide [VFr/PPres] Gas delivery system,Measurement,LOINC,Clinical Observation,76113-0,measurement,8072,139,0.10974261803252802,ppm,,,,,,,,3.637791154148129,
3023520,Reticulocytes [#/volume] in Blood,Measurement,LOINC,Lab Test,14196-0,measurement,8061,5766,4.552344860255803,"10E9/L, x10^9/L, x10e9/L, x10^9/l, 10^9/l",0.5111999256436471,2.748097622520995,,,,,,2.747971735147867,14.532193158953723
44802884,Duration of haemodialysis,Measurement,SNOMED,Observable Entity,518201000000108,measurement,8000,807,0.6371387967787778,"minutes, h",,1.636241769506762,0.00494144388990463,,,,,,
3008114,Pulse intensity Posterior tibial artery - left by palpation,Measurement,LOINC,Clinical Observation,8909-4,measurement,7953,3701,2.9219958945207645,,,,,,,3.46765350877193,,,
3003771,Antithrombin Ag actual/normal in Platelet poor plasma by Immunoassay,Measurement,LOINC,Lab Test,27812-7,measurement,7733,4530,3.576504026527712,"Geen, %",,1.1670543705397627,0.01482433166971389,,,13.180738304093568,,0.942161737764983,0.36217303822937624
3009932,Eosinophils [#/volume] in Blood by Manual count,Measurement,LOINC,Lab Test,712-0,measurement,7622,4225,3.335701879046266,"10^9/l, x10e9/L",,6.998383471986752,,,,,,,7.0523138832997985
3024507,Metamyelocytes [#/volume] in Blood,Measurement,LOINC,Lab Test,30433-7,measurement,7535,4196,3.3128059371545873,"10^9/L, /nL, 10E9/L, x10^9/L, x10e9/L",,7.704135946063163,,1.4955357142857142,,2.243238304093567,,0.9945040565297043,
2000000350,fluid output - lumbar drain,Measurement,ICUdata,Observable Entity,2000000350,measurement,7478,182,0.14369177325122376,ml,,,0.7659238029352177,,,,,,
36305611,Tracheostomy tube diameter,Measurement,LOINC,Clinical Observation,89086-3,measurement,7454,2809,2.217748302542239,,,0.18136655758388204,,0.5580357142857143,3.075030750307503,,0.157585308200497,,5.362173038229376
3012336,Haptoglobin [Mass/volume] in Serum or Plasma,Measurement,LOINC,Lab Test,4542-7,measurement,7433,4367,3.4478130427917257,"g/L, g/l",0.7714471605167766,4.171430824429287,,0.46875,6.211562115621156,1.297514619883041,,4.9201779638838,0.7645875251509054
2000000079,Fluid intake CVVH dialysis,Measurement,ICUdata,Observable Entity,2000000079,measurement,7389,413,0.32606979314700774,ml,,,1.9815189998517566,,,,,,
3043662,Wound assessment panel,Measurement,LOINC,Clinical Observation,39135-9,measurement,7189,1283,1.012948049897363,,,,,,,,4.866961634038427,,
3005353,Prothrombin activity actual/normal in Platelet poor plasma by Coagulation assay,Measurement,LOINC,Lab Test,3289-6,measurement,7104,3120,2.46328754144955,g/l,28.599312203736407,,,,,,,,
3008247,Colloid oncotic pressure [Partial pressure] in Plasma,Measurement,LOINC,Lab Test,12186-3,measurement,7016,4865,3.840991631138481,"kPa, mmHg",1.6544288502648945,,0.11365320946780649,,,,,,
3004809,Band form neutrophils/Leukocytes in Blood,Measurement,LOINC,Lab Test,26508-2,measurement,7001,4214,3.3270172114321808,"Geen, %",,1.0527145842368806,,,,6.7160087719298245,,,3.5261569416498992
3017974,Hemoglobin S [Presence] in Blood by Solubility test,Measurement,LOINC,Lab Test,6864-3,measurement,6997,4917,3.8820464234959733,"µmol/l, umol/L",1.431359791802212,,,,,,,,
2000000336,Length source,Measurement,ICUdata,Observable Entity,2000000336,measurement,6992,5626,4.4418127269856305,,,,,,,,21.728589611491607,,
3016042,Acute physiology score,Measurement,LOINC,Clinical Observation,9266-8,measurement,6990,5889,4.649455234486026,,,,,95.82589285714286,93.78843788437884,,,,
3028893,Ketones [Presence] in Urine,Measurement,LOINC,Lab Test,33903-6,measurement,6835,4377,3.455708195168167,", .",1.7659633794962357,2.156684934747467,,,,,,,
3022839,Insertion depth Gastrointestinal tract upper EGD,Measurement,LOINC,Clinical Observation,19791-3,measurement,6695,4215,3.3278067266698246,cm,,,,,,,0.024243893569307232,,
1761753,Glucose [Moles/volume] in Mixed venous blood,Measurement,LOINC,Lab Test,100746-7,measurement,6593,2543,2.007737249328912,mmol/L,,8.240350116311163,,,,,,0.36639623135304894,
3027017,Erythrocytes [#/volume] in Blood by Manual count,Measurement,LOINC,Lab Test,790-6,measurement,6508,3946,3.1154271277435654,"x10^12/l, 10^12/l",2.6396505251417417,,0.04447299500914167,,,,,,
3031579,Sodium [Moles/volume] in Mixed venous blood,Measurement,LOINC,Lab Test,41657-8,measurement,6451,2477,1.9556292436444023,mmol/L,,7.968300279935339,,,,,,0.36639623135304894,
3012347,Physical findings of Right cornea Narrative,Measurement,LOINC,Clinical Observation,29093-2,measurement,6439,1743,1.376125059213643,,,,,,,,7.133765682768653,,
2000000173,Tracheostomy tube type,Measurement,ICUdata,Observable Entity,2000000173,measurement,6375,3322,2.6227696194536554,,0.07435635282089413,0.3193628513977053,4.27929040865741,,,,0.06667070731559488,2.250719706883015,5.407444668008048
3031040,Bacteria [#/volume] in Urine by Automated count,Measurement,LOINC,Lab Test,51480-2,measurement,6361,4287,3.384651823780199,"/µL, /µl, /uL, ",0.6506180871828237,1.5219019832038796,,1.0267857142857142,,0.24214181286549707,,,
3031219,Potassium [Moles/volume] in Mixed venous blood,Measurement,LOINC,Lab Test,41656-0,measurement,6332,2383,1.8814148113058582,mmol/L,,8.208808106296575,,,,,,,
3011367,Oxygen saturation Calculated from oxygen partial pressure in Blood,Measurement,LOINC,Lab Test,2713-6,measurement,6254,2550,2.0132638559924207,,,3.0516894689114062,,,,,,,
3009814,Iron saturation [Molar fraction] in Serum or Plasma,Measurement,LOINC,Lab Test,14801-5,measurement,6110,5317,4.197852518553608,"%, , Geen",,0.7688364941055869,,0.24553571428571427,,0.43859649122807015,,,0.9054325955734407
21490786,Airway occlusion pressure,Measurement,LOINC,Clinical Observation,76004-1,measurement,6080,495,0.39081004263382285,cmH2O,,,,,,,1.612218922358931,,
1761323,Chloride [Moles/volume] in Mixed venous blood,Measurement,LOINC,Lab Test,100745-9,measurement,5974,2213,1.7471972209063635,mmol/L,,7.510941134723811,,,,,,,
3005949,Lactate [Moles/volume] in Mixed venous blood,Measurement,LOINC,Lab Test,19240-1,measurement,5973,2257,1.7819358913627033,mmol/L,,7.830303986121516,,,,,,,
21490593,Intracranial pressure (ICP) Mean,Measurement,LOINC,Clinical Observation,60958-6,measurement,5970,44,0.034738670456339805,mmHg,,,,,,,0.0848536274925753,,
3009767,Physical findings of Left cornea Narrative,Measurement,LOINC,Clinical Observation,29094-0,measurement,5914,1690,1.3342807516185062,,,,,,,,6.836777986544639,,
3001308,Cholesterol in LDL [Moles/volume] in Serum or Plasma,Measurement,LOINC,Lab Test,22748-8,measurement,5818,4958,3.914416548239381,"mmol/L, mmol/l",,0.8910617829121161,,,,0.23300438596491227,,0.9683328971473436,1.5241448692152917
3016038,Potassium [Moles/volume] in Urine,Measurement,LOINC,Lab Test,2828-2,measurement,5722,3437,2.7135638717827253,"mmol/l, mmol/L",1.7752579235988475,1.841264834601585,,,,1.0736476608187135,,1.4132426066474746,5.2364185110663986
36303946,Pressure.plateau Respiratory system airway --on ventilator,Measurement,LOINC,Clinical Observation,76259-1,measurement,5716,600,0.4737091425864519,cmH2O,,,,,,,2.0667919267834414,,
2000000907,Tracheostomy opening aspect,Measurement,ICUdata,Observable Entity,2000000907,measurement,5602,746,0.5889783672824885,,,,3.261352967337056,,,,,,
3027288,Volume expired per minute/Body weight --on ventilator,Measurement,LOINC,Clinical Observation,20141-8,measurement,5596,590,0.4658139902100111,ml/kg IBW,,,,,,,2.024365113037154,,
3022709,Promyelocytes [#/volume] in Blood,Measurement,LOINC,Lab Test,26523-1,measurement,5481,2825,2.2303805463445445,"/nL, x10e9/L, x10^9/L, 10^9/L",,6.998383471986752,,0.44642857142857145,,0.6350511695906432,,1.020675215912065,
3034037,Hematocrit [Volume Fraction] of Mixed venous blood by calculation,Measurement,LOINC,Lab Test,41655-2,measurement,5339,1698,1.340596873519659,L/L,,5.519851752552931,,,,,,0.654278984559016,
3005105,Blasts [#/volume] in Blood,Measurement,LOINC,Lab Test,30376-8,measurement,5309,2671,2.1087951997473553,"10*9/L, x10^9/L, x10e9/L, x10^9/l, /100 leuco's",0.4275490287201413,6.998383471986752,,,,,,1.020675215912065,
3020433,Fluid output miscellaneous Measured,Measurement,LOINC,Clinical Observation,9161-1,measurement,5300,1097,0.8660982156955629,"ml, , ml/uur",,0.01971375625911761,,3.3705357142857144,19.61869618696187,2.759502923976608,,,
3018010,Neutrophils/Leukocytes in Blood,Measurement,LOINC,Lab Test,26511-6,measurement,5296,4127,3.258329385757145,"%, Geen",,,,0.022321428571428572,,2.224963450292398,,,3.073440643863179
3033575,Monocytes [#/volume] in Blood by Automated count,Measurement,LOINC,Lab Test,742-7,measurement,5209,1971,1.5561345333964947,x10^9/L,,,,25.625,25.584255842558427,,,,
3013650,Neutrophils [#/volume] in Blood by Automated count,Measurement,LOINC,Lab Test,751-8,measurement,5144,1982,1.5648192010105795,x10^9/L,,,,25.625,25.707257072570727,,,,
42869592,Oxyhemoglobin/Hemoglobin.total [Pure mass fraction] in Mixed venous blood,Measurement,LOINC,Lab Test,71837-9,measurement,5070,1537,1.213484920258961,,,5.519851752552931,,,,,,,
3027651,Basophils [#/volume] in Blood by Manual count,Measurement,LOINC,Lab Test,705-4,measurement,5045,2526,1.9943154902889626,"Geen, x10e9/L",,6.998383471986752,0.0494144388990463,,,,,,
3001355,Fungus identified in Sputum by Culture,Measurement,LOINC,Lab Test,577-7,measurement,5019,2000,1.579030475288173,,,7.199463785829752,,,,,,,
3009035,Cobalamin (Vitamin B12) [Moles/volume] in Serum or Plasma,Measurement,LOINC,Lab Test,14685-2,measurement,5004,4394,3.469129954208116,"pmol/L, pmol/l",0.35319267589924713,1.2143673855616448,,0.33482142857142855,,0.5619517543859649,,1.4132426066474746,0.8148893360160966
43533604,Anion gap in Mixed venous blood by Calculated.4Ions,Measurement,LOINC,Lab Test,73579-5,measurement,4997,1538,1.214274435496605,mmol/L,,5.460710483775578,,,,,,,
2000000190,bipap inspiratory pressure set,Measurement,ICUdata,Observable Entity,2000000190,measurement,4950,166,0.13105952944891835,"cmH2O, cm H2O",0.4740217492332001,,,0.11160714285714286,,,,0.7589636220884585,0.12072434607645875
1988618,Pacemaker Atrioventricular interval,Measurement,LOINC,Clinical Observation,99682-7,measurement,4919,1004,0.7926732985946628,"ms, s",,,0.4743786134308445,,,4.03874269005848,,,
2000000473,feeding tube suction pressure,Measurement,ICUdata,Observable Entity,2000000473,measurement,4806,230,0.18158850465813992,,,,,,,,1.1091581307958058,,
2000000157,Central venous catheter insertion time,Measurement,ICUdata,Observable Entity,2000000157,measurement,4778,3848,3.038054634454445,"uur, , 24 uur, min",,,,,,,,71.39492279507982,5.56841046277666
3038071,Oxygen [Partial pressure] in Mixed venous blood,Measurement,LOINC,Lab Test,19211-2,measurement,4666,1771,1.3982314858676772,"mm Hg, kPa",,4.829870283483815,,,,,,8.19157288667888,
40758414,Glasgow coma score special circumstances,Measurement,LOINC,Clinical Observation,55285-1,measurement,4638,2824,2.2295910311069003,,,,,,,,0.024243893569307232,,
21490692,Gas delivery system inspiratory Nitrous oxide setting [VFr/PPres],Measurement,LOINC,Clinical Observation,60773-9,measurement,4576,139,0.10974261803252802,ppm,,,,,,,,3.637791154148129,
2000000045,Heparin speed CVVH,Measurement,ICUdata,Observable Entity,2000000045,measurement,4456,73,0.05763461234801832,ml/u,,,,0.9821428571428571,1.6605166051660516,,,,
4147814,Vital capacity,Measurement,SNOMED,Observable Entity,268379003,measurement,4432,2261,1.7850939523132796,,0.018589088205223533,,,,,,,,
3003344,Hemoglobin [Presence] in Urine,Measurement,LOINC,Lab Test,725-2,measurement,4396,2426,1.9153639665245539,,,1.4272759531601151,,,,,,,
3015085,Mitral valve Regurgitation degree by US.doppler,Measurement,LOINC,Clinical Observation,18113-1,measurement,4344,4053,3.1999052581714826,"l/min, ",,,,0.9151785714285714,0.12300123001230012,0.7447002923976608,,,
21490670,Heart rate Intra arterial line by Invasive,Measurement,LOINC,Clinical Observation,60978-4,measurement,4342,57,0.045002368545712934,"/min, sl/min",,,,,,,,,0.22635814889336017
3024461,Microorganism identified in Specimen by Culture,Measurement,LOINC,Lab Test,11475-1,measurement,4334,2011,1.587715142902258,,,2.9846626976304065,,,,,,,
3026008,Bacteria identified in Urine by Culture,Measurement,LOINC,Lab Test,630-4,measurement,4323,2346,1.852202747513027,,,4.143831565666522,,,,,,,
36033651,SARS-CoV-2 (COVID-19) sequencing and identification panel - Specimen by Molecular genetics method,Measurement,LOINC,Lab Test,96894-1,measurement,4321,2381,1.8798357808305701,,,2.6298150849662894,,,,,,,
3021960,Folate [Moles/volume] in Serum or Plasma,Measurement,LOINC,Lab Test,14732-2,measurement,4256,3765,2.9725248697299858,"nmol/l, nmol/L",0.2695417789757412,0.9541458029412925,,0.33482142857142855,9.71709717097171,0.48428362573099415,,1.0730175346767863,0.5734406438631791
3028879,Pathologic findings,Measurement,LOINC,Lab Test,33746-9,measurement,4248,3216,2.5390810042633825,,,2.0936009147182904,,,,,,,
3021513,Carbon dioxide [Partial pressure] in Mixed venous blood,Measurement,LOINC,Lab Test,19212-0,measurement,4183,1515,1.1961155850307912,"kPa, mm Hg",,3.788983953002405,,,,,,8.19157288667888,
4241837,Forced expired volume in 1 second,Measurement,SNOMED,Observable Entity,59328004,measurement,4169,2259,1.7835149218379915,,0.018589088205223533,,,,,,,,
3018480,Type of Chest tube,Measurement,LOINC,Clinical Observation,8930-0,measurement,4099,3821,3.0167377230380548,,,,,,,,,,
1092251,Bacteria identified in Bronchoalveolar lavage by Culture,Measurement,LOINC,Lab Test,105917-9,measurement,4000,1713,1.3524396020843201,,,6.237432480384813,,,,,,,
3011961,Ferritin [Mass/volume] in Blood,Measurement,LOINC,Lab Test,24373-3,measurement,3906,3017,2.3819674719722093,ng/ml,,,,,,0.7081505847953217,,,
3044904,Oxygen content in Blood,Measurement,LOINC,Lab Test,34163-6,measurement,3882,1185,0.9355755566082425,"mL/dL, vol%",,2.724441115010054,,,,,,0.5234231876472127,
3036593,Pulse intensity Radial artery - left by palpation,Measurement,LOINC,Clinical Observation,8910-2,measurement,3751,3264,2.5769777356702983,,,,,2.4776785714285716,4.981549815498155,0.31067251461988304,0.01818292017698042,,0.04527162977867203
46236948,"Glucose [Moles/volume] in Serum, Plasma or Blood",Measurement,LOINC,Lab Test,77135-2,measurement,3594,524,0.41370598452550134,"mmol/l, ",,,,1.4285714285714286,10.33210332103321,,,,
2000001033,Fluid intake epidural,Measurement,ICUdata,Observable Entity,2000001033,measurement,3590,179,0.1413232275382915,ml(MILLILITER),,,,3.861607142857143,,,,,
3004410,Hemoglobin A1c/Hemoglobin.total in Blood,Measurement,LOINC,Lab Test,4548-4,measurement,3551,2744,2.1664298120953736,"Geen, mmol/mol",0.4833162933358119,,,,,0.04111842105263158,,1.517927244176917,0.176056338028169
3019897,Erythrocyte [DistWidth] in Red Blood Cells by Automated count,Measurement,LOINC,Lab Test,788-0,measurement,3499,2440,1.9264171798515712,", %",0.10223998512872944,1.5337302369593502,,,,,,1.7534676786181629,
3002179,Metamyelocytes/Leukocytes in Blood,Measurement,LOINC,Lab Test,28541-1,measurement,3444,2215,1.7487762513816516,%,,0.8358632653865867,,,,4.518457602339181,,,
3036481,Cortisol [Moles/volume] in Serum or Plasma,Measurement,LOINC,Lab Test,14675-3,measurement,3273,1225,0.967156166114006,"nmol/l, µmol, µmol/L, nmol/L",,,,0.20089285714285715,0.7380073800738007,1.4300073099415205,,0.3925673907354096,3.495975855130785
3015377,Calcium [Moles/volume] in Serum or Plasma,Measurement,LOINC,Lab Test,2000-8,measurement,3263,1360,1.0737407231959577,mmol/L,,,,3.638392857142857,21.771217712177123,,,,
3015399,Transferrin receptor.soluble [Mass/volume] in Serum or Plasma,Measurement,LOINC,Lab Test,30248-9,measurement,3137,2642,2.0858992578556768,%,0.38107630820708244,,,,,,,,
3035954,Pulse intensity Femoral artery - left by palpation,Measurement,LOINC,Clinical Observation,8904-5,measurement,3131,3012,2.3780198957839884,,,,,,,0.27869152046783624,,,
3035878,Pulse intensity Femoral artery - right by palpation,Measurement,LOINC,Clinical Observation,8905-2,measurement,3118,3008,2.3748618348334123,,,,,,,0.25584795321637427,,,
4304958,Vancomycin resistant Enterococcus culture,Measurement,SNOMED,Procedure,118007009,measurement,3111,903,0.7129322595926101,,,2.6455860899735835,,,,,,,
3002468,Pulse intensity Carotid artery - left by palpation,Measurement,LOINC,Clinical Observation,8900-3,measurement,3082,3030,2.3922311700615824,,,,,0.08928571428571429,2.091020910209102,0.07766812865497076,,,
3001436,Pulse intensity Carotid artery - right by palpation,Measurement,LOINC,Clinical Observation,8901-1,measurement,3076,3025,2.388283593873362,,,,,0.06696428571428571,1.7220172201722017,0.08223684210526316,,,
4015171,"Neutrophil count, automated, cerebrospinal fluid",Measurement,SNOMED,Procedure,104110004,measurement,2934,941,0.7429338386230854,"%, 10E6/L",,2.271024721050349,,,,,,,
3037577,Monocytes/Leukocytes in Cerebral spinal fluid,Measurement,LOINC,Lab Test,26486-1,measurement,2932,941,0.7429338386230854,"10E6/L, %",,2.271024721050349,,,,,,,
3035510,Gentamicin [Mass/volume] in Serum or Plasma,Measurement,LOINC,Lab Test,35668-3,measurement,2921,1292,1.0200536870361598,"mg/l, mg/L",,3.583960887907582,,,,,,0.26171159382360637,0.7696177062374245
3014724,Creatinine [Moles/time] in 24 hour Urine,Measurement,LOINC,Lab Test,14684-5,measurement,2841,1381,1.0903205431864835,"mmol/24u, mmol/(24.h), mmol/24 uur, mmol/24uur",0.009294544102611766,0.9541458029412925,,0.08928571428571429,,,,10.442292593561895,1.1619718309859155
36303914,Fungus identified in Bronchoalveolar lavage by Culture,Measurement,LOINC,Lab Test,88686-1,measurement,2820,1486,1.1732196431391126,,,5.437053976264638,,,,,,,
21490594,Intracranial pressure (ICP) Systolic,Measurement,LOINC,Clinical Observation,60959-4,measurement,2808,59,0.046581399021001106,mm Hg,,,,,,,,1.5440984035592777,
3037903,Physical findings of Lower leg,Measurement,LOINC,Clinical Observation,32445-9,measurement,2793,1137,0.8976788252013264,,,,,17.566964285714285,20.78720787207872,,,,
2000000203,fio2 --non-invasive,Measurement,ICUdata,Observable Entity,2000000203,measurement,2790,561,0.44291804831833254,,1.8960869969328005,,,,,,,,
3014429,Appearance of Body fluid,Measurement,LOINC,Lab Test,9335-1,measurement,2761,1092,0.8621506395073425,,,2.527303552418878,,,,,,,
2000000382,intra-aortic balloon pump trigger,Measurement,ICUdata,Observable Entity,2000000382,measurement,2754,141,0.1113216485078162,,,,,,,,,0.8113059408531798,
2000000974,Pacemaker leads location,Measurement,ICUdata,Observable Entity,2000000974,measurement,2751,2712,2.1411653244907627,,0.046472720513058834,,,,,,,,
37172182,Aortic valve ventriculoarterial peak gradient,Measurement,SNOMED,Observable Entity,45321000087109,measurement,2750,1195,0.9434707089846834,mmHg,,,,,,0.2604166666666667,,,
46235754,Galactomannan Ag [Units/volume] in Bronchoalveolar lavage,Measurement,LOINC,Lab Test,76075-1,measurement,2659,1344,1.0611084793936523,,,4.924496313527579,,,,,,,
3004206,Cells Counted Total [#] in Cerebral spinal fluid,Measurement,LOINC,Lab Test,19075-1,measurement,2636,1018,0.8037265119216801,"10E6/L, Cells/µl",,1.7821235658242323,,,,0.9594298245614035,,,
3004775,Volume in Urine collected for unspecified duration,Measurement,LOINC,Lab Test,19153-6,measurement,2632,987,0.7792515395547134,mL,,1.0881993455032921,,,,,,12.562156503533107,
3016750,Collection duration of Urine,Measurement,LOINC,Lab Test,13362-9,measurement,2624,989,0.7808305700300016,"h, uur",,1.0881993455032921,,,,,,12.562156503533107,
3021589,Normoblasts [#/volume] in Blood,Measurement,LOINC,Lab Test,715-3,measurement,2622,1741,1.3745460287383546,10^9/l,,,0.03459010722933241,,,,,,7.042253521126761
3015956,Eosinophils/Leukocytes in Blood by Manual count,Measurement,LOINC,Lab Test,714-6,measurement,2606,1265,0.9987367756197695,"10*9/L, x10^9/l",8.318616971837532,,,,,,,,
3003215,Lymphocytes [#/volume] in Blood by Manual count,Measurement,LOINC,Lab Test,732-8,measurement,2552,1306,1.031106900363177,"Geen, 10*9/L, x10^9/l, /nL",6.710660842085696,,0.08894599001828334,2.0535714285714284,,,,,
3027874,Urate [Moles/volume] in Urine,Measurement,LOINC,Lab Test,14934-4,measurement,2540,530,0.4184430759513659,mmol/L,,0.6544967078027047,,,,,,1.23004449097095,
2000000333,restrictive policy order dialysis,Measurement,ICUdata,Observable Entity,2000000333,measurement,2538,2095,1.6540344228643613,,,,,,,,,5.888510861031143,9.336016096579478
3013142,Albumin/Protein.total in 24 hour Urine by Electrophoresis,Measurement,LOINC,Lab Test,13986-5,measurement,2473,1619,1.278225169745776,.,2.1842178641137653,,,,,,,,
3041253,Oxygen saturation Calculated from oxygen partial pressure in Venous blood,Measurement,LOINC,Lab Test,51731-8,measurement,2446,399,0.31501657981999054,%,3.1787340830932242,,,,,,,,
3027945,Reticulocytes/Erythrocytes in Blood,Measurement,LOINC,Lab Test,4679-7,measurement,2444,1383,1.0918995736617716,%,,2.0108031384299965,,,,,,,
3032674,Salmonella sp DNA [Presence] in Specimen by NAA with probe detection,Measurement,LOINC,Lab Test,49612-5,measurement,2350,1439,1.1361124269698406,,,1.3720774356345857,,,,,,,
21493470,Yersinia enterocolitica DNA [Presence] in Stool by NAA with non-probe detection,Measurement,LOINC,Lab Test,82202-3,measurement,2350,1439,1.1361124269698406,,,1.3720774356345857,,,,,,,
2000000569,level - gastric suction drain,Measurement,ICUdata,Observable Entity,2000000569,measurement,2349,168,0.13263855992420653,mL,,,,,,,,4.370583616854226,
3014295,Oxygen saturation in Arterial cord blood,Measurement,LOINC,Lab Test,28642-7,measurement,2347,355,0.2802779093636507,%,1.0038107630820707,,,,,,,,
3018095,Leukocytes [#/volume] in Urine,Measurement,LOINC,Lab Test,30405-5,measurement,2341,1657,1.3082267487762513,.,1.8682033646249652,,,,,,,,
2000000340,eligibility to be an organ donor,Measurement,ICUdata,Observable Entity,2000000340,measurement,2314,2215,1.7487762513816516,,,,,,,,7.2731680707921695,,
3042208,Human coronavirus RNA [Identifier] in Specimen by NAA with probe detection,Measurement,LOINC,Lab Test,41000-1,measurement,2285,1589,1.2545397126164535,,,3.7771556992469346,,,,,,,
3012920,Ethanol [Mass/volume] in Serum or Plasma,Measurement,LOINC,Lab Test,5643-2,measurement,2278,2129,1.6808779409442602,"0/00, g/l, promille, o/oo, g/L",0.1673017938470118,0.5440996727516461,,0.5357142857142857,,,,,0.1358148893360161
42868453,Bicarbonate [Moles/volume] standard in Plasma,Measurement,LOINC,Lab Test,69964-5,measurement,2247,349,0.2755408179377862,mmol/l,0.957338042569012,,,,,,,,
40761010,Clostridioides difficile glutamate dehydrogenase [Presence] in Stool,Measurement,LOINC,Lab Test,57901-1,measurement,2246,1284,1.0137375651350071,,,1.4351614556637622,,,,,,,
3022407,Monocytes/Leukocytes in Blood by Manual count,Measurement,LOINC,Lab Test,744-3,measurement,2236,1141,0.9008368861519027,"x10^9/l, 10*9/L",6.701366297983084,,,,,,,,
37017370,Frailty Index,Measurement,SNOMED,Staging / Scales,713634000,measurement,2205,2111,1.6666666666666667,,12.67775815596245,,,,,,,,
3016597,I Ab [Presence] in Serum or Plasma,Measurement,LOINC,Lab Test,1060-3,measurement,2189,1455,1.1487446707721458,,,,,4.375,,,,,
2000000378,Fluid output - gastric suction,Measurement,ICUdata,Observable Entity,2000000378,measurement,2181,383,0.30238433601768516,ml,,,1.685032366457479,,,,,,
3009577,Iron binding capacity [Moles/volume] in Serum or Plasma,Measurement,LOINC,Lab Test,14800-7,measurement,2155,1904,1.5032370124743408,"µmol/l, µmol/L, umol/L",0.009294544102611766,0.6939242203209399,,,,,,,0.9004024144869215
3036489,Thrombin time,Measurement,LOINC,Lab Test,3243-3,measurement,2128,1177,0.9292594347070898,"sec, sec.",,,,0.15625,,,,24.339178225595393,0.15593561368209255
46235763,Parainfluenza virus 1 RNA [Presence] in Nasopharynx by NAA with probe detection,Measurement,LOINC,Lab Test,76084-3,measurement,2124,1573,1.241907468814148,,,3.374995071560935,,,,,,,
21493340,Parainfluenza virus 4 RNA [Presence] in Nasopharynx by NAA with non-probe detection,Measurement,LOINC,Lab Test,82174-4,measurement,2124,1573,1.241907468814148,,,3.374995071560935,,,,,,,
21493339,Parainfluenza virus 3 RNA [Presence] in Nasopharynx by NAA with non-probe detection,Measurement,LOINC,Lab Test,82173-6,measurement,2124,1573,1.241907468814148,,,3.374995071560935,,,,,,,
21493338,Parainfluenza virus 2 RNA [Presence] in Nasopharynx by NAA with non-probe detection,Measurement,LOINC,Lab Test,82172-8,measurement,2124,1573,1.241907468814148,,,3.374995071560935,,,,,,,
46235750,Aspergillus sp DNA [Presence] in Bronchoalveolar lavage by NAA with probe detection,Measurement,LOINC,Lab Test,76071-0,measurement,2108,1047,0.8266224538133586,,,3.879667231794346,,,,,,,
2000000525,uncuffed trachea canule,Measurement,ICUdata,Observable Entity,2000000525,measurement,2099,1016,0.8021474814463919,,,,,,,,,,5.050301810865191
2000000480,Tracheostomy Indication,Measurement,ICUdata,Observable Entity,2000000480,measurement,2079,1301,1.0271593241749566,,,,4.328704847556456,,,,0.06667070731559488,,1.6398390342052314
3020044,Glucose [Moles/volume] in Cerebral spinal fluid,Measurement,LOINC,Lab Test,14744-7,measurement,2074,1404,1.1084793936522974,mmol/L,0.009294544102611766,2.6455860899735835,,,,0.9639985380116959,,,
3005478,Glucose [Mass/time] in 24 hour Urine,Measurement,LOINC,Lab Test,2351-5,measurement,2052,1312,1.0358439917890416,.,1.9704433497536946,,,,,,,,
3012986,Erythrocytes [#/volume] in Cerebral spinal fluid by Automated count,Measurement,LOINC,Lab Test,791-4,measurement,2039,1164,0.9189957366177167,"cells/M ml, x10e6/L, x10^6/L, 10E6/L",,2.4642195323897016,0.13341898502742502,,,,,2.015179272441769,
3002125,Leukocytes [#/volume] in Cerebral spinal fluid by Automated count,Measurement,LOINC,Lab Test,805-2,measurement,2011,1125,0.8882046423495974,"cells/M ml, x10e6/L, x10^6/L, 10E6/L",,2.4642195323897016,,,,,,1.9890081130594086,
3007591,Band form neutrophils/Leukocytes in Blood by Manual count,Measurement,LOINC,Lab Test,764-1,measurement,2009,1032,0.8147797252486974,"10*9/L, x10^9/l, /nL",5.52095919695139,,,1.9419642857142858,,,,,
3009797,Basophils/Leukocytes in Blood by Manual count,Measurement,LOINC,Lab Test,707-0,measurement,2002,977,0.7713563871782726,"10*9/L, x10^9/l",6.571242680546519,,,,,,,,
3011520,Treponema pallidum Ab [Presence] in Serum by Immunoassay,Measurement,LOINC,Lab Test,24110-9,measurement,1993,1840,1.4527080372651193,,,0.41793163269329336,,,,,,,
40765210,Herpes simplex virus 1 DNA [#/volume] (viral load) in Bronchoalveolar lavage by NAA with probe detection,Measurement,LOINC,Lab Test,62473-4,measurement,1967,716,0.565292910153166,", Cp/ml",,2.6889563537436425,,,,,,,
3031911,Cytomegalovirus DNA [#/volume] (viral load) in Bronchoalveolar lavage by NAA with probe detection,Measurement,LOINC,Lab Test,49349-4,measurement,1962,717,0.56608242539081,", IU/mL",,2.692899104995466,,,,,,,
3025643,Ethanol [Mass/volume] in Blood,Measurement,LOINC,Lab Test,5640-8,measurement,1929,1652,1.304279172588031,"g/L, 0/00",,0.34301935890864643,,,,,,0.5234231876472127,
3046588,Normoblasts/Blasts in Blood,Measurement,LOINC,Lab Test,33957-2,measurement,1910,826,0.6521395862940155,"%, /100 leuc",,,0.054355882788950934,,,,,,3.4054325955734406
21493943,Blood loss [Volume] Measured,Measurement,LOINC,Clinical Observation,81661-1,measurement,1908,864,0.6821411653244908,", ml, mL",,0.18925206008752907,,1.0044642857142858,21.03321033210332,,,,1.2826961770623742
3022174,Leukocytes [#/volume] in Body fluid,Measurement,LOINC,Lab Test,26466-3,measurement,1900,1087,0.8582030633191221,", x10^9/l, 10E9/L",0.15800724974440003,1.7624098095651146,,,,,,,
3022192,Triglyceride [Mass/volume] in Serum or Plasma,Measurement,LOINC,Lab Test,2571-8,measurement,1885,1570,1.239538923101216,"mmol/L, mmol/l",0.5297890138488707,,,,,,,,
3012898,Urea [Moles/volume] in Urine,Measurement,LOINC,Lab Test,22700-9,measurement,1867,1197,0.9450497394599716,"mmol/l, mmol/L",,0.3154201001458818,,,,0.37006578947368424,,2.669458257000785,1.6750503018108651
3019473,Protein [Mass/volume] in Cerebral spinal fluid,Measurement,LOINC,Lab Test,2880-3,measurement,1846,1298,1.0247907784620243,"mg/L, g/l, g/L",0.009294544102611766,2.08177266096282,,0.26785714285714285,,0.9731359649122807,,2.04135043182413,
3020876,Protein [Mass/time] in 24 hour Urine,Measurement,LOINC,Lab Test,2889-4,measurement,1838,752,0.5937154587083531,"g/(24.h), g/24 uur, g/24uur, g/24u",1.189701645134306,0.6347829515435871,,0.06696428571428571,,,,0.287882753205967,0.306841046277666
1092055,Human bocavirus DNA [Presence] in Nasopharynx by NAA with probe detection,Measurement,LOINC,Lab Test,105433-7,measurement,1826,1322,1.0437391441654824,,,2.8111816425501717,,,,,,,
3025113,Glucose [Mass/volume] in Serum or Plasma --15 minutes post dose lactose PO,Measurement,LOINC,Lab Test,12648-2,measurement,1814,1532,1.2095373440707406,mmol/l,0.24165814666790594,,,,,,,,
3002079,Sodium [Moles/time] in 24 hour Urine,Measurement,LOINC,Lab Test,2956-1,measurement,1763,732,0.5779251539554714,"mmol/24uur, mmol/24u, mmol/(24.h), mmol/24 uur",1.152523468723859,0.5322714189961756,,0.044642857142857144,,,,0.26171159382360637,0.39738430583501005
3002623,Legionella pneumophila Ag [Presence] in Urine by Latex agglutination,Measurement,LOINC,Lab Test,17058-9,measurement,1760,1499,1.1834833412284858,,,4.068919291881875,,,,,,,
3035167,Continuous positive airway pressure Respiratory system,Measurement,LOINC,Clinical Observation,35410-0,measurement,1748,1055,0.8329385757145112,"uur, dag",,,,,,4.810855263157895,,,
2000000329,eligibility to be a tissue donor,Measurement,ICUdata,Observable Entity,2000000329,measurement,1732,1670,1.3184904468656244,,,,,,,,5.376083398993878,,
3966163,Shigella sp DNA [Presence] in Stool by NAA with probe detection,Measurement,LOINC,Lab Test,101427-3,measurement,1676,1008,0.7958313595452392,,,0.9462603004376454,,,,,,,
3021601,Nitrite [Presence] in Urine by Test strip,Measurement,LOINC,Lab Test,5802-4,measurement,1674,1056,0.8337280909521554,,,,,1.2723214285714286,28.351783517835177,,,,
46235749,Adenovirus DNA [Presence] in Nasopharynx by NAA with probe detection,Measurement,LOINC,Lab Test,76070-2,measurement,1670,1228,0.9695247118269382,,,2.6810708512399954,,,,,,,
3040891,Heart rate --resting,Measurement,LOINC,Clinical Observation,40443-4,measurement,1621,1190,0.9395231327964629,,0.8550980574402826,,,,,,,,
4196583,FEV1/FVC percent,Measurement,SNOMED,Observable Entity,313222007,measurement,1605,1600,1.2632243802305385,%,,,,,,0.009137426900584795,,,
3022730,Type of Stool collection device,Measurement,LOINC,Clinical Observation,9248-6,measurement,1568,1428,1.1274277593557556,,,,,,,,,,
46236735,Rhinovirus RNA [Presence] in Nasopharynx by NAA with probe detection,Measurement,LOINC,Lab Test,77025-5,measurement,1562,1154,0.9111005842412758,,,2.594330323699878,,,,,,,
37020808,Human metapneumovirus RNA [Presence] in Respiratory system specimen by NAA with probe detection,Measurement,LOINC,Lab Test,92134-6,measurement,1557,1038,0.8195168166745618,,,2.2434254622875844,,,,,,,
3025428,Microscopic observation [Identifier] in Cerebral spinal fluid,Measurement,LOINC,Lab Test,32190-1,measurement,1553,735,0.5802936996684036,,,1.8846350983716438,,,,,,,
42527661,Body height Mother,Measurement,LOINC,Clinical Observation,83846-6,measurement,1544,736,0.5810832149060476,cm,,,,,,,0.27880477604703313,,
3012392,Metamyelocytes [#/volume] in Blood by Manual count,Measurement,LOINC,Lab Test,739-3,measurement,1520,793,0.6260855834517606,"x10^9/l, 10*9/L",4.963286550794684,,,,,,,,
1259611,SARS-CoV-2 (COVID-19) RNA [Presence] in Respiratory system specimen,Measurement,LOINC,Lab Test,104451-0,measurement,1508,932,0.7358282014842886,,,3.284311792768994,,,,,,,
3016879,Cocaine [Presence] in Urine,Measurement,LOINC,Lab Test,3397-7,measurement,1449,1295,1.0224222327490922,"µg/L, ",0.009294544102611766,2.1369711784883494,,0.26785714285714285,,,,,
1091558,Toxic granules [Presence] in Blood,Measurement,LOINC,Lab Test,104789-3,measurement,1435,785,0.619769461550608,"., ",4.545032066177154,,,,,,,,
21490552,Sevoflurane [VFr/PPres] Gas delivery system,Measurement,LOINC,Clinical Observation,60781-2,measurement,1435,575,0.45397126164534973,%,,,,,,,0.2303169889084187,,
3002516,Microscopic observation [Identifier] in Sputum by Gram stain,Measurement,LOINC,Lab Test,648-6,measurement,1433,1113,0.8787304594978683,,,4.139888814414698,,,,,,,
3009966,Cholesterol in LDL [Mass/volume] in Serum or Plasma by Direct assay,Measurement,LOINC,Lab Test,18262-6,measurement,1433,1390,1.0974261803252803,"mmol/L, mmol/l",0.31601449948880006,,,,,,,,
3035509,Tobramycin [Mass/volume] in Serum or Plasma,Measurement,LOINC,Lab Test,35670-9,measurement,1431,622,0.4910784778146218,mg/l,,,,,,1.5122441520467835,,,1.1217303822937625
3026250,Tacrolimus [Mass/volume] in Blood,Measurement,LOINC,Lab Test,11253-2,measurement,1386,148,0.1168482551713248,"mg/l, µg/L, µg/l",0.046472720513058834,,,,,,,3.2190526040303586,
3011884,Cholesterol in HDL [Presence] in Serum or Plasma,Measurement,LOINC,Lab Test,27340-9,measurement,1386,1348,1.0642665403442286,"ratio, .",0.28813086718096476,,,,,,,,
40765214,Herpes simplex virus 2 DNA [#/volume] (viral load) in Bronchoalveolar lavage by NAA with probe detection,Measurement,LOINC,Lab Test,62477-5,measurement,1386,716,0.565292910153166,,,2.6889563537436425,,,,,,,
3028899,Airway temperature setting Ventilator,Measurement,LOINC,Clinical Observation,33446-6,measurement,1369,210,0.16579819990525818,°C,,,,4.6875,,,,,
3036180,Methadone [Presence] in Urine,Measurement,LOINC,Lab Test,3773-9,measurement,1274,1174,0.9268908889941576,"., ",0.5483781020540942,1.8846350983716438,,,,,,,
3014485,Sodium [Moles/volume] in 24 hour Urine,Measurement,LOINC,Lab Test,21525-1,measurement,1251,602,0.4752881730617401,mmol/l,2.9742541128357654,,,,,,,,
3000058,Para nitrophenol/Creatinine [Mass Ratio] in Urine,Measurement,LOINC,Lab Test,13790-1,measurement,1249,573,0.4523922311700616,mmol/l,3.2623849800167304,,,,,,,,
37019690,Mycoplasma pneumoniae DNA [Presence] in Upper respiratory specimen by NAA with probe detection,Measurement,LOINC,Lab Test,91804-5,measurement,1216,938,0.7405652929101532,,,3.1068879864369356,,,,,,,
37021465,Parainfluenza virus 3 RNA [Presence] in Respiratory system specimen by NAA with probe detection,Measurement,LOINC,Lab Test,92138-7,measurement,1204,817,0.6450339491552187,,,2.850609155068407,,,,,,,
3028300,Cannabinoids [Presence] in Urine,Measurement,LOINC,Lab Test,3427-2,measurement,1199,1093,0.8629401547449865,", µg/L",,1.924062610889879,,0.26785714285714285,,,,,
3031478,Chlamydophila pneumoniae DNA [Presence] in Specimen by NAA with probe detection,Measurement,LOINC,Lab Test,34645-2,measurement,1199,925,0.73030159482078,,,3.079288727674171,,,,,,,
3020565,Legionella pneumophila DNA [Presence] in Specimen by NAA with probe detection,Measurement,LOINC,Lab Test,21363-7,measurement,1196,921,0.7271435338702037,,,3.0516894689114062,,,,,,,
3041748,Fungus identified in Urine by Culture,Measurement,LOINC,Lab Test,40435-0,measurement,1188,764,0.6031896415600821,,,0.9304892954303513,,,,,,,
606289,6 minute walk test distance,Measurement,SNOMED,Observable Entity,1144649008,measurement,1185,905,0.7145112900678983,m.,,,,,,,,,
2000000902,Tracheostomy requesting specialty,Measurement,ICUdata,Observable Entity,2000000902,measurement,1182,824,0.6505605558187273,,,,3.8790334535751345,,,,,,
3032271,Calcium.ionized [Moles/volume] in Mixed venous blood,Measurement,LOINC,Lab Test,41646-1,measurement,1177,839,0.6624032843833886,mmol/L,,2.0502306509482318,,,,,,0.3402250719706883,
36303943,Heart rate --W exercise,Measurement,LOINC,Clinical Observation,89273-7,measurement,1144,851,0.6718774672351177,,0.2509526907705177,,,,,,,,
3013652,Pulmonary vascular Resistance,Measurement,LOINC,Clinical Observation,8828-6,measurement,1133,335,0.264487604610769,"(dyne*sec)/cm5, , sec cm-5",,,,0.044642857142857144,,,1.7213164434208135,,
3000034,Microalbumin [Mass/volume] in Urine,Measurement,LOINC,Lab Test,14957-5,measurement,1113,821,0.6481920101057951,"mg/l, mg/L",0.009294544102611766,0.19713756259117612,,0.15625,,0.689875730994152,,0.942161737764983,
3009713,Pulmonary vascular Resistance index,Measurement,LOINC,Clinical Observation,8834-4,measurement,1110,331,0.2613295436601926,"(dyne*sec)/cm5/m2, dsc-5/m2",,,,,,,1.7091944966361599,,
3020064,Aortic valve Orifice area by US,Measurement,LOINC,Clinical Observation,18089-3,measurement,1101,1021,0.8060950576346123,cm^2,,,,,,0.19188596491228072,,,
2000000912,Tracheostomy performing specialty,Measurement,ICUdata,Observable Entity,2000000912,measurement,1088,781,0.6166114006000316,,,0.1419390450656468,,,,,,,
3966351,Clostridioides difficile DNA [Presence] in Stool by NAA with probe detection,Measurement,LOINC,Lab Test,101557-7,measurement,1040,590,0.4658139902100111,,,0.6544967078027047,,,,,,,
3031163,Eosinophils [#/volume] in Cerebral spinal fluid,Measurement,LOINC,Lab Test,34958-9,measurement,1030,538,0.42475919785251853,10E6/L,,1.238023893072586,,,,,,,
1175658,Asymmetry of lower face,Measurement,LOINC,Clinical Observation,90869-9,measurement,1029,228,0.18000947418285174,,,,,2.5,6.826568265682657,,,,
46235757,Influenza virus A RNA [Presence] in Nasopharynx by NAA with probe detection,Measurement,LOINC,Lab Test,76078-5,measurement,1028,824,0.6505605558187273,,,2.1330284272365256,,,,,,,
46235759,Influenza virus B RNA [Presence] in Nasopharynx by NAA with probe detection,Measurement,LOINC,Lab Test,76080-1,measurement,1026,822,0.6489815253434391,,,2.1251429247328786,,,,,,,
1091174,Human metapneumovirus RNA [Presence] in Specimen by Molecular genetics method,Measurement,LOINC,Lab Test,104737-2,measurement,1026,822,0.6489815253434391,,,2.1251429247328786,,,,,,,
46235794,Respiratory syncytial virus RNA [Presence] in Nasopharynx by NAA with probe detection,Measurement,LOINC,Lab Test,76089-2,measurement,1026,822,0.6489815253434391,,,2.1251429247328786,,,,,,,
2000000031,CRRT dialysate solution,Measurement,ICUdata,Observable Entity,2000000031,measurement,1024,334,0.2636980893731249,l,,,,,,1.4163011695906433,,,
3007164,IgA [Mass/volume] in Serum or Plasma,Measurement,LOINC,Lab Test,2458-8,measurement,1024,809,0.638717827254066,"g/l, g/L, E/ml",0.009294544102611766,0.6544967078027047,,,,0.3746345029239766,,0.7851347814708192,
3028026,IgM [Mass/volume] in Serum or Plasma,Measurement,LOINC,Lab Test,2472-9,measurement,1013,804,0.6347702510658456,"g/l, g/L",0.009294544102611766,0.6623822103063518,,0.13392857142857142,1.168511685116851,0.34265350877192985,,0.7851347814708192,
40763136,Ganciclovir [Mass/volume] in Blood,Measurement,LOINC,Lab Test,60077-5,measurement,1006,254,0.20053687036159798,mg/l,,,,,,1.032529239766082,,,
2000000930,Vacuum wound therapy negative pressure,Measurement,ICUdata,Observable Entity,2000000930,measurement,1004,152,0.12000631612190116,,0.6877962635932707,,,,,,,,
1092158,Clostridioides difficile toxin genes [Presence] in Stool by Molecular genetics method,Measurement,LOINC,Lab Test,104731-5,measurement,1003,602,0.4752881730617401,,,0.7057524740764105,,,,,,,
3012133,Amylase [Enzymatic activity/volume] in Body fluid,Measurement,LOINC,Lab Test,1795-4,measurement,1000,242,0.19106268750986893,"U/L, U/l",0.6877962635932707,,,1.4285714285714286,,,,0.36639623135304894,
2000000409,Atrial pacemaker - set sense,Measurement,ICUdata,Observable Entity,2000000409,measurement,995,412,0.32528027790936365,,,1.4943027244411151,,,,,,,
3041232,aPTT in Platelet poor plasma by Coagulation assay --post heparin neutralization,Measurement,LOINC,Lab Test,52123-7,measurement,990,898,0.7089846834043897,sec,,,,19.910714285714285,,,,,
2000000134,Coagulation factor X activated inhibitor [Mass/volume] in Platelet poor plasma --ufh,Measurement,ICUdata,Observable Entity,2000000134,measurement,981,184,0.1452708037265119,U/mL,,,,,,,,4.3967547762365875,
4092014,Cardiac axis,Measurement,SNOMED,Observable Entity,251191008,measurement,965,501,0.39554713405968733,,0.14871270564178826,,,,,,,,
44786640,Carbapenem resistance blaNDM gene [Presence] by Molecular method,Measurement,LOINC,Lab Test,73982-1,measurement,950,381,0.300805305542397,,,0.97385955920041,,,,,,,
3027598,Mean blood pressure,Measurement,LOINC,Clinical Observation,8478-0,measurement,934,89,0.0702668561503237,mmHg,0.7435635282089413,,,,,,,,
21490651,Mean airway pressure --during inspiration,Measurement,LOINC,Clinical Observation,60952-9,measurement,912,405,0.319753671245855,cm H2O,,,,,,,1.57585308200497,,
3034551,Parathyrin [Mass/volume] in Serum or Plasma --baseline,Measurement,LOINC,Lab Test,35566-9,measurement,900,702,0.5542396968261487,pmol/L,,0.7570082403501163,,,,,,0.5234231876472127,
2000000007,Delirium observation screening evening,Measurement,ICUdata,Observable Entity,2000000007,measurement,883,363,0.28659403126480343,,,,,0.9375,18.757687576875767,,,,
3022547,Leukocytes [Presence] in Urine sediment by Light microscopy,Measurement,LOINC,Lab Test,20455-2,measurement,859,743,0.5866098215695563,/veld,,,,,,,,,0.6841046277665996
1091049,Amphetamine [Presence] in Urine,Measurement,LOINC,Lab Test,105967-4,measurement,837,774,0.6110847939365229,,,1.403619445649174,,,,,,,
46235753,Enterovirus RNA [Presence] in Nasopharynx by NAA with probe detection,Measurement,LOINC,Lab Test,76074-4,measurement,834,597,0.47134059687351965,,,1.0527145842368806,,,,,,,
40765591,Rotavirus RNA [Presence] in Specimen by NAA with probe detection,Measurement,LOINC,Lab Test,62859-4,measurement,832,517,0.4081793778619927,,,0.5086149114852344,,,,,,,
42868428,Astrovirus RNA [Presence] in Specimen by NAA with probe detection,Measurement,LOINC,Lab Test,69938-9,measurement,830,516,0.4073898626243487,,,0.5007294089815874,,,,,,,
36305767,Norovirus genogroups I and II RNA panel - Stool by NAA with probe detection,Measurement,LOINC,Lab Test,88701-8,measurement,819,506,0.3994947102479078,,,0.48890115522611677,,,,,,,
3965131,Sapovirus genogroup V RNA [Presence] in Stool by NAA with probe detection,Measurement,LOINC,Lab Test,101563-5,measurement,819,506,0.3994947102479078,,,0.48890115522611677,,,,,,,
37021247,Adenovirus 40+41 DNA [Presence] in Stool by NAA with probe detection,Measurement,LOINC,Lab Test,92690-7,measurement,819,506,0.3994947102479078,,,0.48890115522611677,,,,,,,
2000000372,fluid output - urine splint drain right,Measurement,ICUdata,Observable Entity,2000000372,measurement,810,17,0.013421759039949471,ml,,,,,,,,,0.08551307847082495
3016881,Enterovirus RNA [Presence] in Specimen by NAA with probe detection,Measurement,LOINC,Lab Test,29591-5,measurement,797,490,0.3868624664456024,,,0.4928439064779403,,,,,,,
3007682,Benzodiazepines [Presence] in Urine by Screen method,Measurement,LOINC,Lab Test,14316-4,measurement,791,741,0.5850307910942681,,,1.3168789181090566,,,,,,,
36304443,Parechovirus RNA [Presence] in Stool by NAA with probe detection,Measurement,LOINC,Lab Test,88218-3,measurement,782,478,0.3773882835938734,,,0.4573591452115286,,,,,,,
3016201,Valproate [Mass/volume] in Serum or Plasma,Measurement,LOINC,Lab Test,4086-5,measurement,773,380,0.3000157903047529,"mg/L, mg/l",,,,,,1.0188230994152048,,0.13085579691180318,0.49798792756539234
1092289,Mycoplasma pneumoniae DNA [Presence] in Bronchoalveolar lavage by NAA with probe detection,Measurement,LOINC,Lab Test,105612-6,measurement,766,553,0.4366019264171799,,,2.062058904703702,,,,,,,
1091136,Microscopic observation [Identifier] in Specimen,Measurement,LOINC,Lab Test,105059-0,measurement,764,576,0.4547607768829938,,,1.0606000867405276,,,,,,,
3012582,Chlamydophila pneumoniae DNA [Presence] in Sputum or Bronchial by Probe with amplification,Measurement,LOINC,Lab Test,10652-6,measurement,763,548,0.43265435022895943,,,2.0423451484445847,,,,,,,
3043469,Capillary refill [Time] of Nail bed,Measurement,LOINC,Clinical Observation,44963-7,measurement,743,376,0.29685772935417654,,,,,6.25,5.719557195571956,,,,
43533603,Anion gap in Venous blood by Calculated.4Ions,Measurement,LOINC,Lab Test,73578-7,measurement,741,434,0.34264961313753356,mmol/L,,,,0.5133928571428571,,,,,
1091495,Parainfluenza virus 4 RNA [Presence] in Bronchoalveolar lavage by NAA with probe detection,Measurement,LOINC,Lab Test,105730-6,measurement,732,528,0.4168640454760777,,,1.94771911840082,,,,,,,
3038522,Human metapneumovirus RNA [Identifier] in Specimen by NAA with probe detection,Measurement,LOINC,Lab Test,40978-9,measurement,732,528,0.4168640454760777,,,1.94771911840082,,,,,,,
1091836,Parainfluenza virus 1 RNA [Presence] in Bronchoalveolar lavage by NAA with probe detection,Measurement,LOINC,Lab Test,105727-2,measurement,732,528,0.4168640454760777,,,1.94771911840082,,,,,,,
1092347,Parainfluenza virus 2 RNA [Presence] in Bronchoalveolar lavage by NAA with probe detection,Measurement,LOINC,Lab Test,105728-0,measurement,731,527,0.4160745302384336,,,1.94771911840082,,,,,,,
1091559,Human coronavirus RNA [Presence] in Bronchoalveolar lavage by NAA with probe detection,Measurement,LOINC,Lab Test,105733-0,measurement,731,527,0.4160745302384336,,,1.94771911840082,,,,,,,
3038098,Enterovirus RNA [Presence] in Nose by NAA with probe detection,Measurement,LOINC,Lab Test,7881-6,measurement,728,568,0.44844465498184116,,,1.5534439932184678,,,,,,,
1092086,Parechovirus RNA [Presence] in Nasopharynx by NAA with probe detection,Measurement,LOINC,Lab Test,105434-5,measurement,728,568,0.44844465498184116,,,1.5534439932184678,,,,,,,
1469569,Legionella pneumophila DNA [Presence] in Bronchoalveolar lavage by NAA with non-probe detection,Measurement,LOINC,Lab Test,107368-3,measurement,726,524,0.41370598452550134,,,1.9437763671489965,,,,,,,
3015608,Urea nitrogen [Mass/volume] in 24 hour Urine,Measurement,LOINC,Lab Test,12967-6,measurement,724,209,0.1650086846676141,mmol/l,1.515010688725718,,,,,,,,
3001079,Blood group antibody screen [Presence] in Serum or Plasma,Measurement,LOINC,Lab Test,890-4,measurement,722,355,0.2802779093636507,,0.6692071753880472,,,,,,,,
3022405,Physical findings of Knee,Measurement,LOINC,Clinical Observation,11438-9,measurement,706,474,0.37423022264329703,,,,,,,,1.5273652948663556,,
3004239,Creatinine [Mass/time] in 24 hour Urine,Measurement,LOINC,Lab Test,2162-6,measurement,701,238,0.1879046265592926,mmol/24u,1.6172506738544474,,,,,,,,
1091199,SARS-CoV-2 (COVID-19) RNA [Presence] in Bronchoalveolar lavage by NAA with probe detection,Measurement,LOINC,Lab Test,105749-6,measurement,695,442,0.3489657350386862,,,1.691440287032291,,,,,,,
3016330,Potassium [Moles/time] in 24 hour Urine,Measurement,LOINC,Lab Test,2829-0,measurement,689,240,0.18948365703458075,"mmol/24 uur, mmol/24uur, mmol/24u",1.1060507482108002,,,0.022321428571428572,,,,0.13085579691180318,0.2012072434607646
1091660,Rhinovirus RNA [Presence] in Bronchoalveolar lavage by NAA with probe detection,Measurement,LOINC,Lab Test,105732-2,measurement,684,486,0.38370440549502605,,,1.7860663170760556,,,,,,,
3008071,Urine output 24 hour,Measurement,LOINC,Clinical Observation,9192-6,measurement,682,223,0.1760618979946313,ml,1.6265452179570592,,,,,,,,
1092215,Amorphous sediment [Presence] in Urine sediment,Measurement,LOINC,Lab Test,105888-2,measurement,679,597,0.47134059687351965,,,0.5953554390253519,,,,,,,
3048762,Shigella sp DNA [Presence] in Specimen by NAA with probe detection,Measurement,LOINC,Lab Test,46455-2,measurement,674,439,0.346597189325754,,,0.42975988644876395,,,,,,,
1092255,Campylobacter sp DNA [Identifier] in Stool by NAA with probe detection,Measurement,LOINC,Lab Test,105920-3,measurement,674,439,0.346597189325754,,,0.42975988644876395,,,,,,,
3008338,Lactate dehydrogenase [Enzymatic activity/volume] in Body fluid,Measurement,LOINC,Lab Test,2529-6,measurement,670,510,0.40265277119848414,"U/L 37°C, U/l",0.278836323078353,0.9147182904230572,,,,,,,
3002617,Acetaminophen [Mass/volume] in Serum or Plasma,Measurement,LOINC,Lab Test,3298-7,measurement,667,461,0.36396652455392386,"mg/L, mg/l",0.9759271307742355,,,0.49107142857142855,,,,0.6281078251766553,0.39738430583501005
21490678,Left atrial pressure,Measurement,LOINC,Clinical Observation,60988-3,measurement,658,3,0.0023685457129322598,mmHg,,,,,,,0.012121946784653616,,
1259612,Oxygen consumption (VO2) --peak,Measurement,LOINC,Clinical Observation,103749-8,measurement,658,371,0.2929101531659561,,0.009294544102611766,,,,,,,,
3002799,Nitrogen [Mass/time] in 24 hour Urine,Measurement,LOINC,Lab Test,2660-9,measurement,633,268,0.21159008368861518,g/d,,,,,,,1.1515849445420934,,
3011544,Albumin [Mass/volume] in Pleural fluid,Measurement,LOINC,Lab Test,1748-3,measurement,622,460,0.36317700931627983,"g/L, g/l",,0.8555770216457044,,0.13392857142857142,,,,0.575765506411934,0.4476861167002012
3015054,Lactate dehydrogenase [Enzymatic activity/volume] in Pleural fluid,Measurement,LOINC,Lab Test,2530-4,measurement,622,438,0.3458076740881099,U/L,,0.9896305642077041,,0.4017857142857143,,,,0.8374771002355405,
46235767,Respiratory syncytial virus RNA [Presence] in Bronchoalveolar lavage by NAA with probe detection,Measurement,LOINC,Lab Test,76088-4,measurement,621,463,0.36554555502921204,,,1.7229822970468793,,,,,,,
46235758,Influenza virus B RNA [Presence] in Bronchoalveolar lavage by NAA with probe detection,Measurement,LOINC,Lab Test,76079-3,measurement,621,463,0.36554555502921204,,,1.7229822970468793,,,,,,,
46235756,Influenza virus A RNA [Presence] in Bronchoalveolar lavage by NAA with probe detection,Measurement,LOINC,Lab Test,76077-7,measurement,621,463,0.36554555502921204,,,1.7229822970468793,,,,,,,
3035880,pH of Pleural fluid,Measurement,LOINC,Lab Test,2750-8,measurement,612,400,0.31580609505763463,", Geen",,0.9423175491858219,,0.35714285714285715,,,,0.654278984559016,
3023669,Thiamine [Moles/volume] in Serum or Plasma,Measurement,LOINC,Lab Test,20468-5,measurement,602,566,0.446865624506553,"nmol/l, nmol/L",0.24165814666790594,0.5401569214998225,,,,,,0.18319811567652447,
3035350,Ketones [Presence] in Urine by Test strip,Measurement,LOINC,Lab Test,2514-8,measurement,599,435,0.34343912837517765,,0.0557672646156706,,,1.2723214285714286,,,,,
3000330,Specific gravity of Urine by Test strip,Measurement,LOINC,Lab Test,5811-5,measurement,595,432,0.3410705826622454,kg/L,,,,1.3392857142857142,,,,,
40760845,Protein [Presence] in Urine by Automated test strip,Measurement,LOINC,Lab Test,57735-3,measurement,592,429,0.3387020369493131,,,,,1.2723214285714286,,,,,
3030260,Glucose [Presence] in Urine by Automated test strip,Measurement,LOINC,Lab Test,50555-2,measurement,592,429,0.3387020369493131,,,,,1.2723214285714286,,,,,
3020672,Legionella sp identified in Sputum by Organism specific culture,Measurement,LOINC,Lab Test,590-0,measurement,592,557,0.4397599873677562,,,1.8097228245869967,,,,,,,
3018834,Bilirubin.total [Presence] in Urine by Test strip,Measurement,LOINC,Lab Test,5770-3,measurement,592,429,0.3387020369493131,,,,,1.2723214285714286,,,,,
3000348,Leukocyte esterase [Presence] in Urine by Test strip,Measurement,LOINC,Lab Test,5799-2,measurement,592,429,0.3387020369493131,,,,,1.2723214285714286,,,,,
3005719,IgG [Mass/volume] in Serum or Plasma,Measurement,LOINC,Lab Test,2465-3,measurement,583,409,0.3229117321964314,"mg, g/l, g, g/L",0.20447997025745887,,,0.15625,1.168511685116851,0.35635964912280704,,1.3609002878827532,
3003434,Protein [Mass/volume] in Pleural fluid,Measurement,LOINC,Lab Test,2882-9,measurement,579,420,0.33159639981051636,"g/l, g/L",,0.9817450617040571,,0.3794642857142857,,,,0.863648259617901,
3017457,Urea nitrogen [Mass/time] in 24 hour Urine,Measurement,LOINC,Lab Test,3096-5,measurement,572,151,0.11921680088425707,mmol/24u,1.1618180128264708,,,,,,,,
2000000171,Tracheostomy insertion time,Measurement,ICUdata,Observable Entity,2000000171,measurement,571,384,0.30317385125532925,,,,,,,,0.06667070731559488,3.5854488353834073,0.9708249496981891
3005445,Coagulation factor X activated [Units/volume] in Platelet poor plasma by Coagulation assay,Measurement,LOINC,Lab Test,3217-7,measurement,570,165,0.13027001421127427,"U/ml, IE/ml",,,,,,0.28326023391812866,,,0.3118712273641851
3036782,Glucose [Moles/volume] in Pleural fluid,Measurement,LOINC,Lab Test,14747-0,measurement,570,403,0.3181746407705669,"mmol/L, mmol/l",,0.9186610416748807,,0.3794642857142857,,,,0.6804501439413766,
3026286,Lipase [Enzymatic activity/volume] in Body fluid,Measurement,LOINC,Lab Test,15212-4,measurement,567,80,0.06316121901152692,U/L,,,,1.5401785714285714,,,,0.10468463752944256,
3002000,Albumin [Mass/volume] in Specimen,Measurement,LOINC,Lab Test,32293-3,measurement,560,357,0.2818569398389389,g/L,,0.8200922603792927,,,,,,,
44782837,Metabolic equivalent of task,Measurement,SNOMED,Observable Entity,698834005,measurement,548,275,0.2171166903521238,,,,,,,,,,
3006322,Oral temperature,Measurement,LOINC,Clinical Observation,8331-1,measurement,546,37,0.0292120637928312,°C,,,,,,,,,0.18611670020120724
44812145,Urine benzodiazepine screening test,Measurement,SNOMED,Procedure,911081000000106,measurement,538,495,0.39081004263382285,,,,,,,0.872624269005848,,,
4147864,Urine cocaine metabolite screening,Measurement,SNOMED,Procedure,310628003,measurement,538,495,0.39081004263382285,,,,,,,0.872624269005848,,,
4192887,Urine methadone screen,Measurement,SNOMED,Procedure,394955006,measurement,538,495,0.39081004263382285,,,,,,,0.872624269005848,,,
2000000008,Delirium observation screening night,Measurement,ICUdata,Observable Entity,2000000008,measurement,533,266,0.21001105321332703,,,,,0.625,13.960639606396064,,,,
3029254,Adenovirus DNA [#/volume] (viral load) in Bronchoalveolar lavage by NAA with probe detection,Measurement,LOINC,Lab Test,49336-1,measurement,524,389,0.30712142744354964,,,1.4351614556637622,,,,,,,
1988449,Erythrocytes.dysmorphic/Erythrocytes in Urine by Automated count,Measurement,LOINC,Lab Test,99598-5,measurement,517,339,0.26764566556134534,%,,0.6663249615581753,,,,,,,
3033427,Fungus identified in Specimen,Measurement,LOINC,Lab Test,42805-2,measurement,515,438,0.3458076740881099,,,1.4391042069155857,,,,,,,
1091075,Enterovirus RNA [Presence] in Bronchoalveolar lavage by NAA with probe detection,Measurement,LOINC,Lab Test,105738-9,measurement,507,367,0.28975209221537973,,,1.3563064306272916,,,,,,,
3016267,Urine output by in and out urethral catheter,Measurement,LOINC,Clinical Observation,9195-9,measurement,503,9,0.0071056371387967785,ml,,,,,,,,,0.04527162977867203
21492394,Mycobacterium tuberculosis DNA [Presence] in Bronchoalveolar lavage by NAA with probe detection,Measurement,LOINC,Lab Test,78357-1,measurement,496,376,0.29685772935417654,,,1.3011079131017624,,,,,,,
3013707,Erythrocyte sedimentation rate [Velocity] in Red Blood Cells by Westergren method,Measurement,LOINC,Lab Test,4537-7,measurement,494,235,0.18553608084636034,mm/u,,,,0.5580357142857143,,,,,
3033019,Pneumocystis jirovecii DNA [#/volume] in Bronchoalveolar lavage by NAA with probe detection,Measurement,LOINC,Lab Test,49438-5,measurement,492,346,0.27317227222485396,,,1.2419666443244095,,,,,,,
3047148,Creatinine renal clearance in Urine and Serum or Plasma collected for unspecified duration,Measurement,LOINC,Lab Test,33558-8,measurement,491,390,0.30791094268119373,"ml/min, mL/min",,,,,,,,4.658466370060194,0.3873239436619718
1092022,Parainfluenza virus 4 RNA [Presence] in Specimen by Molecular genetics method,Measurement,LOINC,Lab Test,104716-6,measurement,473,379,0.2992262750671088,,,1.198596380554351,,,,,,,
37019589,Parainfluenza virus 1 RNA [Presence] in Respiratory system specimen by NAA with probe detection,Measurement,LOINC,Lab Test,92140-3,measurement,473,379,0.2992262750671088,,,1.198596380554351,,,,,,,
1091289,Parainfluenza virus 2 RNA [Presence] in Specimen by Molecular genetics method,Measurement,LOINC,Lab Test,104776-0,measurement,473,379,0.2992262750671088,,,1.198596380554351,,,,,,,
36305572,Microscopic observation [Presence] in Specimen by Auramine fluorochrome stain,Measurement,LOINC,Lab Test,87243-2,measurement,468,357,0.2818569398389389,,,1.230138390568939,,,,,,,
1616373,Oxygen saturation in Central venous blood,Measurement,LOINC,Lab Test,97549-0,measurement,455,148,0.1168482551713248,"mol/mol, Geen",,,,,,,,2.1460350693535726,0.28672032193158953
3016816,Cytomegalovirus IgG Ab [Presence] in Serum or Plasma,Measurement,LOINC,Lab Test,22244-8,measurement,450,415,0.3276488236222959,,,0.5165004139888815,,,,0.29696637426900585,,,
1092357,Rhinovirus RNA [Presence] in Sputum by NAA with probe detection,Measurement,LOINC,Lab Test,105237-2,measurement,448,357,0.2818569398389389,,,1.1276268580215274,,,,,,,
1988590,Ultrafiltrate volume removed,Measurement,LOINC,Clinical Observation,99741-1,measurement,434,140,0.11053213327017211,"mL, ml",,,0.6176804862380788,,,,0.03030486696163404,,
21493079,Fluid intake enteral tube nutritional formula volume 24 hour,Measurement,LOINC,Clinical Observation,80477-3,measurement,432,281,0.2218537817779883,ml/d,,,,,,,1.1091581307958058,,
3024153,Promyelocytes [#/volume] in Blood by Manual count,Measurement,LOINC,Lab Test,781-5,measurement,425,243,0.19185220274751302,"10*9/L, x10^9/l",1.9239706292406358,,,,,,,,
46234689,Nutrition status observation panel,Measurement,LOINC,Clinical Observation,75304-6,measurement,421,406,0.3205431864834991,,,,,9.040178571428571,,,,,
3004764,Prealbumin/Protein.total in Cerebral spinal fluid by Electrophoresis,Measurement,LOINC,Lab Test,13973-3,measurement,411,166,0.13105952944891835,"mg/l, mg/L",0.046472720513058834,,,,,,,,
4230629,"Creatinine measurement, 24 hour urine",Measurement,SNOMED,Procedure,8879006,measurement,402,288,0.2273803884414969,mg,,,,,,0.26955409356725146,,,
46234969,Mycobacterium sp identified in Bronchoalveolar lavage by Organism specific culture,Measurement,LOINC,Lab Test,76687-3,measurement,390,320,0.2526448760461077,,,1.1079131017624098,,,,,,,
3038988,Cholesterol in LDL [Moles/volume] in Serum or Plasma by calculation,Measurement,LOINC,Lab Test,39469-2,measurement,385,336,0.26527711984841307,mmol/L,,,,0.24553571428571427,5.535055350553505,,,,
36306016,Hyaline casts [#/area] in Urine sediment,Measurement,LOINC,Lab Test,88966-7,measurement,381,317,0.2502763303331754,/veld,,0.23656507510941135,,,,,,,
42870551,Thromboelastography after addtion of heparinase panel - Blood,Measurement,LOINC,Lab Test,69552-8,measurement,377,288,0.2273803884414969,sec,,,,4.263392857142857,,,,,
40766217,Epithelial cells.squamous [Presence] in Bronchoalveolar lavage,Measurement,LOINC,Lab Test,63487-3,measurement,376,290,0.2289594189167851,,,1.0645428379923512,,,,,,,
3006893,Glucose [Moles/volume] in Specimen,Measurement,LOINC,Lab Test,32318-8,measurement,367,287,0.22659087320385282,mmol/L,,0.6111264440326459,,,,,,,
40765161,Human bocavirus DNA [Presence] in Specimen by NAA with probe detection,Measurement,LOINC,Lab Test,62424-7,measurement,362,280,0.22106426654034422,,,0.8831762804084691,,,,,,,
3025046,Opiates [Identifier] in Urine,Measurement,LOINC,Lab Test,5706-7,measurement,354,311,0.2455392389073109,,,0.5440996727516461,,,,,,,
3027944,Amphetamines [Presence] in Urine,Measurement,LOINC,Lab Test,3349-8,measurement,354,311,0.2455392389073109,,0.009294544102611766,0.536214170247999,,,,,,,
3002088,cefTAZidime [Mass/volume] in Serum or Plasma,Measurement,LOINC,Lab Test,3449-6,measurement,348,265,0.20922153797568294,sec,,,,,,,,,0.9104627766599598
3052840,Varicella zoster virus DNA [#/volume] (viral load) in Cerebral spinal fluid by NAA with probe detection,Measurement,LOINC,Lab Test,47002-1,measurement,346,267,0.21080056845097112,,,0.6466112052990577,,,,,,,
3018676,Antithrombin [Units/volume] in Platelet poor plasma by Chromogenic method,Measurement,LOINC,Lab Test,3174-0,measurement,344,140,0.11053213327017211,%,0.9666325866716238,,,,,,,,
1091160,Enterovirus RNA [Presence] in Sputum by NAA with probe detection,Measurement,LOINC,Lab Test,105210-9,measurement,341,262,0.20685299226275067,,,0.8279777628829397,,,,,,,
3009354,Benzodiazepines screen method [Identifier] in Urine,Measurement,LOINC,Lab Test,19285-6,measurement,337,301,0.23764408653087005,,,0.5007294089815874,,,,,,,
2000000913,Reintubation reason,Measurement,ICUdata,Observable Entity,2000000913,measurement,333,292,0.23053844939207327,,,,1.442901615852152,,,,,,
3007357,Lymphoma cells/Leukocytes in Blood,Measurement,LOINC,Lab Test,30423-8,measurement,331,202,0.1594820780041055,%,,,,0.13392857142857142,11.07011070110701,,,,
3000963,Hemoglobin [Mass/volume] in Blood,Measurement,LOINC,Lab Test,718-7,measurement,324,222,0.1752723827569872,g/dl,,,,,,,1.0243045033032305,,
3024474,Albumin [Mass/volume] in Cerebral spinal fluid,Measurement,LOINC,Lab Test,1746-7,measurement,324,141,0.1113216485078162,"mg/l, mg/L",0.009294544102611766,,,0.022321428571428572,,,,,0.528169014084507
3036829,Pulse intensity Radial artery - right by palpation,Measurement,LOINC,Clinical Observation,8911-0,measurement,319,206,0.16264013895468182,,,,,2.3214285714285716,5.842558425584256,,0.006060973392326808,,0.015090543259557344
3012310,Bilirubin.total [Moles/volume] in Body fluid,Measurement,LOINC,Lab Test,29767-1,measurement,309,154,0.12158534659718932,"µmol/l, umol/L, µmol/L",,,,0.022321428571428572,,,,0.05234231876472128,0.5734406438631791
3002260,Type of Gastrostomy tube,Measurement,LOINC,Clinical Observation,8966-4,measurement,307,235,0.18553608084636034,,,,,,,,0.006060973392326808,,
3004381,Toxic granules [Presence] in Blood by Light microscopy,Measurement,LOINC,Lab Test,803-7,measurement,300,196,0.15474498657824096,,,,,1.1830357142857142,7.626076260762607,,,,
2000001037,CPAX total,Measurement,ICUdata,Observable Entity,2000001037,measurement,290,158,0.12474340754776567,Geen,,,,,,,,4.08270086364826,
3034429,Barbiturates screen method [Identifier] in Urine,Measurement,LOINC,Lab Test,19277-3,measurement,280,254,0.20053687036159798,,,0.3666758664195876,,,,,,,
36032223,Transpulmonary pressure gradient,Measurement,LOINC,Clinical Observation,95933-8,measurement,272,56,0.044212853308068845,,0.5019053815410354,,,,,,,,
3013807,Legionella sp identified in Bronchial specimen by Organism specific culture,Measurement,LOINC,Lab Test,589-2,measurement,271,255,0.20132638559924207,,,0.97385955920041,,,,,,,
3029435,Natriuretic peptide.B prohormone N-Terminal [Moles/volume] in Serum or Plasma,Measurement,LOINC,Lab Test,33763-4,measurement,271,189,0.14921837991473236,pg/mL,,,,1.2276785714285714,,,,,
3028638,Bilirubin.direct [Moles/volume] in Serum or Plasma,Measurement,LOINC,Lab Test,14629-0,measurement,270,100,0.07895152376440866,umol/L,0.49261083743842365,,,,,,,,
3028626,Oxygen [Partial pressure] in Capillary blood,Measurement,LOINC,Lab Test,2704-5,measurement,268,129,0.10184746565608717,kPa,0.07435635282089413,,,,,,,,
3023024,Carbon dioxide [Partial pressure] in Capillary blood,Measurement,LOINC,Lab Test,2020-6,measurement,268,129,0.10184746565608717,kPa,0.07435635282089413,,,,,,,,
44811981,Serum free PSA (prostate specific antigen) measurement,Measurement,SNOMED,Procedure,909341000000103,measurement,261,222,0.1752723827569872,mg,,,,,,0.14619883040935672,,,
3012897,Pulse intensity Popliteal artery - right by palpation,Measurement,LOINC,Clinical Observation,8907-8,measurement,261,133,0.10500552660666351,,,,,2.3214285714285716,1.6605166051660516,,,,
21490587,Arterial blood temperature,Measurement,LOINC,Clinical Observation,60835-6,measurement,257,16,0.012632243802305385,,,,,,,,,,
3050218,Voriconazole [Mass/volume] in Serum or Plasma,Measurement,LOINC,Lab Test,38370-3,measurement,255,115,0.09079425232906996,"mg/l, mg/L",,,,0.044642857142857144,,,,0.9159905783826223,0.32696177062374243
3036525,Urea [Moles/time] in 24 hour Urine,Measurement,LOINC,Lab Test,25550-5,measurement,251,175,0.13816516658771513,"mmol/24 uur, mmol/(24.h), mmol/24uur",0.009294544102611766,,,0.11160714285714286,,,,0.26171159382360637,0.4678068410462777
40763528,Reticulocytes [#/volume] in Blood by Automated count,Measurement,LOINC,Lab Test,60474-4,measurement,228,216,0.1705352913311227,x10^9/L,,,,0.17857142857142858,,,,,
42869451,Hemoglobin [Entitic mass] in Reticulocytes by Automated count,Measurement,LOINC,Lab Test,71694-4,measurement,226,215,0.1697457760934786,fmol,,,,0.17857142857142858,,,,,
3017143,Hepatitis C virus Ab [Presence] in Serum,Measurement,LOINC,Lab Test,16128-1,measurement,225,216,0.1705352913311227,,,,,,,0.33808479532163743,,,
3023035,Pulse intensity Popliteal artery - left by palpation,Measurement,LOINC,Clinical Observation,8906-0,measurement,224,108,0.08526764566556135,,,,,1.7633928571428572,1.6605166051660516,,,,
3037885,Microcytes [Presence] in Blood by Light microscopy,Measurement,LOINC,Lab Test,741-9,measurement,223,176,0.13895468182535922,.,0.9015707779533414,,,,,,,,
3016075,Rhythm segment [Interpretation] Narrative by EKG,Measurement,LOINC,Clinical Observation,9874-9,measurement,217,192,0.15158692562766463,,,,,,,,,,
40762352,Hemoglobin A1c/Hemoglobin.total in Blood by IFCC protocol,Measurement,LOINC,Lab Test,59261-8,measurement,215,192,0.15158692562766463,mmol/mol,,,,0.625,3.8130381303813037,,,,
4089159,Grip strength,Measurement,SNOMED,Observable Entity,251433001,measurement,214,131,0.10342649613137533,,,,,,,,,3.349908400942162,
42870588,"Differential panel, method unspecified - Blood",Measurement,LOINC,Lab Test,69738-3,measurement,212,107,0.08447813042791726,,,,,1.7410714285714286,,,,,
21490736,Heart rate by Noninvasive,Measurement,LOINC,Clinical Observation,76477-9,measurement,201,55,0.04342333807042476,sl/min,,,,,,,,,
2000000914,Tracheotomy approach,Measurement,ICUdata,Observable Entity,2000000914,measurement,189,138,0.10895310279488395,,,,,,,,,3.5854488353834073,
42868678,Cholesterol non HDL [Moles/volume] in Serum or Plasma,Measurement,LOINC,Lab Test,70204-3,measurement,186,180,0.14211274277593558,"mmol/L, ",0.018589088205223533,,,0.24553571428571427,,,,,
3046210,Cortisol [Mass/volume] in Serum or Plasma --baseline,Measurement,LOINC,Lab Test,43215-3,measurement,179,152,0.12000631612190116,"nmol/l, nmol/L",0.3346035876940236,,,,,,,,
40482942,Clinical chronic obstructive pulmonary disease questionnaire,Measurement,SNOMED,Staging / Scales,445312005,measurement,179,135,0.10658455708195168,,,,,,,,,,
3008467,Voriconazole [Susceptibility],Measurement,LOINC,Lab Test,32379-0,measurement,158,45,0.035528185693983895,mg/l,0.399665396412306,,,,,,,,
3024390,25-hydroxyvitamin D3 [Moles/volume] in Serum or Plasma,Measurement,LOINC,Lab Test,14635-7,measurement,158,130,0.10263698089373124,nmol/L,0.009294544102611766,,,0.044642857142857144,5.043050430504305,,,,
3021502,Macrocytes [Presence] in Blood by Light microscopy,Measurement,LOINC,Lab Test,738-5,measurement,151,109,0.08605716090320543,.,0.5111999256436471,,,,,,,,
3000185,Iron saturation [Mass Fraction] in Serum or Plasma,Measurement,LOINC,Lab Test,2502-3,measurement,149,127,0.10026843518079899,"fractie, mmol/l",,,,,,,,1.020675215912065,0.030181086519114688
2000001008,Euroscore II predicted mortality,Measurement,ICUdata,Observable Entity,2000001008,measurement,147,135,0.10658455708195168,%,,,,3.013392857142857,,,,,
3026493,Urate [Moles/volume] in Serum or Plasma,Measurement,LOINC,Lab Test,14933-6,measurement,145,99,0.07816200852676457,"mmol/L, mmol/l",,,0.11859465335771112,0.3125,2.337023370233702,,,,
40759195,Circumference Neck,Measurement,LOINC,Clinical Observation,56074-8,measurement,141,30,0.023685457129322594,cm,,,,,,,0.04242681374628765,,
1988508,Peritoneal dialysis fluid infused [Volume],Measurement,LOINC,Clinical Observation,99724-7,measurement,139,11,0.008684667614084951,mL,,,,,,,0.03030486696163404,,
3029315,Leukocytes [#/volume] in Urine by Automated count,Measurement,LOINC,Lab Test,51487-7,measurement,137,112,0.08842570661613769,/uL,0.13012361743656473,,,,,,,,
3002864,Erythrocytes [#/volume] in Urine by Automated count,Measurement,LOINC,Lab Test,798-9,measurement,137,112,0.08842570661613769,/uL,0.13012361743656473,,,,,,,,
3018133,Calcium [Moles/volume] in Urine,Measurement,LOINC,Lab Test,2004-0,measurement,135,79,0.06237170377388283,"mmol/24uur, mmol/24 uur, mmol/l, mmol/L",,,,,,,,0.2093692750588851,0.22132796780684105
1616922,Base excess in Central venous blood by calculation,Measurement,LOINC,Lab Test,97546-6,measurement,134,91,0.07184588662561188,mmol/L,,,,,,,,2.172206228735933,
1616654,Oxygen [Partial pressure] in Central venous blood,Measurement,LOINC,Lab Test,97540-9,measurement,134,91,0.07184588662561188,mm Hg,,,,,,,,2.172206228735933,
3033605,Complement C3 fragment [Mass/volume] in Red Blood Cells,Measurement,LOINC,Lab Test,4487-5,measurement,133,105,0.08289909995262909,.,0.399665396412306,,,,,,,,
3041816,Color of Dialysis fluid,Measurement,LOINC,Lab Test,51617-9,measurement,131,11,0.008684667614084951,,,,,,,,0.024243893569307232,,
3016087,Cholesterol.total/Cholesterol in HDL [Molar ratio] in Serum or Plasma,Measurement,LOINC,Lab Test,32309-7,measurement,131,127,0.10026843518079899,,,,,0.24553571428571427,,,,,
1989136,Peritoneal dialysis fluid drained [Volume],Measurement,LOINC,Clinical Observation,99725-4,measurement,131,11,0.008684667614084951,mL,,,,,,,0.03030486696163404,,
3018920,Vancomycin [Mass/volume] in Serum or Plasma --trough,Measurement,LOINC,Lab Test,4092-3,measurement,129,59,0.046581399021001106,"mg/l, mg/L",0.009294544102611766,,,0.24553571428571427,0.18450184501845018,,,,0.12575452716297786
3022548,Glucose [Mass/volume] in Cerebral spinal fluid,Measurement,LOINC,Lab Test,2342-4,measurement,128,99,0.07816200852676457,mmol/L,,,,,,,,1.9890081130594086,
1616989,Carbon dioxide [Partial pressure] in Central venous blood,Measurement,LOINC,Lab Test,97538-3,measurement,126,89,0.0702668561503237,kPa,,,0.4397885062015121,,,,,,
3009435,Left ventricular Intrachamber systolic pressure,Measurement,LOINC,Clinical Observation,8430-1,measurement,124,47,0.03710721616927207,mmHg,,,,,,,,,
3000620,Complement C3 [Mass/volume] in Serum or Plasma,Measurement,LOINC,Lab Test,4485-9,measurement,124,108,0.08526764566556135,"g/l, g/L, %",0.009294544102611766,,,0.06696428571428571,,,,0.5234231876472127,0.1659959758551308
3003715,Dohle body [Presence] in Blood by Light microscopy,Measurement,LOINC,Lab Test,7792-5,measurement,124,93,0.07342491710090004,,,,,0.4017857142857143,4.182041820418204,,,,
3007432,Physical findings of Extremities,Measurement,LOINC,Clinical Observation,8703-1,measurement,118,99,0.07816200852676457,,,,,2.142857142857143,0.18450184501845018,,,,
3003598,Drugs identified in Unknown substance by Screen method,Measurement,LOINC,Lab Test,16793-2,measurement,118,112,0.08842570661613769,.,0.557672646156706,,,,,,,,
3019170,Thyrotropin [Units/volume] in Serum or Plasma by Detection limit <= 0.005 mIU/L,Measurement,LOINC,Lab Test,11580-8,measurement,116,98,0.07737249328912048,mU/L,,,,0.9151785714285714,,,,,
3025105,Cocaine [Presence] in Serum or Plasma by Confirmatory method,Measurement,LOINC,Lab Test,8190-1,measurement,116,111,0.0876361913784936,.,0.5483781020540942,,,,,,,,
3027772,Cannabinoids [Presence] in Serum or Plasma,Measurement,LOINC,Lab Test,3425-6,measurement,116,110,0.08684667614084952,µg/l,0.5390835579514824,,,,,,,,
3000378,Morphine [Presence] in Serum or Plasma,Measurement,LOINC,Lab Test,3826-5,measurement,115,110,0.08684667614084952,.,0.5390835579514824,,,,,,,,
2000000387,pulsations arteria femoralis right,Measurement,ICUdata,Observable Entity,2000000387,measurement,114,67,0.052897520922153794,,,,0.00494144388990463,0.9375,1.4145141451414514,,,,
3028468,Fragments [Presence] in Blood by Light microscopy,Measurement,LOINC,Lab Test,10373-9,measurement,112,76,0.06000315806095058,,0.046472720513058834,,,0.26785714285714285,3.013530135301353,,,,
3039931,Prothrombin time (PT) in Platelet poor plasma by Coagulation assay --post heparin neutralization,Measurement,LOINC,Lab Test,52122-9,measurement,111,102,0.08053055423969682,sec,,,,1.9196428571428572,,,,,
3006924,Coagulation factor V activated [Units/volume] in Platelet poor plasma by Coagulation assay,Measurement,LOINC,Lab Test,3192-2,measurement,109,92,0.07263540186325596,%,,,,,,,,1.0468463752944255,
3025887,Neutrophils.hypersegmented/Leukocytes in Blood by Manual count,Measurement,LOINC,Lab Test,767-4,measurement,109,89,0.0702668561503237,", .",0.5111999256436471,,,,,,,,
3003412,Glucose [Mass/volume] in Serum or Plasma --30 minutes post dose lactose PO,Measurement,LOINC,Lab Test,26777-3,measurement,106,92,0.07263540186325596,"mmol/l, mmol/L",0.009294544102611766,,,,,,,,
3007030,Neutrophils.hypersegmented [Presence] in Blood by Light microscopy,Measurement,LOINC,Lab Test,765-8,measurement,106,68,0.053687036159797884,,,,,0.11160714285714286,3.4440344403444034,,,,
3027218,Fluid output chest tube [Appearance],Measurement,LOINC,Clinical Observation,9135-5,measurement,100,46,0.03631770093162798,,,,0.22236497504570835,,,,,,
3023456,Valproate Free/Valproate.total in Serum or Plasma,Measurement,LOINC,Lab Test,32283-4,measurement,97,54,0.04263382283278067,mg/l,0.31601449948880006,,,,,,,,
3042212,Oral assessment panel,Measurement,LOINC,Clinical Observation,39137-5,measurement,93,65,0.05131849044686562,,,,,1.4508928571428572,,,,,
3004831,Methemoglobin [Presence] in Blood,Measurement,LOINC,Lab Test,2613-8,measurement,91,20,0.01579030475288173,%,0.06506180871828236,,,,,,,,
44787087,Thiamine pyrophosphate [Moles/volume] in Blood,Measurement,LOINC,Lab Test,74444-1,measurement,90,77,0.06079267329859466,nmol/L,,,,0.13392857142857142,1.6605166051660516,,,,
3009736,Fluconazole [Mass/volume] in Serum or Plasma,Measurement,LOINC,Lab Test,10987-6,measurement,88,36,0.028422548555187114,mg/L,,,,,,,,0.942161737764983,
40759128,Platelet aggregation arachidonate induced in Blood --500 umol/L,Measurement,LOINC,Lab Test,56007-8,measurement,87,81,0.06395073424917101,U,,,,,,,0.01818292017698042,,
2000000381,pulsations arteria femoralis left,Measurement,ICUdata,Observable Entity,2000000381,measurement,84,49,0.03868624664456024,,,,0.00494144388990463,0.6026785714285714,1.2300123001230012,,,,
3009420,Ganciclovir [Mass/volume] in Serum or Plasma,Measurement,LOINC,Lab Test,15367-6,measurement,75,23,0.01815885046581399,"mg/l, mg/L",,,,,,,,0.4710808688824915,0.02012072434607646
3037459,Creatinine [Moles/volume] in Body fluid,Measurement,LOINC,Lab Test,25386-4,measurement,74,51,0.04026527711984841,"umol/L, µmol/L",0.018589088205223533,,,0.3794642857142857,,,,,
3020845,[Type] of Body fluid,Measurement,LOINC,Lab Test,14725-6,measurement,73,32,0.02526448760461077,,0.17659633794962357,,,,,,,,
3020554,Pulse intensity Ulnar artery - left by palpation,Measurement,LOINC,Clinical Observation,8912-8,measurement,70,59,0.046581399021001106,,,,,1.1607142857142858,0.36900369003690037,,,,
3022520,Coagulation factor VIII activated [Units/volume] in Platelet poor plasma by Coagulation assay,Measurement,LOINC,Lab Test,3208-6,measurement,69,41,0.03237012474340755,%,,,,,,,,0.942161737764983,
3033489,Left ventricular Intrachamber diastolic pressure,Measurement,LOINC,Clinical Observation,8375-8,measurement,69,47,0.03710721616927207,mmHg,,,,,,,,,
3018100,Left ventricular End diastolic blood pressure,Measurement,LOINC,Clinical Observation,8391-5,measurement,68,47,0.03710721616927207,mmHg,,,,,,,,,
40762525,Clinical biochemist review of results,Measurement,LOINC,Lab Test,59462-2,measurement,65,62,0.04894994473393337,,,,,0.44642857142857145,,,,,
3016293,Bicarbonate [Moles/volume] in Serum or Plasma,Measurement,LOINC,Lab Test,1963-8,measurement,63,33,0.026054002842254856,mmol/L,,,,0.15625,,,,,
3023694,Leukocytes [#/volume] in Cerebral spinal fluid by Manual count,Measurement,LOINC,Lab Test,806-0,measurement,62,56,0.044212853308068845,/µl,0.24165814666790594,,,,,,,,
3029217,Referral lab test identifier and name [Identifier],Measurement,LOINC,Lab Test,49581-2,measurement,61,41,0.03237012474340755,,0.18589088205223533,,,,,,,,
42868692,Triglyceride [Moles/volume] in Blood,Measurement,LOINC,Lab Test,70218-3,measurement,60,44,0.034738670456339805,mmol/l,,,0.17789198003656667,,,,,,
3002394,K Ag [Presence] on Red Blood Cells,Measurement,LOINC,Lab Test,1096-7,measurement,57,54,0.04263382283278067,,,,,0.15625,,,,,
3003573,C Ag [Presence] on Red Blood Cells,Measurement,LOINC,Lab Test,948-0,measurement,57,54,0.04263382283278067,,,,,0.15625,,,,,
3005222,little e Ag [Presence] on Red Blood Cells,Measurement,LOINC,Lab Test,1165-0,measurement,57,54,0.04263382283278067,,,,,0.15625,,,,,
3005186,little c Ag [Presence] on Red Blood Cells,Measurement,LOINC,Lab Test,1159-3,measurement,57,54,0.04263382283278067,,,,,0.15625,,,,,
3005480,E Ag [Presence] on Red Blood Cells,Measurement,LOINC,Lab Test,1021-5,measurement,57,54,0.04263382283278067,,,,,0.15625,,,,,
3013603,Prostate specific Ag [Mass/volume] in Serum or Plasma,Measurement,LOINC,Lab Test,2857-1,measurement,56,54,0.04263382283278067,µg/L,,,,,,,,0.36639623135304894,
3022229,Phosphate [Moles/volume] in Urine,Measurement,LOINC,Lab Test,13539-2,measurement,55,46,0.03631770093162798,"mmol/L, mmol/l",,,,,,,,0.07851347814708191,0.14587525150905434
3026989,Triiodothyronine (T3) Free [Moles/volume] in Serum or Plasma,Measurement,LOINC,Lab Test,14928-6,measurement,55,32,0.02526448760461077,"pmol/L, nmol/L, pmol/l",,,,0.044642857142857144,,,0.01818292017698042,0.3402250719706883,
3028531,Enolase.neuron specific [Mass/volume] in Serum or Plasma,Measurement,LOINC,Lab Test,15060-7,measurement,55,28,0.022106426654034422,µg/L,,,,0.33482142857142855,,,,,
3019947,Neutrophils/Leukocytes in Body fluid by Manual count,Measurement,LOINC,Lab Test,12238-2,measurement,55,41,0.03237012474340755,%,0.1394181615391765,,,,,,,,
3017289,Acyclovir [Mass/volume] in Serum or Plasma,Measurement,LOINC,Lab Test,9416-9,measurement,54,21,0.016579819990525817,"mg/L, ",,,,,,,,0.5234231876472127,
4259496,Corneal pachymetry,Measurement,SNOMED,Procedure,410456003,measurement,53,52,0.0410547923574925,,,,,,,,,,
3037701,Pyridoxine [Mass/volume] in Serum or Plasma,Measurement,LOINC,Lab Test,2900-9,measurement,52,50,0.03947576188220433,"nmol/L, nmol/l",0.037178176410447066,,,,,,,,
3016254,Gentamicin [Mass/volume] in Serum or Plasma --trough,Measurement,LOINC,Lab Test,3665-7,measurement,51,26,0.02052739617874625,"mg/L, mg/l",0.009294544102611766,,,0.15625,,,,,0.04024144869215292
3009496,Pulse intensity Ulnar artery - right by palpation,Measurement,LOINC,Clinical Observation,8913-6,measurement,51,40,0.03158060950576346,,,,,0.7366071428571429,0.36900369003690037,,,,
3051593,INR in Capillary blood by Coagulation assay,Measurement,LOINC,Lab Test,46418-0,measurement,51,49,0.03868624664456024,INR,,,,0.20089285714285715,0.43050430504305043,,,,
3040197,Anisochromasia [Presence] in Blood by Light microscopy,Measurement,LOINC,Lab Test,51582-5,measurement,50,32,0.02526448760461077,,,,,0.5357142857142857,,,,,
3011681,Plasma cells/Leukocytes in Body fluid,Measurement,LOINC,Lab Test,17803-8,measurement,49,39,0.030791094268119375,"x10^9/l, 10*9/L",0.24165814666790594,,,,,,,,
3018171,Choriogonadotropin [Units/volume] in Serum or Plasma,Measurement,LOINC,Lab Test,19080-1,measurement,45,38,0.03000157903047529,E/l,,,,,,,,,0.1056338028169014
3017766,Complement C4 [Mass/volume] in Serum or Plasma,Measurement,LOINC,Lab Test,4498-2,measurement,45,41,0.03237012474340755,"g/L, mg/L",0.009294544102611766,,,0.06696428571428571,,,,0.5495943470295734,
3024783,Stomatocytes [Presence] in Blood by Light microscopy,Measurement,LOINC,Lab Test,10380-4,measurement,45,30,0.023685457129322594,,,,,0.11160714285714286,1.4145141451414514,,,,
3038136,Choriogonadotropin.beta subunit [Units/volume] in Serum or Plasma,Measurement,LOINC,Lab Test,21198-7,measurement,45,44,0.034738670456339805,U/L,,,,0.044642857142857144,,,,,
3025696,Lithium [Mass/volume] in Serum or Plasma,Measurement,LOINC,Lab Test,3719-2,measurement,45,14,0.011053213327017211,mmol/L,,,,,,,,0.287882753205967,
44787085,Pyridoxal phosphate [Moles/volume] in Blood,Measurement,LOINC,Lab Test,74442-5,measurement,44,39,0.030791094268119375,nmol/L,,,,,1.6605166051660516,,,,
3046310,Tacrolimus [Mass/volume] in Serum or Plasma,Measurement,LOINC,Lab Test,32721-3,measurement,44,12,0.009474182851729039,µg/L,,,,0.06696428571428571,0.36900369003690037,,,,
3006025,Fluid output wound drain 8 hour,Measurement,LOINC,Clinical Observation,9198-3,measurement,44,3,0.0023685457129322598,ml,,,0.01482433166971389,,,,,,
3032700,Glomerular basement membrane Ab [Units/volume] in Serum,Measurement,LOINC,Lab Test,49774-3,measurement,44,37,0.0292120637928312,U/ml,0.1673017938470118,,,,,,,,
3010566,Parathyrin.intact [Moles/volume] in Serum or Plasma,Measurement,LOINC,Lab Test,14866-8,measurement,42,27,0.021316911416390336,pmol/L,,,,0.26785714285714285,,,,,
3009041,Cardiolipin IgG Ab [Units/volume] in Serum by Immunoassay,Measurement,LOINC,Lab Test,3181-5,measurement,42,37,0.0292120637928312,GPL-U/ml,0.1115345292313412,,,,,,,,
3014300,Beta 2 glycoprotein 1 IgM Ab [Units/volume] in Serum,Measurement,LOINC,Lab Test,16136-4,measurement,41,37,0.0292120637928312,U/ml,0.1115345292313412,,,,,,,,
3023199,Leukocytes [#/volume] in Pleural fluid,Measurement,LOINC,Lab Test,26467-1,measurement,41,35,0.027633033317543028,x10^9/L,,,,0.4017857142857143,,,,,
3042027,Normetanephrine Free [Moles/volume] in Serum or Plasma,Measurement,LOINC,Lab Test,40851-8,measurement,41,38,0.03000157903047529,"nmol/L, nmol/l",0.13012361743656473,,,,,,,,
3015813,Cardiolipin IgM Ab [Units/volume] in Serum by Immunoassay,Measurement,LOINC,Lab Test,3182-3,measurement,41,37,0.0292120637928312,MPL-U/ml,0.1115345292313412,,,,,,,,
3010375,cycloSPORINE [Mass/volume] in Blood,Measurement,LOINC,Lab Test,3520-4,measurement,41,13,0.010263698089373125,mg/L,,,,,,,,0.23554043444124576,
3043688,Hemoglobin [Mass/volume] in Body fluid,Measurement,LOINC,Lab Test,33509-1,measurement,40,35,0.027633033317543028,mmol/l,0.0557672646156706,,,,,,,,
1002345,Substance use disorder score,Measurement,LOINC,Clinical Observation,94029-6,measurement,40,15,0.011842728564661297,,,,,0.08928571428571429,0.6765067650676507,,,,
3043332,Capillary refill [Time] of Chest,Measurement,LOINC,Clinical Observation,44964-5,measurement,39,16,0.012632243802305385,,,,,0.06696428571428571,0.7995079950799509,,,,
3029103,Nuclear Ab [Presence] in Serum by Immunofluorescence,Measurement,LOINC,Lab Test,42254-3,measurement,39,37,0.0292120637928312,,0.018589088205223533,,,0.11160714285714286,,,,,
3008278,IgA [Mass/volume] in Cerebral spinal fluid,Measurement,LOINC,Lab Test,2457-0,measurement,39,38,0.03000157903047529,g/l,0.15800724974440003,,,,,,,,
3003785,Carcinoembryonic Ag [Mass/volume] in Serum or Plasma,Measurement,LOINC,Lab Test,2039-6,measurement,37,35,0.027633033317543028,"µg/l, ug/L, µg/L",0.037178176410447066,,,0.044642857142857144,,,,0.02617115938236064,
2000000627,Inspiratory rise time - sec set,Measurement,ICUdata,Observable Entity,2000000627,measurement,37,32,0.02526448760461077,"msec, sec",,,,0.6919642857142857,,,,0.02617115938236064,
3006706,IgM [Mass/volume] in Cerebral spinal fluid,Measurement,LOINC,Lab Test,2471-1,measurement,37,36,0.028422548555187114,g/l,0.1394181615391765,,,,,,,,
3025616,Target cells [Presence] in Blood by Light microscopy,Measurement,LOINC,Lab Test,10381-2,measurement,36,25,0.019737880941102164,,,,,0.49107142857142855,,,,,
3007808,Renin [Enzymatic activity/volume] in Plasma,Measurement,LOINC,Lab Test,2915-7,measurement,36,33,0.026054002842254856,"ng/l, ng/L",0.1673017938470118,,,,,,,,
3010657,Triiodothyronine (T3) Free [Mass/volume] in Serum or Plasma by Dialysis,Measurement,LOINC,Lab Test,29239-1,measurement,36,23,0.01815885046581399,pmol/l,0.10223998512872944,,,,,,,,
3014594,Urea [Moles/volume] in Body fluid,Measurement,LOINC,Lab Test,25549-7,measurement,34,11,0.008684667614084951,mmol/L,0.09294544102611767,,,,,,,,
1617262,Barthel index panel,Measurement,LOINC,Clinical Observation,96762-0,measurement,33,28,0.022106426654034422,,,,,0.022321428571428572,1.4760147601476015,,,,
3000637,Triglyceride [Mass/volume] in Body fluid,Measurement,LOINC,Lab Test,12228-3,measurement,32,20,0.01579030475288173,mmol/L,,,,,,,,0.4187385501177702,
3034780,Angiotensin converting enzyme [Enzymatic activity/volume] in Serum or Plasma,Measurement,LOINC,Lab Test,2742-5,measurement,32,32,0.02526448760461077,"U/l, U/L",0.046472720513058834,,,,,,,,
3022616,Phenytoin [Mass/volume] in Serum or Plasma,Measurement,LOINC,Lab Test,3968-5,measurement,31,11,0.008684667614084951,"mg/L, mg/l",0.07435635282089413,,,,,,,0.05234231876472128,
3045462,Protein/Creatinine [Ratio] in Urine,Measurement,LOINC,Lab Test,34366-5,measurement,31,27,0.021316911416390336,mg/mmol,0.06506180871828236,,,0.11160714285714286,,,,,
3027184,Lupus anticoagulant [Interpretation] in Platelet poor plasma,Measurement,LOINC,Lab Test,3281-3,measurement,30,27,0.021316911416390336,,,,,0.044642857142857144,0.43050430504305043,,,,
3015375,Amiodarone [Mass/volume] in Serum or Plasma,Measurement,LOINC,Lab Test,3330-8,measurement,30,20,0.01579030475288173,"mg/L, mg/l",0.046472720513058834,,,,,,,0.07851347814708191,
3034860,Kappa light chains.free [Mass/volume] in Serum,Measurement,LOINC,Lab Test,36916-5,measurement,30,30,0.023685457129322594,mg/L,,,,0.022321428571428572,,,,0.2093692750588851,
3020666,levETIRAcetam [Mass/volume] in Serum or Plasma,Measurement,LOINC,Lab Test,30471-7,measurement,29,23,0.01815885046581399,"mg/L, mg/l",0.0836508969235059,,,0.022321428571428572,,,,0.10468463752944256,
3009214,Lutropin [Units/volume] in Serum or Plasma,Measurement,LOINC,Lab Test,10501-5,measurement,29,25,0.019737880941102164,E/l,,,,,,,,,0.05030181086519115
3030511,Albumin [Mass/volume] in 24 hour Urine by Electrophoresis,Measurement,LOINC,Lab Test,51190-7,measurement,29,22,0.017369335228169903,mg/24uur,,,,,,,,,0.05533199195171026
3041426,Ketones [Moles/volume] in Blood,Measurement,LOINC,Lab Test,53061-8,measurement,29,22,0.017369335228169903,mmol/L,,,,,,,,0.3925673907354096,
3000493,Elliptocytes [Presence] in Blood by Light microscopy,Measurement,LOINC,Lab Test,11274-8,measurement,28,24,0.018948365703458078,,,,,0.044642857142857144,0.984009840098401,,,,
3011335,Digoxin [Mass/volume] in Serum or Plasma,Measurement,LOINC,Lab Test,10535-3,measurement,27,21,0.016579819990525817,"ng/ml, µg/L",,,0.02470721944952315,0.022321428571428572,,,,0.26171159382360637,
3046326,RBC casts [Presence] in Urine sediment by Light microscopy,Measurement,LOINC,Lab Test,33804-6,measurement,26,22,0.017369335228169903,,0.009294544102611766,,,0.022321428571428572,,,,,
3026692,Albumin [Mass/volume] in Peritoneal fluid,Measurement,LOINC,Lab Test,1749-1,measurement,26,21,0.016579819990525817,"g/L, g/l",,,,0.11160714285714286,,,,0.23554043444124576,
44787056,Differential panel - Cord blood,Measurement,LOINC,Lab Test,74413-6,measurement,25,13,0.010263698089373125,,,,,0.044642857142857144,,,,,
3038315,Erythrocytes.dysmorphic/Erythrocytes in Urine sediment by Light microscopy,Measurement,LOINC,Lab Test,53967-6,measurement,25,21,0.016579819990525817,%,0.009294544102611766,,,0.022321428571428572,,,,,
3009445,Proteinase 3 Ab [Units/volume] in Serum,Measurement,LOINC,Lab Test,6968-2,measurement,25,23,0.01815885046581399,IU/mL,,,,0.20089285714285715,,,,,
3017809,Bicarbonate [Moles/volume] in Arterial cord blood,Measurement,LOINC,Lab Test,28640-1,measurement,25,14,0.011053213327017211,,,,,0.022321428571428572,,,,,
3005570,Glucose [Moles/volume] in Urine,Measurement,LOINC,Lab Test,15076-3,measurement,24,20,0.01579030475288173,mmol/L,,,,,,,,0.49725202826485215,
3028639,carBAMazepine [Mass/volume] in Serum or Plasma,Measurement,LOINC,Lab Test,3432-2,measurement,24,14,0.011053213327017211,"mg/L, mg/l",0.0557672646156706,,,,,,,0.05234231876472128,
3013751,cloZAPine [Mass/volume] in Serum or Plasma,Measurement,LOINC,Lab Test,6896-5,measurement,24,12,0.009474182851729039,"ug/L, mg/l, ug/l, µg/L",0.0836508969235059,,,,,,,,
3003291,Casts [Presence] in Urine sediment by Light microscopy,Measurement,LOINC,Lab Test,24124-0,measurement,24,21,0.016579819990525817,,,,,0.044642857142857144,0.18450184501845018,,,,
3010409,Erythrocytes [#/volume] in Cerebral spinal fluid by Manual count,Measurement,LOINC,Lab Test,792-2,measurement,23,23,0.01815885046581399,/µl,0.10223998512872944,,,,,,,,
3023150,Myeloperoxidase Ab [Units/volume] in Serum,Measurement,LOINC,Lab Test,6969-0,measurement,23,23,0.01815885046581399,IU/mL,,,,0.17857142857142858,,,,,
21490886,PCA dose number.max 1 hour Infusion pump,Measurement,LOINC,Clinical Observation,76312-8,measurement,22,19,0.015000789515237645,,,,,,,,0.10303654766955574,,
3016426,Methylmalonate [Moles/volume] in Serum or Plasma,Measurement,LOINC,Lab Test,13964-2,measurement,22,20,0.01579030475288173,nmol/L,,,,0.044642857142857144,,,,,
3030924,Segmented neutrophils/Leukocytes in Pleural fluid,Measurement,LOINC,Lab Test,33385-6,measurement,21,19,0.015000789515237645,%,,,,0.15625,,,,,
3031735,Monocytes [#/volume] in Pleural fluid,Measurement,LOINC,Lab Test,35028-0,measurement,21,19,0.015000789515237645,%,,,,0.15625,,,,,
3030845,Lymphocytes [#/volume] in Pleural fluid,Measurement,LOINC,Lab Test,35098-3,measurement,21,19,0.015000789515237645,%,,,,0.15625,,,,,
3001893,Eosinophils/Leukocytes in Pleural fluid,Measurement,LOINC,Lab Test,30379-2,measurement,21,19,0.015000789515237645,%,,,,0.15625,,,,,
3021374,Sirolimus [Mass/volume] in Blood,Measurement,LOINC,Lab Test,29247-4,measurement,21,6,0.0047370914258645196,µg/L,,,,,,,,0.10468463752944256,
3002148,Methylenedioxymethamphetamine [Presence] in Urine by Screen method,Measurement,LOINC,Lab Test,19568-5,measurement,20,20,0.01579030475288173,"µg/L, ",0.0278836323078353,,,0.26785714285714285,,,,,
3008512,Albumin [Mass/volume] in Urine by Electrophoresis,Measurement,LOINC,Lab Test,6942-7,measurement,20,17,0.013421759039949471,mg/l,,,,,,,,,0.030181086519114688
3009917,Gentamicin [Mass/volume] in Serum or Plasma --peak,Measurement,LOINC,Lab Test,3663-2,measurement,20,10,0.007895152376440865,"mg/L, mg/l",,,,0.022321428571428572,,,,,0.02012072434607646
3028029,Mesothelial cells/Leukocytes in Pleural fluid,Measurement,LOINC,Lab Test,30431-1,measurement,20,19,0.015000789515237645,%,,,,0.15625,,,,,
3030905,Deprecated Polymorphonuclear cells [#/volume] in Blood,Measurement,LOINC,Lab Test,35003-3,measurement,20,20,0.01579030475288173,/µL,,,,0.35714285714285715,,,,,
3030571,Basophils/Leukocytes in Pleural fluid,Measurement,LOINC,Lab Test,35070-2,measurement,20,19,0.015000789515237645,%,,,,0.15625,,,,,
3012441,Differential panel - Pleural fluid,Measurement,LOINC,Lab Test,29583-2,measurement,20,19,0.015000789515237645,,,,,0.15625,,,,,
3006638,Tobramycin [Mass/volume] in Serum or Plasma --trough,Measurement,LOINC,Lab Test,4059-2,measurement,19,13,0.010263698089373125,"mg/L, mg/l",0.009294544102611766,,,0.022321428571428572,,,,,0.04527162977867203
3001870,Mononuclear cells [#/volume] in Body fluid,Measurement,LOINC,Lab Test,26490-3,measurement,19,19,0.015000789515237645,/µL,,,,0.3794642857142857,,,,,
3011461,Vancomycin [Mass/volume] in Serum or Plasma --peak,Measurement,LOINC,Lab Test,4090-7,measurement,19,12,0.009474182851729039,"mg/l, mg/L",,,,0.044642857142857144,,,,,0.01006036217303823
3037522,Nuclear Ab [Titer] in Serum,Measurement,LOINC,Lab Test,29953-7,measurement,19,18,0.014211274277593557,"titer, IU/mL",,,,,,,,0.23554043444124576,
3042923,Malignant cells/cells in Pleural fluid,Measurement,LOINC,Lab Test,44902-5,measurement,19,18,0.014211274277593557,%,,,,0.15625,,,,,
3022826,Microalbumin/Creatinine [Ratio] in Urine,Measurement,LOINC,Lab Test,30000-4,measurement,18,17,0.013421759039949471,mg/mmol,0.009294544102611766,,,0.13392857142857142,,,,,
2000000465,N4-acetyl-sulfamethoxazole [Mass/volume] in Serum or Plasma,Measurement,ICUdata,Observable Entity,2000000465,measurement,18,8,0.0063161219011526925,mg/L,,,,,,,,0.2093692750588851,
3018718,Plasma cells/Leukocytes in Blood,Measurement,LOINC,Lab Test,13047-6,measurement,18,13,0.010263698089373125,%,,,,0.022321428571428572,0.6765067650676507,,,,
3034436,Sulfamethoxazole [Mass/volume] in Serum or Plasma,Measurement,LOINC,Lab Test,10342-4,measurement,18,8,0.0063161219011526925,mg/L,,,,,,,,0.2093692750588851,
3010087,Midazolam [Mass/volume] in Serum or Plasma,Measurement,LOINC,Lab Test,3821-6,measurement,18,17,0.013421759039949471,"ug/L, mg/L",,,,,,,,0.4187385501177702,
3019420,Tryptase [Mass/volume] in Serum or Plasma,Measurement,LOINC,Lab Test,21582-2,measurement,18,15,0.011842728564661297,"µg/L, ug/L",0.009294544102611766,,,,0.12300123001230012,,,,
40757533,4-Hydroxymidazolam [Mass/volume] in Serum or Plasma,Measurement,LOINC,Lab Test,54402-3,measurement,17,16,0.012632243802305385,mg/L,,,,,,,,0.4187385501177702,
3032948,Heparin induced platelet Ab [Presence] in Serum,Measurement,LOINC,Lab Test,34701-3,measurement,16,14,0.011053213327017211,,,,,0.15625,,,,,
3044920,Orthostatic blood pressure,Measurement,LOINC,Clinical Observation,34538-9,measurement,16,15,0.011842728564661297,,,,,,,,,,
3045150,Osmol gap of Serum or Plasma,Measurement,LOINC,Lab Test,33264-3,measurement,16,15,0.011842728564661297,mOsmol/kg,,,,0.11160714285714286,,,,,
3016244,Insulin [Units/volume] in Serum or Plasma,Measurement,LOINC,Lab Test,20448-7,measurement,16,6,0.0047370914258645196,"mU/l, IE/u, m[IU]/L",,,,0.08928571428571429,,,,,
3027008,Opiates [Presence] in Urine,Measurement,LOINC,Lab Test,3879-4,measurement,16,16,0.012632243802305385,", µg/L",0.009294544102611766,,,0.26785714285714285,,,,,
3006887,Glucose [Mass/volume] in Serum or Plasma --pre dose lactose PO,Measurement,LOINC,Lab Test,12638-3,measurement,16,15,0.011842728564661297,mmol/l,0.009294544102611766,,,,,,,,
3000764,Benzodiazepines [Presence] in Urine,Measurement,LOINC,Lab Test,3390-2,measurement,16,16,0.012632243802305385,"µg/L, ",0.009294544102611766,,,0.26785714285714285,,,,,
42529368,Grip strength Hand - right Dynamometer,Measurement,LOINC,Clinical Observation,83174-3,measurement,16,11,0.008684667614084951,kg,,,,0.11160714285714286,0.36900369003690037,,,,
3014605,Amiodarone [Mass/volume] in Body fluid,Measurement,LOINC,Lab Test,29207-8,measurement,15,9,0.0071056371387967785,mg/l,0.046472720513058834,,,,,,,,
46235426,IgG [Moles/volume] in Serum or Plasma,Measurement,LOINC,Lab Test,77177-4,measurement,15,14,0.011053213327017211,g/L,,,,,,,,0.13085579691180318,
3042045,Bilirubin.total [Moles/volume] in Peritoneal fluid,Measurement,LOINC,Lab Test,39461-9,measurement,15,10,0.007895152376440865,µmol/l,,,,,,,,,0.04527162977867203
3021387,Prolactin [Units/volume] in Serum or Plasma,Measurement,LOINC,Lab Test,15081-3,measurement,15,13,0.010263698089373125,IU/L,,,,,,,,0.07851347814708191,
42527088,Pulmonary artery wedge Systolic blood pressure,Measurement,LOINC,Clinical Observation,60995-8,measurement,15,8,0.0063161219011526925,mmHg,,,,,,,0.006060973392326808,,
3000144,Amphetamine [Presence] in Urine by Screen method,Measurement,LOINC,Lab Test,19343-3,measurement,15,15,0.011842728564661297,µg/L,,,,0.26785714285714285,,,,,
21491756,Right eye Intraocular pressure,Measurement,LOINC,Clinical Observation,79892-6,measurement,15,14,0.011053213327017211,mmHg,,,,0.022321428571428572,0.7995079950799509,,,,
3024666,Lithium [Moles/volume] in Serum or Plasma,Measurement,LOINC,Lab Test,14334-7,measurement,15,6,0.0047370914258645196,mmol/L,,,,0.06696428571428571,,,,,
3036866,Desethylamiodarone [Mass/volume] in Serum or Plasma,Measurement,LOINC,Lab Test,6774-4,measurement,15,11,0.008684667614084951,mg/L,,,,,,,,0.07851347814708191,
3028707,Methadone [Presence] in Urine by Screen method,Measurement,LOINC,Lab Test,19550-3,measurement,15,15,0.011842728564661297,µg/L,,,,0.26785714285714285,,,,,
3002020,Barbiturates [Presence] in Urine,Measurement,LOINC,Lab Test,3377-9,measurement,15,15,0.011842728564661297,µg/L,,,,0.26785714285714285,,,,,
21490876,Pulmonary capillary Diastolic blood pressure,Measurement,LOINC,Clinical Observation,76286-4,measurement,15,8,0.0063161219011526925,mmHg,,,,,,,0.006060973392326808,,
3023487,Leukocytes [#/volume] in Peritoneal fluid,Measurement,LOINC,Lab Test,26468-9,measurement,15,12,0.009474182851729039,x10^9/L,,,,,,,,0.2093692750588851,
3036832,Pulse intensity Brachial artery - right by palpation,Measurement,LOINC,Clinical Observation,8899-7,measurement,15,6,0.0047370914258645196,,,,,0.06696428571428571,0.12300123001230012,,,,
21490877,Pulmonary capillary Mean blood pressure,Measurement,LOINC,Clinical Observation,76287-2,measurement,15,8,0.0063161219011526925,mmHg,,,,,,,0.006060973392326808,,
3008691,Amylase [Enzymatic activity/volume] in Peritoneal fluid,Measurement,LOINC,Lab Test,1797-0,measurement,14,11,0.008684667614084951,U/L,,,,0.08928571428571429,,,,0.15702695629416383,
3022810,Sodium [Moles/volume] in Body fluid,Measurement,LOINC,Lab Test,2950-4,measurement,14,13,0.010263698089373125,mmol/l,0.09294544102611767,,,,,,,,
3027653,Mycophenolate [Mass/volume] in Serum or Plasma,Measurement,LOINC,Lab Test,23905-3,measurement,14,4,0.0031580609505763462,mg/L,,,,,,,,0.10468463752944256,
3001981,E Ab [Presence] in Serum or Plasma,Measurement,LOINC,Lab Test,1018-1,measurement,14,5,0.003947576188220433,,,,,0.06696428571428571,,,,,
3023323,Follitropin [Units/volume] in Serum or Plasma,Measurement,LOINC,Lab Test,15067-2,measurement,14,13,0.010263698089373125,IU/L,,,,,,,,0.05234231876472128,
43534000,von Willebrand factor (vWf).activity [Units/volume] in Platelet poor plasma by Immunoassay,Measurement,LOINC,Lab Test,73978-9,measurement,14,10,0.007895152376440865,%,,,,,,,,0.18319811567652447,
3032370,Actin IgG Ab [Units/volume] in Serum or Plasma,Measurement,LOINC,Lab Test,34661-9,measurement,14,14,0.011053213327017211,.,0.018589088205223533,,,,,,,,
42529367,Grip strength Hand - left Dynamometer,Measurement,LOINC,Clinical Observation,83173-5,measurement,14,9,0.0071056371387967785,Kg,,,,0.11160714285714286,0.24600246002460024,,,,
3021600,Valproate Free [Mass/volume] in Serum or Plasma,Measurement,LOINC,Lab Test,4087-3,measurement,13,8,0.0063161219011526925,mg/L,,,,0.044642857142857144,0.24600246002460024,,,,
3005322,IgE [Units/volume] in Serum or Plasma,Measurement,LOINC,Lab Test,19113-0,measurement,13,9,0.0071056371387967785,"k[IU]/L, kU/L",,,,,0.24600246002460024,,,,
2000000635,positive airway pressure device leak,Measurement,ICUdata,Observable Entity,2000000635,measurement,13,13,0.010263698089373125,ml,,,,0.08928571428571429,0.5535055350553506,,,,
3014326,Insulin-like growth factor-I [Moles/volume] in Serum or Plasma,Measurement,LOINC,Lab Test,29775-4,measurement,13,11,0.008684667614084951,nmol/L,,,,,,,,0.02617115938236064,
3017597,Amitriptyline [Mass/volume] in Serum or Plasma,Measurement,LOINC,Lab Test,3333-2,measurement,13,11,0.008684667614084951,"mg/l, ug/L, µg/l",0.046472720513058834,,,,,,,,
3031076,Corticotropin [Mass/volume] in Plasma --baseline,Measurement,LOINC,Lab Test,42598-3,measurement,12,12,0.009474182851729039,pmol/l,0.06506180871828236,,,,,,,,
3008581,Lactate dehydrogenase [Enzymatic activity/volume] in Peritoneal fluid,Measurement,LOINC,Lab Test,2531-2,measurement,12,10,0.007895152376440865,U/L,,,,0.06696428571428571,,,,0.15702695629416383,
3023540,Body height Measured,Measurement,LOINC,Clinical Observation,3137-7,measurement,12,10,0.007895152376440865,cm,,,,,,,,,
3011412,CD3 cells [#/volume] in Blood,Measurement,LOINC,Lab Test,8122-4,measurement,12,8,0.0063161219011526925,"10*9/L, x10^9/L",0.018589088205223533,,,,,,,,
3035544,Cardiolipin IgG Ab [Units/volume] in Serum or Plasma,Measurement,LOINC,Lab Test,8065-5,measurement,12,12,0.009474182851729039,"U/mL, [GPL'U]/mL",,,,0.044642857142857144,,,,,
3007368,IgG [Mass/volume] in Cerebral spinal fluid,Measurement,LOINC,Lab Test,2464-6,measurement,12,11,0.008684667614084951,"mg/L, Geen",0.009294544102611766,,,,,,,0.10468463752944256,
3029782,Chylomicrons [Presence] in Body fluid,Measurement,LOINC,Lab Test,33009-2,measurement,12,10,0.007895152376440865,,0.018589088205223533,,,0.022321428571428572,,,,,
3036596,Pulse intensity Brachial artery - left by palpation,Measurement,LOINC,Clinical Observation,8898-9,measurement,11,8,0.0063161219011526925,,,,,0.11160714285714286,0.12300123001230012,,,,
3018658,Beta 2 glycoprotein 1 IgG Ab [Units/volume] in Serum,Measurement,LOINC,Lab Test,16135-6,measurement,11,11,0.008684667614084951,U/mL,,,,0.044642857142857144,,,,,
3048752,Lipase [Enzymatic activity/volume] in Pleural fluid,Measurement,LOINC,Lab Test,47418-9,measurement,11,8,0.0063161219011526925,U/L,,,,0.06696428571428571,,,,,
3002620,Howell-Jolly bodies [Presence] in Blood by Light microscopy,Measurement,LOINC,Lab Test,7793-3,measurement,11,8,0.0063161219011526925,,,,,0.044642857142857144,0.36900369003690037,,,,
3021494,OLANZapine [Mass/volume] in Serum or Plasma,Measurement,LOINC,Lab Test,12389-3,measurement,11,10,0.007895152376440865,"ug/L, µg/L, mg/l, ug/l",0.037178176410447066,,,0.022321428571428572,,,,,
3008515,Right ventricular End diastolic blood pressure,Measurement,LOINC,Clinical Observation,8392-3,measurement,11,5,0.003947576188220433,mmHg,,,,,,,,,
3027923,C peptide [Moles/volume] in Serum or Plasma,Measurement,LOINC,Lab Test,14633-2,measurement,11,10,0.007895152376440865,"nmol/L, pmol/L",0.009294544102611766,,,,,,,0.05234231876472128,
3035124,Erythrocytes [#/area] in Urine sediment by Microscopy high power field,Measurement,LOINC,Lab Test,13945-1,measurement,11,11,0.008684667614084951,/[HPF],,,,,,,,,
3001362,Plasma cells [#/volume] in Blood,Measurement,LOINC,Lab Test,30458-4,measurement,10,8,0.0063161219011526925,/nL,,,,0.17857142857142858,,,,,
36305682,Bias flow setting Ventilator,Measurement,LOINC,Clinical Observation,76272-4,measurement,10,8,0.0063161219011526925,l/min,,,,0.15625,,,,,0.005030181086519115
3028308,Erythrocytes [#/volume] in Pleural fluid,Measurement,LOINC,Lab Test,26456-4,measurement,10,9,0.0071056371387967785,/pL,,,,0.13392857142857142,,,,,
3002331,Protein [Mass/volume] in Peritoneal fluid,Measurement,LOINC,Lab Test,2883-7,measurement,10,9,0.0071056371387967785,g/L,,,,,,,,0.10468463752944256,
2000000451,Hemoglobin [Moles/volume] in Pleural fluid,Measurement,ICUdata,Observable Entity,2000000451,measurement,10,10,0.007895152376440865,mmol/L,,,,,,,,0.2093692750588851,
3037816,CD4+CD8+ cells/cells in Blood,Measurement,LOINC,Lab Test,17146-2,measurement,10,6,0.0047370914258645196,,,,,,,,,,
3031731,Floxacillin [Mass/volume] in Serum or Plasma,Measurement,LOINC,Lab Test,35112-2,measurement,10,7,0.005526606663508606,"mg/L, mg/l",0.0278836323078353,,,0.044642857142857144,,,,,0.005030181086519115
3003195,risperiDONE [Mass/volume] in Serum or Plasma,Measurement,LOINC,Lab Test,9393-0,measurement,9,4,0.0031580609505763462,"µg/L, mg/l",0.018589088205223533,,,0.022321428571428572,,,,,
3009306,Alpha-1-Fetoprotein [Mass/volume] in Serum or Plasma,Measurement,LOINC,Lab Test,1834-1,measurement,9,8,0.0063161219011526925,µg/L,,,,,,,,0.10468463752944256,
3034548,Prostate specific Ag [Mass/volume] in Serum or Plasma by Detection limit <= 0.01 ng/mL,Measurement,LOINC,Lab Test,35741-8,measurement,9,9,0.0071056371387967785,µg/L,,,,0.044642857142857144,,,,,
3004562,Bacteria [Presence] in Urine sediment by Light microscopy,Measurement,LOINC,Lab Test,25145-4,measurement,9,9,0.0071056371387967785,,,,,,,,,,
40769406,Specimen type,Measurement,LOINC,Lab Test,66746-9,measurement,9,8,0.0063161219011526925,,,,,0.11160714285714286,,,,,
3015401,Amylase [Enzymatic activity/volume] in Pleural fluid,Measurement,LOINC,Lab Test,1796-2,measurement,9,8,0.0063161219011526925,U/L,,,,,,,,0.15702695629416383,
3017446,Testosterone [Moles/volume] in Serum or Plasma,Measurement,LOINC,Lab Test,14913-8,measurement,9,8,0.0063161219011526925,"nmol/L, pmol/L",,,,,,,,0.02617115938236064,
3036472,Blood group antibodies identified in Serum or Plasma,Measurement,LOINC,Lab Test,888-8,measurement,9,7,0.005526606663508606,,0.009294544102611766,,,,,,,,
3005386,K Ab [Presence] in Serum or Plasma,Measurement,LOINC,Lab Test,1093-4,measurement,9,6,0.0047370914258645196,,,,,,,,,,
3012565,Volume of 24 hour Urine,Measurement,LOINC,Lab Test,3167-4,measurement,9,9,0.0071056371387967785,ml,0.037178176410447066,,,,,,,,
40766275,Albumin in serum - albumin in peritoneal fluid [Mass concentration difference],Measurement,LOINC,Lab Test,63549-0,measurement,9,8,0.0063161219011526925,g/L,,,,0.11160714285714286,,,,,
3002082,risperiDONE+9-Hydroxyrisperidone [Mass/volume] in Serum or Plasma,Measurement,LOINC,Lab Test,9394-8,measurement,9,4,0.0031580609505763462,"mg/l, µg/L",0.018589088205223533,,,0.022321428571428572,,,,,
3029143,Chylomicrons [Presence] in Pleural fluid,Measurement,LOINC,Lab Test,33375-7,measurement,9,5,0.003947576188220433,,,,,0.022321428571428572,,,,,
3020071,Venlafaxine [Mass/volume] in Serum or Plasma,Measurement,LOINC,Lab Test,9630-5,measurement,9,7,0.005526606663508606,"ug/l, µg/L, µg/l, mg/l",0.018589088205223533,,0.00494144388990463,0.022321428571428572,,,,,
3053209,Kappa light chains.free/Lambda light chains.free [Mass Ratio] in Serum,Measurement,LOINC,Lab Test,48378-4,measurement,8,8,0.0063161219011526925,,,,,0.022321428571428572,,,,,
3023261,lamoTRIgine [Mass/volume] in Serum or Plasma,Measurement,LOINC,Lab Test,6948-4,measurement,8,8,0.0063161219011526925,"mg/l, mg/L",,,,0.022321428571428572,,,,0.02617115938236064,
3049804,Myeloperoxidase IgG Ab [Units/volume] in Serum,Measurement,LOINC,Lab Test,48404-8,measurement,8,7,0.005526606663508606,"[IU]/mL, ",0.0278836323078353,,,0.022321428571428572,,,,,
3048689,Calprotectin [Mass/mass] in Stool,Measurement,LOINC,Lab Test,38445-3,measurement,8,5,0.003947576188220433,µg/g,,,,,0.24600246002460024,,,,
3035708,Gamma hydroxybutyrate [Presence] in Urine,Measurement,LOINC,Lab Test,29868-7,measurement,8,8,0.0063161219011526925,mg/L,,,,0.044642857142857144,,,,,
3007857,Nortriptyline [Mass/volume] in Serum or Plasma,Measurement,LOINC,Lab Test,3872-9,measurement,8,6,0.0047370914258645196,"mg/l, µg/L, ug/L",0.018589088205223533,,,0.022321428571428572,,,,,
3006872,clomiPRAMINE+Norclomipramine [Mass/volume] in Serum or Plasma,Measurement,LOINC,Lab Test,3493-4,measurement,8,7,0.005526606663508606,"mg/l, ug/l",0.018589088205223533,,,,,,,,
2000000144,Hemoglobin [Moles/volume] in Capillary blood,Measurement,ICUdata,Observable Entity,2000000144,measurement,8,8,0.0063161219011526925,mmol/l,,,,,,,,,
3014695,Myeloblasts/Leukocytes in Blood,Measurement,LOINC,Lab Test,30445-1,measurement,8,4,0.0031580609505763462,%,,,,0.06696428571428571,,,,,
21490676,Central venous pressure (CVP) Diastolic,Measurement,LOINC,Clinical Observation,60986-7,measurement,8,3,0.0023685457129322598,mmHg,,,,,,,,,
3009210,Methanol [Mass/volume] in Blood,Measurement,LOINC,Lab Test,9334-4,measurement,8,8,0.0063161219011526925,mg/l,0.046472720513058834,,,,,,,,
3010997,Myeloblasts [#/volume] in Blood,Measurement,LOINC,Lab Test,30444-4,measurement,8,4,0.0031580609505763462,/nL,,,,0.06696428571428571,,,,,
3007204,Coagulation factor IX activated [Units/volume] in Platelet poor plasma by Coagulation assay,Measurement,LOINC,Lab Test,3186-4,measurement,8,8,0.0063161219011526925,%,,,,,,,,0.13085579691180318,
3047169,Lambda light chains.free [Mass/volume] in Serum or Plasma,Measurement,LOINC,Lab Test,33944-0,measurement,8,8,0.0063161219011526925,mg/L,,,,0.022321428571428572,,,,,
3035826,Galactomannan Ag [Units/volume] in Serum or Plasma,Measurement,LOINC,Lab Test,35383-9,measurement,8,8,0.0063161219011526925,Geen,,,,,,,,,0.015090543259557344
44786763,Proteinase 3 IgG Ab [Units/volume] in Serum or Plasma by Immunoassay,Measurement,LOINC,Lab Test,74106-6,measurement,7,6,0.0047370914258645196,[IU]/mL,0.0278836323078353,,,,,,,,
21490681,Right atrial pressure Diastolic,Measurement,LOINC,Clinical Observation,60997-4,measurement,7,5,0.003947576188220433,mmHg,,,,,,,,,
3000259,Yeast [Presence] in Urine sediment by Light microscopy,Measurement,LOINC,Lab Test,32356-8,measurement,7,7,0.005526606663508606,,,,,,,,,,
3026101,Triglyceride [Moles/volume] in Body fluid,Measurement,LOINC,Lab Test,29766-3,measurement,7,7,0.005526606663508606,mmol/L,0.009294544102611766,,,,,,,,
3016095,Left ventricular Oxygen saturation,Measurement,LOINC,Clinical Observation,8845-0,measurement,7,7,0.005526606663508606,%,,,,,,,,,
3002971,Nuclear Ab [Titer] in Serum by Immunofluorescence,Measurement,LOINC,Lab Test,5048-4,measurement,7,7,0.005526606663508606,.,0.018589088205223533,,,,,,,,
3022338,Retinol [Mass/volume] in Serum or Plasma,Measurement,LOINC,Lab Test,2923-1,measurement,7,6,0.0047370914258645196,µmol/l,,,,,,,,,
3036603,Volume of Urine,Measurement,LOINC,Lab Test,28009-9,measurement,7,6,0.0047370914258645196,mL,0.009294544102611766,,,,,,,,
3014507,Right atrial Intrachamber mean pressure,Measurement,LOINC,Clinical Observation,8400-4,measurement,7,5,0.003947576188220433,mmHg,,,,,,,,,
3007124,Reticulocytes/Erythrocytes in Blood by Automated count,Measurement,LOINC,Lab Test,17849-1,measurement,7,7,0.005526606663508606,%,,,0.03459010722933241,,,,,,
21493527,Floxacillin Free [Mass/volume] in Serum or Plasma,Measurement,LOINC,Lab Test,80642-2,measurement,7,5,0.003947576188220433,mg/L,0.018589088205223533,,,0.022321428571428572,,,,,
21490682,Right atrial pressure Systolic,Measurement,LOINC,Clinical Observation,60998-2,measurement,7,5,0.003947576188220433,mmHg,,,,,,,,,
3019410,Aspergillus fumigatus IgG Ab [Presence] in Serum,Measurement,LOINC,Lab Test,19726-9,measurement,7,7,0.005526606663508606,mg/l,0.009294544102611766,,,,,,,,
3003159,Erythrocytes [#/volume] in Body fluid by Automated count,Measurement,LOINC,Lab Test,23860-0,measurement,7,6,0.0047370914258645196,10*6/L,0.018589088205223533,,,,,,,,
3017394,Zinc [Mass/volume] in Serum or Plasma,Measurement,LOINC,Lab Test,5763-8,measurement,7,5,0.003947576188220433,µmol/l,,,,,,,,,
3031624,CD55 Granulocytes [Presence] in Blood,Measurement,LOINC,Lab Test,49599-4,measurement,7,5,0.003947576188220433,.,0.018589088205223533,,,,,,,,
3000456,Dacrocytes [Presence] in Blood by Light microscopy,Measurement,LOINC,Lab Test,7791-7,measurement,6,6,0.0047370914258645196,,,,,0.06696428571428571,,,,,
3001102,Acetylcholine receptor Ab [Units/volume] in Serum,Measurement,LOINC,Lab Test,8058-0,measurement,6,6,0.0047370914258645196,.,0.0278836323078353,,,,,,,,
40758897,Direct antiglobulin test.IgG specific reagent [Presence] on Red Blood Cells,Measurement,LOINC,Lab Test,55776-9,measurement,6,5,0.003947576188220433,,,,,0.044642857142857144,,,,,
3026729,Phosphate [Mass/volume] in Urine,Measurement,LOINC,Lab Test,2778-9,measurement,6,5,0.003947576188220433,g/24u,0.009294544102611766,,,,,,,,
44787114,Injury severity score Calculated,Measurement,LOINC,Clinical Observation,74471-4,measurement,6,6,0.0047370914258645196,,,,,0.13392857142857142,,,,,
3015182,Deprecated Erythrocyte distribution width [Entitic volume] by Automated count,Measurement,LOINC,Lab Test,21000-5,measurement,6,6,0.0047370914258645196,fL,,,,0.044642857142857144,,,,,
36660625,Protein.monoclonal [Presence] in Serum or Plasma,Measurement,LOINC,Lab Test,94400-9,measurement,6,5,0.003947576188220433,,,,,,,,,,
3019738,Magnesium [Mass/volume] in Urine,Measurement,LOINC,Lab Test,19124-7,measurement,6,6,0.0047370914258645196,mmol/L,,,,,,,,0.10468463752944256,
42868627,Methadone [Presence] in Urine by Screen method >300 ng/mL,Measurement,LOINC,Lab Test,70149-0,measurement,6,6,0.0047370914258645196,,0.037178176410447066,,,,,,,,
3002907,Coagulation factor XII activated [Units/volume] in Platelet poor plasma by Coagulation assay,Measurement,LOINC,Lab Test,3231-8,measurement,6,6,0.0047370914258645196,%,,,,,,,,0.07851347814708191,
42868643,Hematocrit [Volume Fraction] of Pleural fluid by calculation,Measurement,LOINC,Lab Test,70169-8,measurement,6,5,0.003947576188220433,%,0.018589088205223533,,,,,,,,
3011951,Aspergillus fumigatus IgE Ab [Units/volume] in Serum,Measurement,LOINC,Lab Test,6025-1,measurement,6,6,0.0047370914258645196,"kU/l, k[IU]/L",0.009294544102611766,,,,,,,,
3026904,Basophilic stippling [Presence] in Blood by Light microscopy,Measurement,LOINC,Lab Test,703-9,measurement,6,4,0.0031580609505763462,,,,,0.08928571428571429,,,,,
3021322,Cryoglobulin [Presence] in Serum,Measurement,LOINC,Lab Test,5117-7,measurement,6,6,0.0047370914258645196,", .",0.018589088205223533,,,,,,,,
3035729,Glucose [Moles/volume] in Body fluid,Measurement,LOINC,Lab Test,14745-4,measurement,6,6,0.0047370914258645196,mmol/L,0.0278836323078353,,,,,,,,
3001788,Aldosterone [Moles/volume] in Serum or Plasma,Measurement,LOINC,Lab Test,14586-2,measurement,6,5,0.003947576188220433,pmol/L,,,,0.06696428571428571,,,,,
40758895,Direct antiglobulin test.complement C3d specific reagent [Presence] on Red Blood Cells,Measurement,LOINC,Lab Test,55774-4,measurement,6,5,0.003947576188220433,,,,,0.044642857142857144,,,,,
3042010,Triglyceride [Moles/volume] in Pleural fluid,Measurement,LOINC,Lab Test,39801-6,measurement,6,5,0.003947576188220433,mmol/l,,,,0.022321428571428572,,,,,
3023044,Glucose [Moles/volume] in Peritoneal fluid,Measurement,LOINC,Lab Test,14748-8,measurement,6,6,0.0047370914258645196,"mmol/L, mmol/l",,,,0.06696428571428571,,,,0.07851347814708191,
3004090,Tobramycin [Mass/volume] in Serum or Plasma --peak,Measurement,LOINC,Lab Test,4057-6,measurement,6,3,0.0023685457129322598,mg/l,,,,,,,,,0.015090543259557344
3034739,Osmolality of Serum or Plasma by calculated by sum of electrolytes,Measurement,LOINC,Lab Test,18182-6,measurement,6,3,0.0023685457129322598,mosm/kg,0.009294544102611766,,,,,,,,
3022481,Fat [Presence] in Stool,Measurement,LOINC,Lab Test,2270-7,measurement,6,5,0.003947576188220433,"g/100g, %",0.009294544102611766,,,,,,,,
40769111,Beta hydroxybutyrate [Moles/volume] in Blood by Test strip,Measurement,LOINC,Lab Test,66441-7,measurement,6,6,0.0047370914258645196,mmol/L,,,,0.11160714285714286,,,,,
3014995,M Ab [Presence] in Serum or Plasma,Measurement,LOINC,Lab Test,1228-6,measurement,6,4,0.0031580609505763462,,,,,0.022321428571428572,,,,,
3012471,Hemoglobin.gastrointestinal.lower [Presence] in Stool by Immunoassay,Measurement,LOINC,Lab Test,29771-3,measurement,6,6,0.0047370914258645196,", ng/mL",,,,0.022321428571428572,,,,,
43533388,Cannabinoids [Presence] in Urine by Screen method >50 ng/mL,Measurement,LOINC,Lab Test,70145-8,measurement,6,6,0.0047370914258645196,,0.037178176410447066,,,,,,,,
3016724,Homocysteine [Moles/volume] in Serum or Plasma,Measurement,LOINC,Lab Test,13965-9,measurement,6,6,0.0047370914258645196,µmol/L,,,,,0.06150061500615006,,,,
3019575,Right ventricular Intrachamber systolic pressure,Measurement,LOINC,Clinical Observation,8432-7,measurement,6,5,0.003947576188220433,mmHg,,,,,,,,,
3002966,Deprecated Coagulation factor XI activated activity,Measurement,LOINC,Lab Test,3225-0,measurement,6,6,0.0047370914258645196,%,,,,,,,,0.07851347814708191,
3016072,Theophylline [Mass/volume] in Serum or Plasma,Measurement,LOINC,Lab Test,4049-3,measurement,5,4,0.0031580609505763462,"mg/L, mg/l",,,,,,,,0.05234231876472128,
3013542,traMADol [Presence] in Urine by Screen method,Measurement,LOINC,Lab Test,19710-3,measurement,5,5,0.003947576188220433,,0.0278836323078353,,,,,,,,
3021016,oxyCODONE [Presence] in Urine by Screen method,Measurement,LOINC,Lab Test,19642-8,measurement,5,5,0.003947576188220433,,0.0278836323078353,,,,,,,,
3017400,Magnesium [Moles/volume] in Urine,Measurement,LOINC,Lab Test,2598-1,measurement,5,3,0.0023685457129322598,mmol/L,,,,0.022321428571428572,,,,,
3029794,Leukocyte clumps [#/volume] in Urine by Automated count,Measurement,LOINC,Lab Test,33768-3,measurement,5,4,0.0031580609505763462,x10^9/l,0.009294544102611766,,,,,,,,
3024980,IgG subclass 4 [Mass/volume] in Serum,Measurement,LOINC,Lab Test,2469-5,measurement,5,5,0.003947576188220433,g/L,,,,0.022321428571428572,,,,,
36031214,Diastolic blood pressure mean,Measurement,LOINC,Clinical Observation,96609-3,measurement,5,4,0.0031580609505763462,mmHg,,,,,,,,,
3022907,Direct antiglobulin test.polyspecific reagent [Presence] on Red Blood Cells,Measurement,LOINC,Lab Test,1007-4,measurement,5,5,0.003947576188220433,,0.009294544102611766,,,,,,,,
43533701,Voriconazole [Mass/volume] in Serum or Plasma --trough,Measurement,LOINC,Lab Test,73676-9,measurement,5,1,0.0007895152376440866,mg/L,0.009294544102611766,,,,,,,,
3028612,Thyroperoxidase Ab [Presence] in Serum or Plasma,Measurement,LOINC,Lab Test,32042-4,measurement,5,4,0.0031580609505763462,kU/L,,,,0.022321428571428572,,,,,
40758294,Paroxysmal nocturnal panel - Blood,Measurement,LOINC,Lab Test,55164-8,measurement,5,5,0.003947576188220433,,,,,0.022321428571428572,0.18450184501845018,,,,
3005029,Protein [Mass/volume] in Body fluid,Measurement,LOINC,Lab Test,2881-1,measurement,5,5,0.003947576188220433,g/L,0.018589088205223533,,,,,,,,
3018672,pH of Body fluid,Measurement,LOINC,Lab Test,2748-2,measurement,5,5,0.003947576188220433,[pH],0.009294544102611766,,,,,,,,
44786754,Tacrolimus [Mass/volume] in Blood by LC/MS/MS,Measurement,LOINC,Lab Test,74097-7,measurement,5,3,0.0023685457129322598,ug/L,,,,,,,,,
3015529,Ketamine [Presence] in Urine,Measurement,LOINC,Lab Test,12327-3,measurement,5,5,0.003947576188220433,,0.0278836323078353,,,,,,,,
3035583,Leukocytes [#/area] in Urine sediment by Microscopy high power field,Measurement,LOINC,Lab Test,5821-4,measurement,5,5,0.003947576188220433,/[HPF],,,,,,,,,
3000570,Elastase.pancreatic [Mass/mass] in Stool,Measurement,LOINC,Lab Test,25907-7,measurement,5,5,0.003947576188220433,"µg/g, ug/g",,,,,,,,,
36032082,Norfentanyl [Presence] in Urine by Screen method,Measurement,LOINC,Lab Test,95797-7,measurement,5,5,0.003947576188220433,,0.0278836323078353,,,,,,,,
3013412,"Gabapentin [Mass/volume] in Serum, Plasma or Blood",Measurement,LOINC,Lab Test,9738-6,measurement,5,4,0.0031580609505763462,"mg/L, mg/l",,,,,,,,0.05234231876472128,
3037310,Renin [Mass/volume] in Plasma,Measurement,LOINC,Lab Test,35570-1,measurement,5,4,0.0031580609505763462,ng/L,,,,0.06696428571428571,,,,,
3047226,Benzoylecgonine [Presence] in Urine by Screen method >150 ng/mL,Measurement,LOINC,Lab Test,43984-4,measurement,5,5,0.003947576188220433,,0.0278836323078353,,,,,,,,
3033308,Hyaline casts [Presence] in Urine sediment by Light microscopy,Measurement,LOINC,Lab Test,25162-9,measurement,5,5,0.003947576188220433,,,,,0.022321428571428572,,,,,
3007847,Interleukin 2 Receptor Soluble [Units/volume] in Serum or Plasma,Measurement,LOINC,Lab Test,9654-5,measurement,5,5,0.003947576188220433,[arb'U]/mL,0.018589088205223533,,,,,,,,
3020804,Pelger Huet cells [Presence] in Blood by Light microscopy,Measurement,LOINC,Lab Test,18311-1,measurement,5,3,0.0023685457129322598,.,0.0278836323078353,,,,,,,,
3011402,Methamphetamine [Presence] in Urine by Screen method,Measurement,LOINC,Lab Test,19554-5,measurement,5,5,0.003947576188220433,,0.0278836323078353,,,,,,,,
42868623,Benzodiazepines [Presence] in Urine by Screen method >200 ng/mL,Measurement,LOINC,Lab Test,70141-7,measurement,5,5,0.003947576188220433,,0.0278836323078353,,,,,,,,
3005058,Barbiturates [Presence] in Urine by Screen method,Measurement,LOINC,Lab Test,19270-8,measurement,5,5,0.003947576188220433,,0.0278836323078353,,,,,,,,
3010109,Ethanol [Presence] in Urine,Measurement,LOINC,Lab Test,5644-0,measurement,5,3,0.0023685457129322598,o/oo,0.018589088205223533,,,,,,,,
3018954,Choriogonadotropin [Presence] in Urine,Measurement,LOINC,Lab Test,2106-3,measurement,5,5,0.003947576188220433,,0.0278836323078353,,,,,,,,
43533393,Opiates [Presence] in Urine by Screen method >300 ng/mL,Measurement,LOINC,Lab Test,70151-6,measurement,5,5,0.003947576188220433,,0.0278836323078353,,,,,,,,
3000415,Haloperidol [Mass/volume] in Serum or Plasma,Measurement,LOINC,Lab Test,3669-9,measurement,5,5,0.003947576188220433,"µg/l, µg/L",,,,,,,,,0.005030181086519115
40760871,Heparin induced platelet Ab [Presence] in Serum or Plasma by Immunoassay,Measurement,LOINC,Lab Test,57761-9,measurement,5,5,0.003947576188220433,%,,,,0.044642857142857144,,,,,
3043870,Heparin induced platelet Ab [Units/volume] in Serum,Measurement,LOINC,Lab Test,45155-9,measurement,5,4,0.0031580609505763462,.,,,,,,,,,
3006006,Tricyclic antidepressants [Presence] in Urine by Screen method,Measurement,LOINC,Lab Test,19312-8,measurement,5,5,0.003947576188220433,,0.0278836323078353,,,,,,,,
3014791,Apolipoprotein B [Mass/volume] in Serum or Plasma,Measurement,LOINC,Lab Test,1884-6,measurement,5,5,0.003947576188220433,g/L,,,,,0.12300123001230012,,,,
3044376,Amphetamines [Presence] in Urine by Screen method >500 ng/mL,Measurement,LOINC,Lab Test,43983-6,measurement,5,5,0.003947576188220433,,0.0278836323078353,,,,,,,,
3035963,Corticotropin [Moles/volume] in Plasma,Measurement,LOINC,Lab Test,14674-6,measurement,4,4,0.0031580609505763462,ng/L,,,,,,,,0.07851347814708191,
3019153,Superior vena cava Mean blood pressure,Measurement,LOINC,Clinical Observation,8590-2,measurement,4,4,0.0031580609505763462,mmHg,,,,,,,,,
3005723,Lu sup(a) Ab [Presence] in Serum or Plasma,Measurement,LOINC,Lab Test,1135-3,measurement,4,1,0.0007895152376440866,,,,,,,,,,
1175343,PESI Total score,Measurement,LOINC,Clinical Observation,89693-6,measurement,4,4,0.0031580609505763462,,,,,0.08928571428571429,,,,,
3014694,little c Ab [Presence] in Serum or Plasma,Measurement,LOINC,Lab Test,1156-9,measurement,4,3,0.0023685457129322598,,,,,,,,,,
3027476,Ascorbate [Mass/volume] in Serum or Plasma,Measurement,LOINC,Lab Test,1903-4,measurement,4,4,0.0031580609505763462,µmol/l,,,,,,,,,
3022632,Rheumatoid factor IgM [Units/volume] in Serum,Measurement,LOINC,Lab Test,11573-3,measurement,4,4,0.0031580609505763462,kU/L,,,,,,,,,
40759883,Oligoclonal Bands IgG [Presence] in Cerebral spinal fluid by Isoelectric focusing,Measurement,LOINC,Lab Test,56764-4,measurement,4,4,0.0031580609505763462,,0.009294544102611766,,,,,,,,
3003932,Carbon dioxide [Partial pressure] in Arterial cord blood,Measurement,LOINC,Lab Test,28644-3,measurement,4,1,0.0007895152376440866,kPa,,,,,,,,,
3011570,Cholesterol [Moles/volume] in Body fluid,Measurement,LOINC,Lab Test,29765-5,measurement,4,4,0.0031580609505763462,mmol/L,0.009294544102611766,,,,,,,,
3049082,CYP2C9 gene allele [Genotype] in Blood or Tissue by Molecular genetics method Nominal,Measurement,LOINC,Lab Test,46724-1,measurement,4,4,0.0031580609505763462,,,,,0.022321428571428572,,,,,
3017391,Smooth muscle IgG Ab [Presence] in Serum,Measurement,LOINC,Lab Test,30557-3,measurement,4,4,0.0031580609505763462,,0.009294544102611766,,,0.022321428571428572,,,,,
3005797,Superior vena cava Oxygen saturation,Measurement,LOINC,Clinical Observation,8855-9,measurement,4,4,0.0031580609505763462,%,,,,,,,,,
43055458,Rivaroxaban [Mass/volume] in Serum or Plasma,Measurement,LOINC,Lab Test,72624-0,measurement,4,4,0.0031580609505763462,ng/ml,,,,0.06696428571428571,,,,,
3016543,Leukocytes [#/volume] in Cerebral spinal fluid,Measurement,LOINC,Lab Test,26465-5,measurement,4,4,0.0031580609505763462,10*6/L,0.009294544102611766,,,,,,,,
3003487,Left ventricular Cardiac output by Fick method,Measurement,LOINC,Clinical Observation,8736-1,measurement,4,2,0.0015790304752881731,,,,,,,,,,
3004959,Base excess in Arterial cord blood by calculation,Measurement,LOINC,Lab Test,28638-5,measurement,4,1,0.0007895152376440866,mmol/L,,,,,,,,,
3013247,Albumin in CSF/Albumin in Serum or Plasma,Measurement,LOINC,Lab Test,1756-6,measurement,4,4,0.0031580609505763462,"g/l, mg/g",0.018589088205223533,,,,,,,,
3019050,Tissue transglutaminase IgA Ab [Units/volume] in Serum,Measurement,LOINC,Lab Test,31017-7,measurement,4,4,0.0031580609505763462,"[arb'U]/mL, U/mL",,,,0.022321428571428572,,,,,
3016523,Insulin [Moles/volume] in Serum or Plasma,Measurement,LOINC,Lab Test,14796-7,measurement,4,4,0.0031580609505763462,mIU/L,,,,,,,,0.05234231876472128,
3005770,Creatinine renal clearance in 24 hour Urine and Serum or Plasma,Measurement,LOINC,Lab Test,2164-2,measurement,4,4,0.0031580609505763462,mL/min,0.009294544102611766,,,,,,,,
3006598,pH of Arterial cord blood,Measurement,LOINC,Lab Test,28646-8,measurement,4,1,0.0007895152376440866,[pH],,,,,,,,,
3012764,Erythrocyte [Morphology] in Blood,Measurement,LOINC,Lab Test,6742-1,measurement,4,4,0.0031580609505763462,.,0.009294544102611766,,,,,,,,
3003612,Inferior vena cava Mean blood pressure,Measurement,LOINC,Clinical Observation,8586-0,measurement,4,4,0.0031580609505763462,mmHg,,,,,,,,,
21490677,Central venous pressure (CVP) Systolic,Measurement,LOINC,Clinical Observation,60987-5,measurement,4,3,0.0023685457129322598,mmHg,,,,,,,,,
3039753,Posaconazole [Mass/volume] in Serum or Plasma,Measurement,LOINC,Lab Test,53731-6,measurement,4,3,0.0023685457129322598,mg/L,,,,,,,,0.02617115938236064,
3018994,Lactate dehydrogenase [Enzymatic activity/volume] in Body fluid by Lactate to pyruvate reaction,Measurement,LOINC,Lab Test,14803-1,measurement,4,4,0.0031580609505763462,U/L,0.009294544102611766,,,,,,,,
3006777,Left ventriclar Stroke work,Measurement,LOINC,Clinical Observation,8861-7,measurement,4,4,0.0031580609505763462,gm*m,,,,,,,,,
3022756,Ceruloplasmin [Mass/volume] in Serum or Plasma,Measurement,LOINC,Lab Test,2064-4,measurement,4,4,0.0031580609505763462,g/L,,,,0.044642857142857144,0.06150061500615006,,,,
3005577,Microalbumin [Mass/time] in 24 hour Urine,Measurement,LOINC,Lab Test,14956-7,measurement,4,4,0.0031580609505763462,"mg/(24.h), mg/24 u",,,,0.022321428571428572,,,,,
3016452,Inferior vena cava Oxygen saturation,Measurement,LOINC,Clinical Observation,8850-0,measurement,4,4,0.0031580609505763462,%,,,,,,,,,
3034578,Cells Counted Total [#] in Body fluid,Measurement,LOINC,Lab Test,38256-4,measurement,4,3,0.0023685457129322598,10*6/L,0.009294544102611766,,,,,,,,
3033670,Parathyrin related protein [Moles/volume] in Serum or Plasma,Measurement,LOINC,Lab Test,15087-0,measurement,3,2,0.0015790304752881731,pmol/L,,,,,,,,,
3010747,HIV 1 RNA [#/volume] (viral load) in Serum or Plasma by NAA with probe detection,Measurement,LOINC,Lab Test,20447-9,measurement,3,2,0.0015790304752881731,kopie/mL,,,,,,,,,
3008839,Basophils/Leukocytes in Body fluid by Manual count,Measurement,LOINC,Lab Test,12179-8,measurement,3,3,0.0023685457129322598,%,0.009294544102611766,,,,,,,,
42869454,Mononuclear cells/Leukocytes in Body fluid by Automated count,Measurement,LOINC,Lab Test,71697-7,measurement,3,3,0.0023685457129322598,%,0.009294544102611766,,,,,,,,
3041918,Cholesterol [Moles/volume] in Pleural fluid,Measurement,LOINC,Lab Test,39468-4,measurement,3,3,0.0023685457129322598,mmol/l,,,,,,,,,
3022231,Eosinophils/Leukocytes in Body fluid by Manual count,Measurement,LOINC,Lab Test,12209-3,measurement,3,3,0.0023685457129322598,%,0.009294544102611766,,,,,,,,
3033455,IgG in CSF/IgG in serum,Measurement,LOINC,Lab Test,42207-1,measurement,3,3,0.0023685457129322598,mg/g,0.009294544102611766,,,,,,,,
3006257,Acetylcholine receptor Ab [Moles/volume] in Serum,Measurement,LOINC,Lab Test,20427-1,measurement,3,3,0.0023685457129322598,,,,,0.044642857142857144,,,,,
3006768,little s Ag [Presence] on Red Blood Cells,Measurement,LOINC,Lab Test,1213-8,measurement,3,3,0.0023685457129322598,,,,,,,,,,
40771507,IgG.intrathecally synthesized/IgG.total in Cerebral spinal fluid,Measurement,LOINC,Lab Test,68974-5,measurement,3,3,0.0023685457129322598,%,0.009294544102611766,,,,,,,,
3004411,Monocytes/Leukocytes in Body fluid by Manual count,Measurement,LOINC,Lab Test,10330-9,measurement,3,3,0.0023685457129322598,%,0.009294544102611766,,,,,,,,
3028192,IgG subclass 2 [Mass/volume] in Serum,Measurement,LOINC,Lab Test,2467-9,measurement,3,3,0.0023685457129322598,g/L,,,,0.022321428571428572,,,,,
37020937,Giardia lamblia DNA [Presence] in Stool by NAA with probe detection,Measurement,LOINC,Lab Test,92687-3,measurement,3,3,0.0023685457129322598,,,,,0.022321428571428572,,,,,
3008108,Hematocrit [Volume Fraction] of Body fluid by calculation,Measurement,LOINC,Lab Test,11153-4,measurement,3,3,0.0023685457129322598,l/l,,,,,,,,,
42868766,Dientamoeba fragilis DNA [Presence] in Stool by NAA with probe detection,Measurement,LOINC,Lab Test,70295-1,measurement,3,3,0.0023685457129322598,,,,,0.022321428571428572,,,,,
40762008,Aspergillus niger IgG Ab [Mass/volume] in Serum,Measurement,LOINC,Lab Test,58914-3,measurement,3,2,0.0015790304752881731,mg/L,,,,,,,,,
3052996,IgG.intrathecally synthesized [Mass/volume] in Serum and CSF,Measurement,LOINC,Lab Test,48666-2,measurement,3,3,0.0023685457129322598,mg/L,0.009294544102611766,,,,,,,,
3046034,DNA double strand IgG Ab [Units/volume] in Serum or Plasma by Immunoassay,Measurement,LOINC,Lab Test,33799-8,measurement,3,3,0.0023685457129322598,[IU]/mL,,,,,,,,,
3003540,Lymphocytes/Leukocytes in Body fluid by Manual count,Measurement,LOINC,Lab Test,13941-0,measurement,3,3,0.0023685457129322598,%,0.009294544102611766,,,,,,,,
40760954,Leukocytes [#/volume] in Body fluid by Automated count,Measurement,LOINC,Lab Test,57845-0,measurement,3,3,0.0023685457129322598,10*6/L,0.009294544102611766,,,,,,,,
40763164,OLANZapine [Mass/volume] in Blood,Measurement,LOINC,Lab Test,60105-4,measurement,3,2,0.0015790304752881731,µg/L,,,,,,,,0.05234231876472128,
3027135,IgG subclass 1 [Mass/volume] in Serum,Measurement,LOINC,Lab Test,2466-1,measurement,3,3,0.0023685457129322598,g/L,,,,0.022321428571428572,,,,,
3020222,IgG clearance/Albumin clearance [Ratio] in Serum and CSF,Measurement,LOINC,Lab Test,14117-6,measurement,3,3,0.0023685457129322598,ratio,0.009294544102611766,,,,,,,,
3002357,Lopinavir [Mass/volume] in Serum or Plasma,Measurement,LOINC,Lab Test,31179-5,measurement,3,3,0.0023685457129322598,mg/l,,,,,,,,,0.01006036217303823
3013080,Insulin Ab [Mass/volume] in Serum,Measurement,LOINC,Lab Test,2482-8,measurement,3,3,0.0023685457129322598,U/ml,,,,,,,,,
3021614,Rheumatoid factor [Units/volume] in Serum or Plasma,Measurement,LOINC,Lab Test,11572-5,measurement,3,3,0.0023685457129322598,[IU]/mL,,,,,,,,,
3019597,S Ag [Presence] on Red Blood Cells,Measurement,LOINC,Lab Test,1320-1,measurement,3,3,0.0023685457129322598,,,,,,,,,,
3042272,von Willebrand factor (vWf) cleaving protease actual/normal in Platelet poor plasma by Chromogenic method,Measurement,LOINC,Lab Test,53622-7,measurement,3,1,0.0007895152376440866,%,,,,,,,,,
3025547,Thyroglobulin Ab [Units/volume] in Serum or Plasma,Measurement,LOINC,Lab Test,8098-6,measurement,3,3,0.0023685457129322598,kU/L,,,,,,,,,
3043937,Drugs identified in Specimen by Confirmatory method,Measurement,LOINC,Lab Test,40585-2,measurement,3,3,0.0023685457129322598,,0.009294544102611766,,,,,,,,
3002171,Fy sup(a) Ab [Presence] in Serum or Plasma,Measurement,LOINC,Lab Test,1024-9,measurement,3,3,0.0023685457129322598,,,,,,,,,,
3036535,Thyroglobulin [Mass/volume] in Serum or Plasma,Measurement,LOINC,Lab Test,3013-0,measurement,3,3,0.0023685457129322598,µg/L,,,,,,,,,
3005893,Phenytoin Free [Mass/volume] in Serum or Plasma,Measurement,LOINC,Lab Test,3969-3,measurement,3,2,0.0015790304752881731,mg/L,,,,,,,,0.05234231876472128,
1092180,Entamoeba histolytica DNA [Presence] in Stool,Measurement,LOINC,Lab Test,105905-4,measurement,3,3,0.0023685457129322598,,,,,0.022321428571428572,,,,,
3038238,Cryptosporidium parvum identified in Stool,Measurement,LOINC,Lab Test,40958-1,measurement,3,3,0.0023685457129322598,,,,,0.022321428571428572,,,,,
3024139,IgG subclass 3 [Mass/volume] in Serum,Measurement,LOINC,Lab Test,2468-7,measurement,3,3,0.0023685457129322598,g/L,,,,0.022321428571428572,,,,,
42869453,Granulocytes/Leukocytes in Body fluid by Automated count,Measurement,LOINC,Lab Test,71696-9,measurement,3,3,0.0023685457129322598,%,0.009294544102611766,,,,,,,,
1091880,Laceyella sacchari IgG Ab [Mass/volume] in Serum,Measurement,LOINC,Lab Test,105270-3,measurement,2,2,0.0015790304752881731,mg/L,,,,,,,,,
40769150,CYP2C19 gene targeted mutation analysis in Blood by Molecular genetics method,Measurement,LOINC,Lab Test,66489-6,measurement,2,2,0.0015790304752881731,,,,,,,,,,
3015233,Abnormal lymphocytes/Leukocytes in Blood,Measurement,LOINC,Lab Test,30413-9,measurement,2,2,0.0015790304752881731,,,,,0.022321428571428572,,,,,
3020358,CD16+CD56+ cells [#/volume] in Blood,Measurement,LOINC,Lab Test,20402-4,measurement,2,2,0.0015790304752881731,10*9/L,0.018589088205223533,,,,,,,,
3017044,Thyrotropin receptor Ab [Units/volume] in Serum,Measurement,LOINC,Lab Test,5385-0,measurement,2,2,0.0015790304752881731,U/L,,,,0.022321428571428572,,,,,
3021855,Mononuclear cells [#/volume] in Cerebral spinal fluid,Measurement,LOINC,Lab Test,26489-5,measurement,2,2,0.0015790304752881731,10*6/L,0.009294544102611766,,,,,,,,
3008751,Glomerular basement membrane IgG Ab [Units/volume] in Serum by Immunoassay,Measurement,LOINC,Lab Test,30343-8,measurement,2,2,0.0015790304752881731,[IU]/mL,0.018589088205223533,,,,,,,,
37172203,Flucytosine mass concentration in serum,Measurement,SNOMED,Observable Entity,4611000237103,measurement,2,1,0.0007895152376440866,mg/L,,,,,,,,0.02617115938236064,
3033306,Mononuclear cells/Leukocytes in Cerebral spinal fluid,Measurement,LOINC,Lab Test,26492-9,measurement,2,2,0.0015790304752881731,%,0.009294544102611766,,,,,,,,
42528593,TIF1-gamma Ab [Presence] in Serum by Line blot,Measurement,LOINC,Lab Test,82448-2,measurement,2,2,0.0015790304752881731,,0.018589088205223533,,,,,,,,
40765987,Ganglioside GQ1b IgM Ab [Presence] in Serum by Immunoassay,Measurement,LOINC,Lab Test,63255-4,measurement,2,2,0.0015790304752881731,,,,,,,,,,
3050351,Pregabalin [Mass/volume] in Serum or Plasma,Measurement,LOINC,Lab Test,47414-8,measurement,2,2,0.0015790304752881731,mg/L,,,,,,,,0.05234231876472128,
3021901,Oxygen saturation in Capillary blood,Measurement,LOINC,Clinical Observation,2709-4,measurement,2,2,0.0015790304752881731,%,,,,,,,,,
3005481,Spherocytes [Presence] in Blood by Light microscopy,Measurement,LOINC,Lab Test,802-9,measurement,2,1,0.0007895152376440866,,,,,,,,,,
3052708,Transferrin.carbohydrate deficient/Transferrin.total in Serum or Plasma,Measurement,LOINC,Lab Test,48495-6,measurement,2,2,0.0015790304752881731,%,,,,0.022321428571428572,,,,,
3030884,Deprecated Polymorphonuclear cells [#/volume] in Cerebral spinal fluid,Measurement,LOINC,Lab Test,35001-7,measurement,2,2,0.0015790304752881731,10*6/L,0.009294544102611766,,,,,,,,
3029529,Darunavir [Susceptibility] by Phenotype method,Measurement,LOINC,Lab Test,49666-1,measurement,2,1,0.0007895152376440866,mg/l,0.009294544102611766,,,,,,,,
42529210,Digoxin [Mass/volume] in Serum or Plasma by Immunoassay,Measurement,LOINC,Lab Test,83093-5,measurement,2,1,0.0007895152376440866,ug/L,0.009294544102611766,,,,,,,,
2000000458,Vitamin B6 [Moles/volume] in Serum or Plasma,Measurement,ICUdata,Observable Entity,2000000458,measurement,2,2,0.0015790304752881731,nmol/L,,,,,,,,0.02617115938236064,
3012984,Norclozapine [Mass/volume] in Serum or Plasma,Measurement,LOINC,Lab Test,10992-6,measurement,2,1,0.0007895152376440866,ug/L,0.009294544102611766,,,,,,,,
3028193,Bilirubin.total [Mass/volume] in Body fluid,Measurement,LOINC,Lab Test,1974-5,measurement,2,2,0.0015790304752881731,µmol/l,,,,,,,,,
3030855,CV2 Ab [Presence] in Serum or Plasma,Measurement,LOINC,Lab Test,34690-8,measurement,2,2,0.0015790304752881731,,,,,,,,,,
3010989,Calcitonin [Mass/volume] in Serum or Plasma,Measurement,LOINC,Lab Test,1992-7,measurement,2,2,0.0015790304752881731,ng/l,,,,,,,,,
21492307,Z-10-Hydroxynortriptyline [Mass/volume] in Serum or Plasma,Measurement,LOINC,Lab Test,79163-2,measurement,2,1,0.0007895152376440866,µg/L,,,,0.022321428571428572,,,,,
1175969,NMDAR subunit 1 Ab [Presence] in Cerebral spinal fluid by Cell binding immunofluorescent assay,Measurement,LOINC,Lab Test,90839-2,measurement,2,2,0.0015790304752881731,,0.009294544102611766,,,,,,,,
3011368,Poikilocytosis [Presence] in Blood by Light microscopy,Measurement,LOINC,Lab Test,779-9,measurement,2,2,0.0015790304752881731,,,,,0.022321428571428572,,,,,
3033882,Carnitine [Moles/volume] in Serum or Plasma,Measurement,LOINC,Lab Test,14288-5,measurement,2,2,0.0015790304752881731,"µmol/l, umol/L",0.009294544102611766,,,,,,,,
3018173,Methanol [Mass/volume] in Serum or Plasma,Measurement,LOINC,Lab Test,5693-7,measurement,2,2,0.0015790304752881731,mg/L,0.009294544102611766,,,,,,,,
40766170,Aquaporin 4 water channel IgG Ab [Presence] in Serum or Plasma by Immunofluorescence,Measurement,LOINC,Lab Test,63439-4,measurement,2,2,0.0015790304752881731,,,,,,,,,,
3007153,Bile [Presence] in Stool,Measurement,LOINC,Lab Test,1965-3,measurement,2,2,0.0015790304752881731,µmol/24u,0.009294544102611766,,,,,,,,
3015816,F5 gene p.Arg506Gln [Presence] in Blood or Tissue by Molecular genetics method,Measurement,LOINC,Lab Test,21668-9,measurement,2,2,0.0015790304752881731,,,,,,,,,,
3025879,Neuronal nuclear Ab [Presence] in Serum,Measurement,LOINC,Lab Test,11088-2,measurement,2,2,0.0015790304752881731,,,,,,,,,,
40759839,Ma+Ta Ab [Presence] in Serum by Immunoblot,Measurement,LOINC,Lab Test,56720-6,measurement,2,2,0.0015790304752881731,,,,,,,,,,
3025008,F2 gene c.20210G>A [Genotype] in Blood or Tissue by Molecular genetics method Nominal,Measurement,LOINC,Lab Test,24475-6,measurement,2,2,0.0015790304752881731,,,,,,,,,,
42529582,MDA5 Ab [Presence] in Serum by Line blot,Measurement,LOINC,Lab Test,82424-3,measurement,2,2,0.0015790304752881731,,0.018589088205223533,,,,,,,,
3010600,Phosphate [Moles/time] in 24 hour Urine,Measurement,LOINC,Lab Test,14881-7,measurement,2,2,0.0015790304752881731,mmol/24u,,,,,0.06150061500615006,,,,
3036152,Amikacin [Mass/volume] in Serum or Plasma,Measurement,LOINC,Lab Test,35669-1,measurement,2,1,0.0007895152376440866,mg/L,,,,,,,,,
3021009,Hemoglobin A2/Hemoglobin.total in Blood by Electrophoresis,Measurement,LOINC,Lab Test,4552-6,measurement,2,2,0.0015790304752881731,%,,,,,,,,,
3033876,Fy sup(b) Ag [Presence] on Red Blood Cells,Measurement,LOINC,Lab Test,1033-0,measurement,2,2,0.0015790304752881731,,,,,,,,,,
3015235,Bicarbonate [Moles/volume] in Capillary blood,Measurement,LOINC,Lab Test,1961-2,measurement,2,2,0.0015790304752881731,mmol/L,,,,,,,,,
3023560,House dust Greer IgE Ab [Units/volume] in Serum,Measurement,LOINC,Lab Test,9828-5,measurement,2,2,0.0015790304752881731,kU/l,,,,,,,,,
3037821,Fy sup(a) Ag [Presence] on Red Blood Cells,Measurement,LOINC,Lab Test,1027-2,measurement,2,2,0.0015790304752881731,,,,,,,,,,
40759864,PL-12 Ab [Presence] in Serum by Immunoblot,Measurement,LOINC,Lab Test,56745-3,measurement,2,2,0.0015790304752881731,,0.018589088205223533,,,,,,,,
44816798,Bilirubin.total [Moles/volume] in Cerebral spinal fluid,Measurement,LOINC,Lab Test,74906-9,measurement,2,2,0.0015790304752881731,"µmol/L, umol/L",,,,0.022321428571428572,,,,,
40770918,von Willebrand factor (vWf).activity actual/normal in Platelet poor plasma by Immunoassay,Measurement,LOINC,Lab Test,68324-3,measurement,2,2,0.0015790304752881731,%,,,,,,,,,
3009131,Hemoglobin A/Hemoglobin.total in Blood by Electrophoresis,Measurement,LOINC,Lab Test,20572-4,measurement,2,2,0.0015790304752881731,%,,,,,,,,,
42529529,Ej Ab [Presence] in Serum by Line blot,Measurement,LOINC,Lab Test,82392-2,measurement,2,2,0.0015790304752881731,,0.018589088205223533,,,,,,,,
1175790,Dipeptidyl aminopeptidase-like protein 6 Ab [Presence] in Cerebral spinal fluid by Cell binding immunofluorescent assay,Measurement,LOINC,Lab Test,90823-6,measurement,2,2,0.0015790304752881731,,0.009294544102611766,,,,,,,,
3035508,Candida albicans IgG Ab [Mass/volume] in Serum,Measurement,LOINC,Lab Test,35530-5,measurement,2,2,0.0015790304752881731,mg/L,,,,,,,,,
42529115,GABABR IgG Ab [Presence] in Cerebral spinal fluid by Immunofluorescence,Measurement,LOINC,Lab Test,82984-6,measurement,2,2,0.0015790304752881731,,0.009294544102611766,,,,,,,,
3003351,S Ab [Presence] in Serum or Plasma,Measurement,LOINC,Lab Test,1317-7,measurement,2,1,0.0007895152376440866,,,,,,,,,,
42529116,Leucine-rich glioma-inactivated protein 1 IgG Ab [Presence] in Cerebral spinal fluid by Immunofluorescence,Measurement,LOINC,Lab Test,82985-3,measurement,2,2,0.0015790304752881731,,0.009294544102611766,,,,,,,,
42529067,Signal Recognition Particle (SRP) IgG Ab [Presence] in Serum by Line blot,Measurement,LOINC,Lab Test,82936-6,measurement,2,2,0.0015790304752881731,,0.018589088205223533,,,,,,,,
1616347,PCA-Tr Ab [Presence] in Serum,Measurement,LOINC,Lab Test,97207-5,measurement,2,2,0.0015790304752881731,,,,,,,,,,
3009666,O-desmethylvenlafaxine [Mass/volume] in Serum or Plasma,Measurement,LOINC,Lab Test,9628-9,measurement,2,1,0.0007895152376440866,ug/L,,,,0.022321428571428572,,,,,
1175984,Myelin oligodendrocyte glycoprotein IgG1 Ab [Presence] in Serum or Plasma by Flow cytometry (FC),Measurement,LOINC,Lab Test,90248-6,measurement,2,2,0.0015790304752881731,,,,,,,,,,
42529124,Mi-2 beta IgG Ab [Presence] in Serum by Line blot,Measurement,LOINC,Lab Test,82996-0,measurement,2,2,0.0015790304752881731,,0.018589088205223533,,,,,,,,
3008136,Dog epithelium IgE Ab [Units/volume] in Serum,Measurement,LOINC,Lab Test,6099-6,measurement,2,2,0.0015790304752881731,kU/l,,,,,,,,,
3003129,Base excess in Capillary blood by calculation,Measurement,LOINC,Lab Test,1926-5,measurement,2,2,0.0015790304752881731,mmol/L,,,,,,,,,
3022914,Cancer Ag 19-9 [Units/volume] in Serum or Plasma,Measurement,LOINC,Lab Test,24108-3,measurement,2,2,0.0015790304752881731,kU/L,,,,,,,,,
3010683,Neuronal nuclear type 2 Ab [Presence] in Serum,Measurement,LOINC,Lab Test,31539-0,measurement,2,2,0.0015790304752881731,,,,,,,,,,
3021201,Thiopental [Mass/volume] in Serum or Plasma,Measurement,LOINC,Lab Test,4050-1,measurement,2,1,0.0007895152376440866,mg/L,,,,,,,,0.02617115938236064,
3025481,Topiramate [Mass/volume] in Serum or Plasma,Measurement,LOINC,Lab Test,17713-9,measurement,2,2,0.0015790304752881731,"mg/l, mg/L",0.009294544102611766,,,0.022321428571428572,,,,,
3009343,pH of Capillary blood,Measurement,LOINC,Lab Test,2745-8,measurement,2,2,0.0015790304752881731,[pH],,,,,,,,,
3004511,QUEtiapine [Mass/volume] in Serum or Plasma,Measurement,LOINC,Lab Test,26776-5,measurement,2,2,0.0015790304752881731,µg/L,,,,0.022321428571428572,,,,0.02617115938236064,
3024841,Left ventricular stroke work index,Measurement,LOINC,Clinical Observation,8863-3,measurement,2,2,0.0015790304752881731,gm*m/m2,,,,,,,,,
3010884,Ethanol [Mass/volume] in Serum or Plasma by Gas chromatography,Measurement,LOINC,Lab Test,14336-2,measurement,2,2,0.0015790304752881731,mg/L,0.009294544102611766,,,,,,,,
3038776,Pigeon serum proteins+feathers+droppings IgG Ab [Presence] in Serum,Measurement,LOINC,Lab Test,51859-7,measurement,2,2,0.0015790304752881731,mg/L,,,,,,,,,
3053000,Hemoglobin pattern [Interpretation] in Blood by Electrophoresis,Measurement,LOINC,Lab Test,49316-3,measurement,2,2,0.0015790304752881731,,,,,,,,,,
40758301,Cytoplasmic Ab pattern [Interpretation] in Serum by Immunofluorescence,Measurement,LOINC,Lab Test,55171-3,measurement,2,1,0.0007895152376440866,,,,,,,,,,
3004198,Follitropin [Units/volume] in Serum or Plasma --baseline,Measurement,LOINC,Lab Test,32317-0,measurement,2,2,0.0015790304752881731,U/l,0.009294544102611766,,,,,,,,
3025857,Cortisol [Mass/volume] in Serum or Plasma --AM peak specimen,Measurement,LOINC,Lab Test,9813-7,measurement,2,2,0.0015790304752881731,nmol/l,0.009294544102611766,,,,,,,,
42527814,GABABR Ab [Presence] in Serum by Immunofluorescence,Measurement,LOINC,Lab Test,84931-5,measurement,2,1,0.0007895152376440866,,,,,,,,,,
42870557,Ma1 Ab [Presence] in Serum by Immunoblot,Measurement,LOINC,Lab Test,69558-5,measurement,2,2,0.0015790304752881731,,,,,,,,,,
3023515,Verapamil [Mass/volume] in Serum or Plasma,Measurement,LOINC,Lab Test,4094-9,measurement,2,1,0.0007895152376440866,ug/l,0.009294544102611766,,,,,,,,
3028568,M Ag [Presence] on Red Blood Cells,Measurement,LOINC,Lab Test,1231-0,measurement,2,2,0.0015790304752881731,,,,,,,,,,
3010838,Calcium [Moles/time] in 24 hour Urine,Measurement,LOINC,Lab Test,14637-3,measurement,2,2,0.0015790304752881731,mmol/24 uur,,,,,,,,,
3045706,Amphiphysin Ab [Presence] in Serum,Measurement,LOINC,Lab Test,33422-7,measurement,2,2,0.0015790304752881731,,,,,,,,,,
42529598,SUMO-activating enzyme subunit 1 Ab [Presence] in Serum by Line blot,Measurement,LOINC,Lab Test,82440-9,measurement,2,2,0.0015790304752881731,,0.018589088205223533,,,,,,,,
3022356,Deprecated Polymorphonuclear cells/100 leukocytes in Cerebral spinal fluid,Measurement,LOINC,Lab Test,26517-3,measurement,2,2,0.0015790304752881731,%,0.009294544102611766,,,,,,,,
42869446,Mononuclear cells [#/volume] in Body fluid by Automated count,Measurement,LOINC,Lab Test,71689-4,measurement,2,2,0.0015790304752881731,10*6/L,0.009294544102611766,,,,,,,,
3010503,CD19 cells [#/volume] in Blood,Measurement,LOINC,Lab Test,8116-6,measurement,2,2,0.0015790304752881731,10*9/L,0.018589088205223533,,,,,,,,
3004195,Bilirubin.direct [Moles/volume] in Body fluid,Measurement,LOINC,Lab Test,25564-6,measurement,2,2,0.0015790304752881731,umol/L,,,,,,,,,
3030703,Everolimus [Mass/volume] in Blood,Measurement,LOINC,Lab Test,50544-6,measurement,2,1,0.0007895152376440866,ug/l,,,,,,,,,
3023863,Haddock IgE Ab [Units/volume] in Serum,Measurement,LOINC,Lab Test,7384-1,measurement,2,2,0.0015790304752881731,µmol/l,,,,,,,,,
3036035,von Willebrand factor (vWf) Ag actual/normal in Platelet poor plasma by Immunoassay,Measurement,LOINC,Lab Test,27816-8,measurement,2,2,0.0015790304752881731,%,,,,,,,,,
3019805,Aspergillus fumigatus IgG Ab [Units/volume] in Serum,Measurement,LOINC,Lab Test,7103-5,measurement,2,2,0.0015790304752881731,mg/L,,,,,,,,,
42529053,Jo-1 extractable nuclear IgG Ab [Presence] in Serum by Line blot,Measurement,LOINC,Lab Test,82918-4,measurement,2,2,0.0015790304752881731,,0.018589088205223533,,,,,,,,
3004248,Sex hormone binding globulin [Moles/volume] in Serum or Plasma,Measurement,LOINC,Lab Test,13967-5,measurement,2,2,0.0015790304752881731,nmol/L,,,,,,,,,
40759660,Glutamate decarboxylase 65 Ab [Units/volume] in Serum by Immunoassay,Measurement,LOINC,Lab Test,56540-8,measurement,2,2,0.0015790304752881731,[arb'U]/mL,0.009294544102611766,,,,,,,,
3009710,Isopropanol [Mass/volume] in Serum or Plasma,Measurement,LOINC,Lab Test,5669-7,measurement,2,2,0.0015790304752881731,mg/L,0.009294544102611766,,,,,,,,
3028167,CD3+CD4+ (T4 helper) cells [#/volume] in Blood,Measurement,LOINC,Lab Test,24467-3,measurement,2,2,0.0015790304752881731,10*9/L,0.018589088205223533,,,,,,,,
40759863,PL-7 Ab [Presence] in Serum by Immunoblot,Measurement,LOINC,Lab Test,56744-6,measurement,2,2,0.0015790304752881731,,0.018589088205223533,,,,,,,,
42527807,PCA-1 Ab [Presence] in Serum by Immunofluorescence,Measurement,LOINC,Lab Test,84924-0,measurement,2,2,0.0015790304752881731,,,,,,,,,,
3027126,Copper [Mass/volume] in Serum or Plasma,Measurement,LOINC,Lab Test,5631-7,measurement,2,2,0.0015790304752881731,µmol/l,0.009294544102611766,,,,,,,,
42529265,OJ IgG Ab [Presence] in Serum by Line blot,Measurement,LOINC,Lab Test,83137-0,measurement,2,2,0.0015790304752881731,,0.018589088205223533,,,,,,,,
42869455,Granulocytes [#/volume] in Body fluid by Automated count,Measurement,LOINC,Lab Test,71698-5,measurement,2,2,0.0015790304752881731,10*6/L,0.009294544102611766,,,,,,,,
3004739,Amitriptyline+Nortriptyline [Mass/volume] in Serum or Plasma,Measurement,LOINC,Lab Test,3335-7,measurement,2,1,0.0007895152376440866,ug/L,0.009294544102611766,,,,,,,,
3006689,Flecainide [Mass/volume] in Serum or Plasma,Measurement,LOINC,Lab Test,3638-4,measurement,2,2,0.0015790304752881731,mg/L,,,,,,,,0.02617115938236064,
3001405,CD3+CD8+ (T8 suppressor) cells [#/volume] in Blood,Measurement,LOINC,Lab Test,14135-8,measurement,2,2,0.0015790304752881731,10*9/L,0.018589088205223533,,,,,,,,
42529117,Contactin-associated protein 2 IgG Ab [Presence] in Cerebral spinal fluid by Immunofluorescence,Measurement,LOINC,Lab Test,82986-1,measurement,2,2,0.0015790304752881731,,0.009294544102611766,,,,,,,,
3022621,pH of Urine by Test strip,Measurement,LOINC,Lab Test,5803-2,measurement,2,2,0.0015790304752881731,[pH],0.009294544102611766,,,,,,,,
3022761,Ku Ab [Presence] in Serum,Measurement,LOINC,Lab Test,18484-6,measurement,2,2,0.0015790304752881731,,0.018589088205223533,,,,,,,,
40765581,Venlafaxine+O-desmethylvenlafaxine [Mass/volume] in Serum or Plasma,Measurement,LOINC,Lab Test,62849-5,measurement,2,1,0.0007895152376440866,µg/L,,,,0.022321428571428572,,,,,
42528889,AMPAR1+AMPAR2 IgG Ab [Presence] in Cerebral spinal fluid by Immunofluorescence,Measurement,LOINC,Lab Test,82732-9,measurement,2,2,0.0015790304752881731,,0.009294544102611766,,,,,,,,
3006588,Cancer Ag 15-3 [Units/volume] in Serum or Plasma,Measurement,LOINC,Lab Test,6875-9,measurement,2,2,0.0015790304752881731,kE/l,0.009294544102611766,,,,,,,,
40765986,Ganglioside GQ1b IgG Ab [Presence] in Serum by Immunoassay,Measurement,LOINC,Lab Test,63254-7,measurement,2,2,0.0015790304752881731,,,,,,,,,,
3019531,Acetone [Mass/volume] in Serum or Plasma,Measurement,LOINC,Lab Test,5568-1,measurement,2,2,0.0015790304752881731,mg/L,0.009294544102611766,,,,,,,,
3037596,N Ag [Presence] on Red Blood Cells,Measurement,LOINC,Lab Test,1261-7,measurement,2,2,0.0015790304752881731,,,,,,,,,,
3030408,3-Methoxytyramine [Moles/volume] in Serum or Plasma,Measurement,LOINC,Lab Test,50140-3,measurement,1,1,0.0007895152376440866,pmol/L,,,,,,,,,
40765979,Ganglioside GM1 IgM Ab [Presence] in Serum by Immunoassay,Measurement,LOINC,Lab Test,63247-1,measurement,1,1,0.0007895152376440866,,,,,,,,,,
3038080,Amino acid pattern [Interpretation] in Serum or Plasma,Measurement,LOINC,Lab Test,13500-4,measurement,1,1,0.0007895152376440866,,,,,,,,,,
43055228,Oxyhemoglobin [Moles/volume] in Cerebral spinal fluid,Measurement,LOINC,Lab Test,72263-7,measurement,1,1,0.0007895152376440866,umol/L,,,,,,,,,
1176364,PCA-Tr Ab [Presence] in Cerebral spinal fluid by Immunofluorescence,Measurement,LOINC,Lab Test,90845-9,measurement,1,1,0.0007895152376440866,,0.009294544102611766,,,,,,,,
3023410,Appearance of Cerebral spinal fluid,Measurement,LOINC,Lab Test,10333-3,measurement,1,1,0.0007895152376440866,,,,,,,,,,
3005769,clonazePAM [Mass/volume] in Serum or Plasma,Measurement,LOINC,Lab Test,3494-2,measurement,1,1,0.0007895152376440866,µg/L,,,,,,,,0.02617115938236064,
3026285,Alpha 1 antitrypsin [Mass/volume] in Serum or Plasma,Measurement,LOINC,Lab Test,1825-9,measurement,1,1,0.0007895152376440866,g/L,,,,,,,,,
40759301,Aspergillus fumigatus IgG4 Ab [Mass/volume] in Serum,Measurement,LOINC,Lab Test,56180-3,measurement,1,1,0.0007895152376440866,mg/L,,,,,,,,,
3036243,Potassium [Moles/volume] in Body fluid,Measurement,LOINC,Lab Test,2821-7,measurement,1,1,0.0007895152376440866,mmol/l,,,,,,,,,
42870632,1-Hydroxymidazolam [Mass/volume] in Serum or Plasma,Measurement,LOINC,Lab Test,69797-9,measurement,1,1,0.0007895152376440866,ug/L,,,,,,,,,
3000475,Leukocytes [#/volume] in Synovial fluid,Measurement,LOINC,Lab Test,26469-7,measurement,1,1,0.0007895152376440866,x10^9/L,,,,0.022321428571428572,,,,,
3042784,Coproporphyrin 3/Creatinine [Molar ratio] in Urine,Measurement,LOINC,Lab Test,45315-9,measurement,1,1,0.0007895152376440866,umol/mol,,,,,,,,,
3022297,Mirtazapine [Mass/volume] in Serum or Plasma,Measurement,LOINC,Lab Test,17283-3,measurement,1,1,0.0007895152376440866,µg/L,,,,,,,,0.02617115938236064,
40765948,CV2 Ab [Presence] in Cerebral spinal fluid by Immunofluorescence,Measurement,LOINC,Lab Test,63216-6,measurement,1,1,0.0007895152376440866,,0.009294544102611766,,,,,,,,
3013539,Creatinine [Moles/volume] in 24 hour Urine,Measurement,LOINC,Lab Test,25886-3,measurement,1,1,0.0007895152376440866,mmol/L,,,,,,,,,
3025886,Oxalate [Mass/time] in 24 hour Urine,Measurement,LOINC,Lab Test,2701-1,measurement,1,1,0.0007895152376440866,mmol/24u,,,,,,,,,
3051387,C reactive protein [Mass/volume] in Capillary blood,Measurement,LOINC,Lab Test,48421-2,measurement,1,1,0.0007895152376440866,mg/L,,,,,,,,,
3015672,Urea [Moles/volume] in 24 hour Urine,Measurement,LOINC,Lab Test,25998-6,measurement,1,1,0.0007895152376440866,mmol/L,,,,,,,,,
40765982,Ganglioside GM2 IgM Ab [Presence] in Serum by Immunoassay,Measurement,LOINC,Lab Test,63250-5,measurement,1,1,0.0007895152376440866,,,,,,,,,,
3037524,Glucose-6-Phosphate dehydrogenase [Enzymatic activity/volume] in Red Blood Cells,Measurement,LOINC,Lab Test,2357-2,measurement,1,1,0.0007895152376440866,IE/per gram Hb,0.009294544102611766,,,,,,,,
3020331,Lead [Mass/volume] in Blood,Measurement,LOINC,Lab Test,5671-3,measurement,1,1,0.0007895152376440866,µmol/l,0.009294544102611766,,,,,,,,
44816867,Phenytoin [Mass/volume] in Serum or Plasma --trough,Measurement,LOINC,Lab Test,74976-2,measurement,1,1,0.0007895152376440866,mg/L,,,,0.022321428571428572,,,,,
3024942,Coagulation factor VIII inhibitor [Units/volume] in Platelet poor plasma by Coagulation assay,Measurement,LOINC,Lab Test,3204-5,measurement,1,1,0.0007895152376440866,%,,,,,,,,,
3011149,Choriogonadotropin.beta subunit [Presence] in Serum or Plasma,Measurement,LOINC,Lab Test,2110-5,measurement,1,1,0.0007895152376440866,,0.009294544102611766,,,,,,,,
3015153,Gamma hydroxybutyrate [Mass/volume] in Serum or Plasma,Measurement,LOINC,Lab Test,28041-2,measurement,1,1,0.0007895152376440866,mg/L,0.009294544102611766,,,,,,,,
42870558,Ma1 Ab [Presence] in Cerebral spinal fluid by Immunoblot,Measurement,LOINC,Lab Test,69559-3,measurement,1,1,0.0007895152376440866,,0.009294544102611766,,,,,,,,
3038106,Epithelial casts [Presence] in Urine sediment by Light microscopy,Measurement,LOINC,Lab Test,25157-9,measurement,1,1,0.0007895152376440866,,,,,,,,,,
3030817,Heptacarboxylporphyrin/Creatinine [Molar ratio] in Urine,Measurement,LOINC,Lab Test,50628-7,measurement,1,1,0.0007895152376440866,umol/mol,,,,,,,,,
3042009,Drugs identified in Urine by Confirmatory method,Measurement,LOINC,Lab Test,40464-0,measurement,1,1,0.0007895152376440866,,0.009294544102611766,,,,,,,,
42868724,Islet cell 512 IgG Ab [Presence] in Serum or Plasma by Immunoassay,Measurement,LOINC,Lab Test,70252-2,measurement,1,1,0.0007895152376440866,,0.009294544102611766,,,,,,,,
3000787,Salicylates [Mass/volume] in Serum or Plasma,Measurement,LOINC,Lab Test,4024-6,measurement,1,1,0.0007895152376440866,mg/L,,,,,,,,,
3044597,Porphobilinogen/Creatinine [Molar ratio] in Urine,Measurement,LOINC,Lab Test,34357-4,measurement,1,1,0.0007895152376440866,mmol/mol,,,,,,,,,
3027401,Testosterone Free/Testosterone.total in Serum or Plasma,Measurement,LOINC,Lab Test,15432-8,measurement,1,1,0.0007895152376440866,pmol/l,0.009294544102611766,,,,,,,,
40760564,Ma+Ta Ab [Presence] in Cerebral spinal fluid by Immunoblot,Measurement,LOINC,Lab Test,57452-5,measurement,1,1,0.0007895152376440866,,0.009294544102611766,,,,,,,,
3009461,5-Hydroxyindoleacetate [Moles/time] in 24 hour Urine,Measurement,LOINC,Lab Test,14573-0,measurement,1,1,0.0007895152376440866,µmol/24u,,,,,,,,,
3040677,Delta aminolevulinate/Creatinine [Molar ratio] in Urine,Measurement,LOINC,Lab Test,39782-8,measurement,1,1,0.0007895152376440866,mmol/mol,,,,,,,,,
3047171,Jo-1 extractable nuclear IgG Ab [Units/volume] in Serum,Measurement,LOINC,Lab Test,33571-1,measurement,1,1,0.0007895152376440866,[arb'U]/mL,,,,,,,,,
3025673,Glucose [Mass/volume] in Serum or Plasma --2 hours post 75 g glucose PO,Measurement,LOINC,Lab Test,1518-0,measurement,1,1,0.0007895152376440866,mmol/l,0.009294544102611766,,,,,,,,
2000000132,Coagulation factor X activated inhibitor [Mass/volume] in Platelet poor plasma --apixaban,Measurement,ICUdata,Observable Entity,2000000132,measurement,1,1,0.0007895152376440866,ng/mL,,,,,,,,,
3030367,Cyclic citrullinated peptide IgG Ab [Units/volume] in Serum or Plasma,Measurement,LOINC,Lab Test,33935-8,measurement,1,1,0.0007895152376440866,[arb'U]/mL,,,,,,,,,
3022620,Valproate [Mass/volume] in Serum or Plasma --trough,Measurement,LOINC,Lab Test,4088-1,measurement,1,1,0.0007895152376440866,mg/L,0.009294544102611766,,,,,,,,
3029800,Calcium oxalate dihydrate/Total in Stone by Infrared spectroscopy,Measurement,LOINC,Lab Test,49500-2,measurement,1,1,0.0007895152376440866,%,0.009294544102611766,,,,,,,,
3015820,5-Hydroxyindoleacetate/Creatinine [Molar ratio] in Urine,Measurement,LOINC,Lab Test,29520-4,measurement,1,1,0.0007895152376440866,µmol/mmol,,,,,,,,,
42529214,Estradiol (E2) [Moles/volume] in Serum or Plasma by Immunoassay,Measurement,LOINC,Lab Test,83097-6,measurement,1,1,0.0007895152376440866,pmol/L,,,,,,,,,
3037492,Cardiolipin IgM Ab [Units/volume] in Serum or Plasma,Measurement,LOINC,Lab Test,8067-1,measurement,1,1,0.0007895152376440866,[MPL'U]/mL,,,,,,,,,
3028271,Lactate [Moles/volume] in Capillary blood,Measurement,LOINC,Lab Test,19239-3,measurement,1,1,0.0007895152376440866,mmol/L,,,,,,,,,
3044355,Beta 2 glycoprotein 1 IgG Ab [Units/volume] in Serum or Plasma by Immunoassay,Measurement,LOINC,Lab Test,44448-9,measurement,1,1,0.0007895152376440866,[arb'U]/mL,,,,,,,,,
3036931,Citrate [Mass/volume] in 24 hour Urine,Measurement,LOINC,Lab Test,21203-5,measurement,1,1,0.0007895152376440866,mmol/mmol kreat,0.009294544102611766,,,,,,,,
3010156,C reactive protein [Mass/volume] in Serum or Plasma by High sensitivity method,Measurement,LOINC,Lab Test,30522-7,measurement,1,1,0.0007895152376440866,mg/L,,,,,,,,,
3009261,Glucose [Presence] in Urine by Test strip,Measurement,LOINC,Lab Test,25428-4,measurement,1,1,0.0007895152376440866,,0.009294544102611766,,,,,,,,
3013888,Pyruvate [Moles/volume] in Serum or Plasma,Measurement,LOINC,Lab Test,32338-6,measurement,1,1,0.0007895152376440866,mmol/L,0.009294544102611766,,,,,,,,
43055442,Apixaban [Mass/volume] in Serum or Plasma,Measurement,LOINC,Lab Test,72608-3,measurement,1,1,0.0007895152376440866,ng/mL,,,,0.022321428571428572,,,,,
3024448,Jk sup(a) Ag [Presence] on Red Blood Cells,Measurement,LOINC,Lab Test,1072-8,measurement,1,1,0.0007895152376440866,,,,,,,,,,
3050001,Acylcarnitine pattern [Interpretation] in Serum or Plasma,Measurement,LOINC,Lab Test,46252-3,measurement,1,1,0.0007895152376440866,,,,,,,,,,
3044341,Pentacarboxylporphyrins/Creatinine [Molar ratio] in Urine,Measurement,LOINC,Lab Test,34353-3,measurement,1,1,0.0007895152376440866,umol/mol,,,,,,,,,
3024959,Parrot feather IgE Ab [Units/volume] in Serum,Measurement,LOINC,Lab Test,6202-6,measurement,1,1,0.0007895152376440866,kU/l,0.009294544102611766,,,,,,,,
3020475,"Ethylene glycol [Mass/volume] in Serum, Plasma or Blood",Measurement,LOINC,Lab Test,5646-5,measurement,1,1,0.0007895152376440866,mg/L,,,,,,,,,
3017750,Porphobilinogen [Mass/volume] in Urine,Measurement,LOINC,Lab Test,24446-7,measurement,1,1,0.0007895152376440866,µmol/l,0.009294544102611766,,,,,,,,
3022683,Crystals [type] in Synovial fluid by Light microscopy,Measurement,LOINC,Lab Test,5781-0,measurement,1,1,0.0007895152376440866,,,,,0.022321428571428572,,,,,
21490726,Left atrial pressure Diastolic,Measurement,LOINC,Clinical Observation,75933-2,measurement,1,1,0.0007895152376440866,mmHg,,,,,,,,,
3011937,Urate/Total in Stone,Measurement,LOINC,Lab Test,32149-7,measurement,1,1,0.0007895152376440866,%,0.009294544102611766,,,,,,,,
3017937,Magnesium [Moles/time] in 24 hour Urine,Measurement,LOINC,Lab Test,2599-9,measurement,1,1,0.0007895152376440866,mmol/24 uur,,,,,,,,,
3017644,Pyruvate kinase [Enzymatic activity/volume] in Red Blood Cells,Measurement,LOINC,Lab Test,2912-4,measurement,1,1,0.0007895152376440866,IE/per gram Hb,0.009294544102611766,,,,,,,,
3042951,Complement C1q Ab [Units/volume] in Serum,Measurement,LOINC,Lab Test,44702-9,measurement,1,1,0.0007895152376440866,AU/mL,,,,,,,,,
40760078,Neuronal nuclear type 2 Ab [Presence] in Cerebral spinal fluid by Immunofluorescence,Measurement,LOINC,Lab Test,56959-0,measurement,1,1,0.0007895152376440866,,0.009294544102611766,,,,,,,,
3006567,Chloride [Moles/time] in 24 hour Urine,Measurement,LOINC,Lab Test,2079-2,measurement,1,1,0.0007895152376440866,mmol/24 uur,,,,,,,,,
40765980,Ganglioside GM2 IgG Ab [Presence] in Serum by Immunoassay,Measurement,LOINC,Lab Test,63248-9,measurement,1,1,0.0007895152376440866,,,,,,,,,,
3044048,Fat [Mass/mass] in 24 hour Stool,Measurement,LOINC,Lab Test,34329-3,measurement,1,1,0.0007895152376440866,g/kg,0.009294544102611766,,,,,,,,
40761175,Wr sup(a) Ab [Presence] in Serum or Plasma,Measurement,LOINC,Lab Test,58074-6,measurement,1,1,0.0007895152376440866,,,,,,,,,,
3046665,Ganglioside GD1b IgG Ab [Presence] in Serum,Measurement,LOINC,Lab Test,43601-4,measurement,1,1,0.0007895152376440866,,,,,,,,,,
3022695,Caffeine [Mass/volume] in Serum or Plasma,Measurement,LOINC,Lab Test,3422-3,measurement,1,1,0.0007895152376440866,mg/L,,,,,,,,,
3017980,Sjogrens syndrome-B extractable nuclear IgG Ab [Units/volume] in Serum by Immunoassay,Measurement,LOINC,Lab Test,29965-1,measurement,1,1,0.0007895152376440866,[arb'U]/mL,,,,,,,,,
3041423,Sjogrens syndrome-A extractable nuclear 60kD Ab [Units/volume] in Serum,Measurement,LOINC,Lab Test,53019-6,measurement,1,1,0.0007895152376440866,[arb'U]/mL,,,,,,,,,
40763580,Pseudo Pelger Huet cells [Presence] in Blood by Light microscopy,Measurement,LOINC,Lab Test,60526-1,measurement,1,1,0.0007895152376440866,,,,,0.022321428571428572,,,,,
3044152,Coproporphyrin 1/Creatinine [Molar ratio] in Urine,Measurement,LOINC,Lab Test,45313-4,measurement,1,1,0.0007895152376440866,umol/mol,,,,,,,,,
3037745,PARoxetine [Mass/volume] in Serum or Plasma,Measurement,LOINC,Lab Test,9699-0,measurement,1,1,0.0007895152376440866,ug/l,,,,,,,,,
3045815,Ganglioside GD1b IgM Ab [Presence] in Serum,Measurement,LOINC,Lab Test,43600-6,measurement,1,1,0.0007895152376440866,,,,,,,,,,
40769427,Triglyceride [Moles/volume] in Peritoneal fluid,Measurement,LOINC,Lab Test,66769-1,measurement,1,1,0.0007895152376440866,mmol/l,,,,0.022321428571428572,,,,,
3005107,Weight [Mass/time] of 24 hour Stool,Measurement,LOINC,Lab Test,25530-7,measurement,1,1,0.0007895152376440866,g/(24.h),0.009294544102611766,,,,,,,,
3013005,Retinol [Moles/volume] in Serum or Plasma,Measurement,LOINC,Lab Test,14905-4,measurement,1,1,0.0007895152376440866,µmol/L,,,,,,,,,
3048548,Porphyrins [Interpretation] in Urine Narrative,Measurement,LOINC,Lab Test,49291-8,measurement,1,1,0.0007895152376440866,,,,,,,,,,
3029962,CD19+Lambda+ cells [#/volume] in Blood,Measurement,LOINC,Lab Test,50665-9,measurement,1,1,0.0007895152376440866,/nL,,,,0.022321428571428572,,,,,
40762388,Lacosamide [Mass/volume] in Serum or Plasma,Measurement,LOINC,Lab Test,59297-2,measurement,1,1,0.0007895152376440866,mg/L,0.009294544102611766,,,,,,,,
3016278,Endomysium IgA Ab [Presence] in Serum,Measurement,LOINC,Lab Test,10362-2,measurement,1,1,0.0007895152376440866,,,,,,,,,,
40761074,Ganglioside GD1a IgG Ab [Presence] in Serum,Measurement,LOINC,Lab Test,57968-0,measurement,1,1,0.0007895152376440866,,,,,,,,,,
42527136,Airway pressure backup setting Ventilator,Measurement,LOINC,Clinical Observation,76151-0,measurement,1,1,0.0007895152376440866,,,,,,,,,0.02617115938236064,
1176096,Amphiphysin Ab [Presence] in Cerebral spinal fluid by Immunofluorescence,Measurement,LOINC,Lab Test,90815-2,measurement,1,1,0.0007895152376440866,,0.009294544102611766,,,,,,,,
3046904,Somatotropin [Units/volume] in Serum or Plasma,Measurement,LOINC,Lab Test,33858-2,measurement,1,1,0.0007895152376440866,mIU/L,,,,,,,,0.02617115938236064,
3027260,Neuronal nuclear Ab [Presence] in Cerebral spinal fluid,Measurement,LOINC,Lab Test,11089-0,measurement,1,1,0.0007895152376440866,,0.009294544102611766,,,,,,,,
3037551,Cancer Ag 125 [Units/volume] in Serum or Plasma,Measurement,LOINC,Lab Test,10334-1,measurement,1,1,0.0007895152376440866,kU/L,,,,0.022321428571428572,,,,,
3010024,Jk sup(b) Ag [Presence] on Red Blood Cells,Measurement,LOINC,Lab Test,1078-5,measurement,1,1,0.0007895152376440866,,,,,,,,,,
3013201,Beta-2-Microglobulin [Mass/volume] in Serum or Plasma,Measurement,LOINC,Lab Test,1952-1,measurement,1,1,0.0007895152376440866,mg/L,,,,,,,,,
40761075,Ganglioside GD1a IgM Ab [Presence] in Serum,Measurement,LOINC,Lab Test,57969-8,measurement,1,1,0.0007895152376440866,,,,,,,,,,
21494260,Myeloperoxidase IgG Ab [Presence] in Serum or Plasma by Immunoassay,Measurement,LOINC,Lab Test,81787-4,measurement,1,1,0.0007895152376440866,,0.009294544102611766,,,,,,,,
3015654,D Ab [Presence] in Serum or Plasma,Measurement,LOINC,Lab Test,975-3,measurement,1,1,0.0007895152376440866,,,,,,,,,,
42868446,Proteinase 3 IgG Ab [Presence] in Serum by Immunoassay,Measurement,LOINC,Lab Test,69957-9,measurement,1,1,0.0007895152376440866,,0.009294544102611766,,,,,,,,
3014188,Size [Entitic volume] of Stone,Measurement,LOINC,Lab Test,9802-0,measurement,1,1,0.0007895152376440866,,0.009294544102611766,,,,,,,,
3018081,Beta-2-Microglobulin [Mass/volume] in Urine,Measurement,LOINC,Lab Test,1953-9,measurement,1,1,0.0007895152376440866,mg/L,,,,,,,,0.02617115938236064,
3033870,Appearance of Spun Cerebral spinal fluid,Measurement,LOINC,Lab Test,11135-1,measurement,1,1,0.0007895152376440866,,,,,,,,,,
3053287,Hemoglobin pattern [Interpretation] in Blood Narrative,Measurement,LOINC,Lab Test,49317-1,measurement,1,1,0.0007895152376440866,,,,,,,,,,
3026029,Penicillin V IgE Ab [Units/volume] in Serum,Measurement,LOINC,Lab Test,6210-9,measurement,1,1,0.0007895152376440866,k[IU]/L,,,,,,,,,
43055226,Bilirubin excess [Moles/volume] in Serum and CSF,Measurement,LOINC,Lab Test,72261-1,measurement,1,1,0.0007895152376440866,umol/L,,,,,,,,,
3015916,Alpha-1-Fetoprotein [Units/volume] in Serum or Plasma,Measurement,LOINC,Lab Test,19176-7,measurement,1,1,0.0007895152376440866,ng/mL,,,,,,,,,
40757502,Cholesterol [Moles/volume] in Peritoneal fluid,Measurement,LOINC,Lab Test,54371-0,measurement,1,1,0.0007895152376440866,mmol/l,,,,0.022321428571428572,,,,,
3010488,Prolactin [Mass/volume] in Serum or Plasma --1st specimen post XXX challenge,Measurement,LOINC,Lab Test,25736-0,measurement,1,1,0.0007895152376440866,%,0.009294544102611766,,,,,,,,
3021835,Urate [Mass/time] in 24 hour Urine,Measurement,LOINC,Lab Test,3087-4,measurement,1,1,0.0007895152376440866,mmol/24u,,,,,,,,,
3030814,Protein [Interpretation] in Urine,Measurement,LOINC,Lab Test,50749-1,measurement,1,1,0.0007895152376440866,Geen,,,,,,,,,0.005030181086519115
3007527,Weight of Stone,Measurement,LOINC,Lab Test,9804-6,measurement,1,1,0.0007895152376440866,mg,0.009294544102611766,,,,,,,,
3052912,Proteinase 3 IgG Ab [Units/volume] in Serum,Measurement,LOINC,Lab Test,48408-9,measurement,1,1,0.0007895152376440866,,,,,0.022321428571428572,,,,,
3019250,Coagulation factor VIII activity actual/normal in Platelet poor plasma by Coagulation assay,Measurement,LOINC,Lab Test,3209-4,measurement,1,1,0.0007895152376440866,%,,,,,,,,,
3036273,Rouleaux [Presence] in Blood by Light microscopy,Measurement,LOINC,Lab Test,7797-4,measurement,1,1,0.0007895152376440866,,,,,0.022321428571428572,,,,,
3000722,Carnitine free (C0) [Moles/volume] in Serum or Plasma,Measurement,LOINC,Lab Test,14286-9,measurement,1,1,0.0007895152376440866,umol/L,,,,,,,,,
46235127,Lupus anticoagulant two screening tests W Reflex [interpretation],Measurement,LOINC,Lab Test,75514-0,measurement,1,1,0.0007895152376440866,,,,,,,,,,
42529069,Smith extractable nuclear D IgG Ab [Units/volume] in Serum,Measurement,LOINC,Lab Test,82938-2,measurement,1,1,0.0007895152376440866,[arb'U]/mL,,,,,,,,,
36303653,Glomerular basement membrane Ab [Presence] in Serum by Line blot,Measurement,LOINC,Lab Test,89514-4,measurement,1,1,0.0007895152376440866,,,,,0.022321428571428572,,,,,
44786747,Hexacarboxylporphyrin III/Creatinine [Molar ratio] in Urine,Measurement,LOINC,Lab Test,74090-2,measurement,1,1,0.0007895152376440866,umol/mol,,,,,,,,,
3011391,Calcitriol [Moles/volume] in Serum or Plasma,Measurement,LOINC,Lab Test,14566-4,measurement,1,1,0.0007895152376440866,pmol/L,,,,,,,,,
3025570,Left atrial Intrachamber mean pressure,Measurement,LOINC,Clinical Observation,8399-8,measurement,1,1,0.0007895152376440866,mmHg,,,,,,,,,
3039630,WBC casts [Presence] in Urine by Computer assisted method,Measurement,LOINC,Lab Test,53279-6,measurement,1,1,0.0007895152376440866,,,,,,,,,,
42868729,Sjogrens syndrome-A extractable nuclear 52kD IgG Ab [Units/volume] in Serum by Immunoassay,Measurement,LOINC,Lab Test,70257-1,measurement,1,1,0.0007895152376440866,[arb'U]/mL,,,,,,,,,
3044870,Hemoglobin C/Hemoglobin.total in Blood by Electrophoresis,Measurement,LOINC,Lab Test,32681-9,measurement,1,1,0.0007895152376440866,%,,,,,,,,,
3004227,Saccharopolyspora rectivirgula IgG Ab [Presence] in Serum,Measurement,LOINC,Lab Test,19749-1,measurement,1,1,0.0007895152376440866,mg/l,,,,,,,,,
3019105,Plasmin inhibitor Ag [Mass/volume] in Platelet poor plasma by Immunoassay,Measurement,LOINC,Lab Test,5966-7,measurement,1,1,0.0007895152376440866,%,,,,,,,,,
40758858,Erythrocytes.fetal/Erythrocytes [Ratio] in Blood by Flow cytometry (FC),Measurement,LOINC,Lab Test,55729-8,measurement,1,1,0.0007895152376440866,%,,,,,,,,,
3026572,PHENobarbital [Mass/volume] in Urine by Confirmatory method,Measurement,LOINC,Lab Test,16241-2,measurement,1,1,0.0007895152376440866,mg/l,,,,,,,,,
3049202,Albumin and Immunoglobulin Quotient [Interpretation] in Serum and CSF,Measurement,LOINC,Lab Test,48669-6,measurement,1,1,0.0007895152376440866,,,,,,,,,,
3049236,Origin of Stone,Measurement,LOINC,Lab Test,48557-3,measurement,1,1,0.0007895152376440866,,0.009294544102611766,,,,,,,,
3023851,Copper [Mass/time] in 24 hour Urine,Measurement,LOINC,Lab Test,5633-3,measurement,1,1,0.0007895152376440866,µmol/24u,0.009294544102611766,,,,,,,,
21490679,Left atrial pressure Systolic,Measurement,LOINC,Clinical Observation,60989-1,measurement,1,1,0.0007895152376440866,mmHg,,,,,,,,,
3022819,Cystine crystals [Presence] in Stone by Infrared spectroscopy,Measurement,LOINC,Lab Test,16710-6,measurement,1,1,0.0007895152376440866,.,,,,,,,,,
3008884,Ascorbate [Moles/volume] in Serum or Plasma,Measurement,LOINC,Lab Test,14622-5,measurement,1,1,0.0007895152376440866,µmol/L,,,,,,,,,
1176263,PCA-1 Ab [Presence] in Cerebral spinal fluid by Immunofluorescence,Measurement,LOINC,Lab Test,90841-8,measurement,1,1,0.0007895152376440866,,0.009294544102611766,,,,,,,,
3044458,Uroporphyrin/Creatinine [Molar ratio] in Urine,Measurement,LOINC,Lab Test,45319-1,measurement,1,1,0.0007895152376440866,umol/mol,,,,,,,,,
1989451,Pacemaker type,Measurement,LOINC,Clinical Observation,99686-8,measurement,1,1,0.0007895152376440866,,,,,,,,,,
40770974,Glomerular basement membrane IgG Ab [Presence] in Serum by Immunoassay,Measurement,LOINC,Lab Test,68386-2,measurement,1,1,0.0007895152376440866,,0.009294544102611766,,,,,,,,
21494702,CYP3A4 and CYP3A5 gene targeted mutation analysis in Blood or Tissue by Molecular genetics method,Measurement,LOINC,Lab Test,81146-3,measurement,1,1,0.0007895152376440866,,,,,,,,,,
3012989,Citrate [Moles/time] in 24 hour Urine,Measurement,LOINC,Lab Test,14650-6,measurement,1,1,0.0007895152376440866,mmol/24 uur,,,,,,,,,
40759668,U1 small nuclear ribonucleoprotein IgG Ab [Units/volume] in Serum by Immunoassay,Measurement,LOINC,Lab Test,56548-1,measurement,1,1,0.0007895152376440866,[arb'U]/mL,,,,,,,,,
3042301,Urate [Moles/volume] in Synovial fluid,Measurement,LOINC,Lab Test,39788-5,measurement,1,1,0.0007895152376440866,,,,,0.022321428571428572,,,,,
3034896,Calcium oxalate monohydrate/Total in Stone,Measurement,LOINC,Lab Test,38252-3,measurement,1,1,0.0007895152376440866,%,0.009294544102611766,,,,,,,,
3006772,Delta aminolevulinate [Mass/volume] in 24 hour Urine,Measurement,LOINC,Lab Test,26974-6,measurement,1,1,0.0007895152376440866,µmol/l,0.009294544102611766,,,,,,,,
40765975,Ganglioside GM1 IgG Ab [Presence] in Serum by Immunoassay,Measurement,LOINC,Lab Test,63243-0,measurement,1,1,0.0007895152376440866,,,,,,,,,,
3015196,Fat [Mass/time] in 24 hour Stool,Measurement,LOINC,Lab Test,16142-2,measurement,1,1,0.0007895152376440866,g/(24.h),0.009294544102611766,,,,,,,,
3013882,Canary feather IgE Ab [Units/volume] in Serum,Measurement,LOINC,Lab Test,7171-2,measurement,1,1,0.0007895152376440866,kU/l,0.009294544102611766,,,,,,,,
3052524,SCL-70 extractable nuclear IgG Ab [Units/volume] in Serum by Immunoassay,Measurement,LOINC,Lab Test,47322-3,measurement,1,1,0.0007895152376440866,[arb'U]/mL,,,,,,,,,
3046171,Beta 2 glycoprotein 1 IgM Ab [Units/volume] in Serum or Plasma by Immunoassay,Measurement,LOINC,Lab Test,44449-7,measurement,1,1,0.0007895152376440866,[arb'U]/mL,,,,,,,,,
40771570,Coagulation specialist review of results,Measurement,LOINC,Lab Test,69049-5,measurement,1,1,0.0007895152376440866,,,,,,,,,,
3010866,Cholinesterase [Enzymatic activity/volume] in Serum or Plasma,Measurement,LOINC,Lab Test,2098-2,measurement,1,1,0.0007895152376440866,kU/L,,,,,,,,,
40762387,Lacosamide [Mass/volume] in Blood,Measurement,LOINC,Lab Test,59296-4,measurement,1,1,0.0007895152376440866,mg/L,,,,,,,,,
3042239,Centromere protein B Ab [Presence] in Serum,Measurement,LOINC,Lab Test,53981-7,measurement,1,1,0.0007895152376440866,,,,,,,,,,
3010889,Jk sup(a) Ab [Presence] in Serum or Plasma,Measurement,LOINC,Lab Test,1069-4,measurement,1,1,0.0007895152376440866,,,,,,,,,,
3028348,Apolipoprotein A-I/Apolipoprotein B [Mass Ratio] in Serum or Plasma,Measurement,LOINC,Lab Test,13462-7,measurement,1,1,0.0007895152376440866,.,,,,,,,,,
3030661,Acylcarnitine pattern [Interpretation] in Urine,Measurement,LOINC,Lab Test,33472-2,measurement,1,1,0.0007895152376440866,.,0.009294544102611766,,,,,,,,
2000000000,,,,,,measurement,47579,9840,7.768829938417811,,82.83297704247606,,,,,,,,
