concept_id,concept_name,domain_id,vocabulary_id,concept_class_id,concept_code,table_name,record_count,patient_count,patient_coverage_pct,units,coverage_7,coverage_Amsterdam UMC Epic,coverage_Amsterdam UMC Metavision Meibergdreef,coverage_Catharina Ziekenhuis Eindhoven,coverage_Franciscus Gasthuis,coverage_OLVG,coverage_Radboudumc,coverage_UMC Utrecht,coverage_Amsterdam UMC Metavision Boelelaan
4124377,Venous catheter,Device,SNOMED,Physical Object,303728004,device_exposure,111115,45145,35.64266540344229,,,42.14406813074163,,24.040178571428573,73.12423124231242,,,,97.08249496981891
4070667,Urinary catheter,Device,SNOMED,Physical Object,20568009,device_exposure,108146,83337,65.79583135954523,,17.529510177525793,27.49280447896542,66.02757325690567,24.352678571428573,49.2619926199262,,16.51615249409055,91.12797696937974,89.71327967806842
4097216,Endotracheal tube,Device,SNOMED,Physical Object,26412008,device_exposure,71122,59351,46.858518869414176,,9.350311367227437,15.960257067381619,51.62820576172358,,,78.68238304093568,,72.88667887987438,72.00704225352112
4063122,Nasogastric tube,Device,SNOMED,Physical Object,17102003,device_exposure,52230,32120,25.35922943312806,,25.104563621154384,,,12.1875,22.878228782287824,80.86165935672514,23.862052245590643,39.07354095786443,1.2022132796780685
4121351,Chest drain,Device,SNOMED,Physical Object,258643002,device_exposure,46568,30078,23.747039317858835,,5.177061065154754,2.188226944762055,32.22315560606809,21.026785714285715,8.118081180811808,,5.466997999878781,,5.895372233400402
4225137,Colostomy bag,Device,SNOMED,Physical Object,339648008,device_exposure,43068,5396,4.260224222327491,,0.38107630820708244,0.792493001616528,,1.2723214285714286,0.24600246002460024,19.892178362573098,,,1.4688128772635816
45772272,Nasogastric feeding tube,Device,SNOMED,Physical Object,465037000,device_exposure,24244,14018,11.067424601294805,,,,,1.5848214285714286,1.6605166051660516,,,,69.57243460764587
4119547,Wound drain,Device,SNOMED,Physical Object,258646005,device_exposure,24224,13548,10.696352439602084,,4.368435728227531,4.0649765406300515,0.321193852843801,4.0625,3.259532595325953,,0.012121946784653616,,26.98189134808853
4179206,Central venous catheter,Device,SNOMED,Physical Object,52124006,device_exposure,18883,15762,12.444339175746093,,,11.61928793912392,1.8876315659435687,,,,,,58.27967806841046
4044008,Tracheostomy tube,Device,SNOMED,Physical Object,129121000,device_exposure,6626,3544,2.7980420022106425,,1.1804071010316943,,6.176804862380788,0.4017857142857143,2.8290282902829027,2.7046783625730995,0.28486574943935994,,5.804828973843058
4118298,Arterial catheter,Device,SNOMED,Physical Object,303727009,device_exposure,4548,3487,2.7530396336649297,,,,,,,,,90.97095001308558,
4262295,Pulmonary artery catheter,Device,SNOMED,Physical Object,397755005,device_exposure,3977,3760,2.9685772935417654,,,,0.3656668478529426,,,,,,18.40543259557344
4178391,Heat and moisture exchanger,Device,SNOMED,Physical Object,297117007,device_exposure,3015,611,0.48239381020053684,,,,,,,,,2.015179272441769,2.6106639839034207
605914,Continuous positive airway pressure bilevel positive airway pressure face mask,Device,SNOMED,Physical Object,1141760009,device_exposure,2949,405,0.319753671245855,,,,,,,,,,2.007042253521127
36674387,Nasoduodenal feeding tube,Device,SNOMED,Physical Object,773725001,device_exposure,2696,1892,1.4937628296226118,,2.1842178641137653,2.5627883136852896,,,,,,2.8526563726773095,0.9758551307847082
4148006,Epidural catheter,Device,SNOMED,Physical Object,30610008,device_exposure,2571,2441,1.9272066950892153,,,,,0.08928571428571429,4.120541205412054,4.367690058479532,0.8788411418873872,4.3967547762365875,3.319919517102616
4224054,Fecal collector,Device,SNOMED,Physical Object,339133003,device_exposure,1186,773,0.6102952786988789,,,,,,,,,,3.8430583501006037
45763425,Gastrostomy tube,Device,SNOMED,Physical Object,470571004,device_exposure,1090,978,0.7721459024159166,,0.1115345292313412,0.6781532153136458,,,,,0.3575974301472817,0.7589636220884585,
4117709,Suprapubic catheter,Device,SNOMED,Physical Object,286861005,device_exposure,940,722,0.5700300015790305,,,,1.097000543558828,,,,,0.05234231876472128,1.448692152917505
45763519,Hyperthermia system temperature mapping unit,Device,SNOMED,Physical Object,470704008,device_exposure,842,577,0.4555502921206379,,,,,,,2.5813230994152048,,,
36676722,Nasojejunal feeding tube,Device,SNOMED,Physical Object,773703007,device_exposure,715,569,0.44923417021948525,,,,,0.33482142857142855,,1.6401681286549707,,3.2190526040303586,
4126195,Arterial line,Device,SNOMED,Physical Object,261241001,device_exposure,358,304,0.24001263224380232,,,,,,,,,,1.5241448692152917
605799,Tracheostomy tube cannula,Device,SNOMED,Physical Object,1137710007,device_exposure,285,192,0.15158692562766463,,1.1989961892369179,,,,,,,,
4225145,Urostomy bag,Device,SNOMED,Physical Object,344088002,device_exposure,233,221,0.1744828675193431,,,,,0.9375,0.06150061500615006,,0.13940238802351657,,
4106029,Laryngeal mask,Device,SNOMED,Physical Object,257268009,device_exposure,169,129,0.10184746565608717,,,,,0.20089285714285715,2.091020910209102,,,,
4161814,Peripherally inserted central catheter,Device,SNOMED,Physical Object,398176008,device_exposure,161,135,0.10658455708195168,,,,,,,,,3.5069353572363258,
4272956,Cervical collar,Device,SNOMED,Physical Object,63562005,device_exposure,112,101,0.07974103900205275,,,,,,,,,,0.5080482897384306
36717545,Wound irrigation cannula,Device,SNOMED,Physical Object,722264005,device_exposure,83,72,0.05684509711037423,,,,,0.5357142857142857,,,,,
45758063,"Patient monitoring system module, cardiac output",Device,SNOMED,Physical Object,462564000,device_exposure,25,23,0.01815885046581399,,,,,,,,,,0.11569416498993963
4147758,Cerebrospinal catheter,Device,SNOMED,Physical Object,35870000,device_exposure,17,17,0.013421759039949471,,,,,,,,0.01818292017698042,,
4236069,Peritoneal dialysis catheter,Device,SNOMED,Physical Object,360132007,device_exposure,2,2,0.0015790304752881731,,,,,,,,,0.05234231876472128,
967823,sodium chloride,Drug,RxNorm,Ingredient,9863,drug_exposure,10866148,117420,92.70487920416863,,72.20931313319082,96.53432164964713,99.11548154370708,43.75,55.96555965559656,98.6750730994152,75.85308200496999,97.64459565558754,96.84607645875252
19010309,water,Drug,RxNorm,Ingredient,11295,drug_exposure,5524545,45645,36.03742302226433,,2.0912724230876476,3.8441824705279344,99.60962593269754,1.5625,,91.60270467836257,0.2727438026547063,63.9623135304894,
1321341,norepinephrine,Drug,RxNorm,Ingredient,7512,drug_exposure,2812182,69468,54.846044528659405,,40.29184868482201,66.08051098056224,59.514750210011364,18.883928571428573,,62.73757309941521,53.966907085277896,72.36325569222717,38.96378269617706
1125315,acetaminophen,Drug,RxNorm,Ingredient,161,drug_exposure,2164131,95234,75.18869414179693,,80.5651082814388,87.94306667192367,83.6635864999753,64.64285714285714,85.05535055350553,22.441520467836256,81.24734832414086,88.11829364040827,80.34708249496983
2000000255,Enteral feeding,Drug,ICUdata,Observable Entity,2000000255,drug_exposure,1857433,41956,33.12490131059529,,24.212287387303654,23.084808579426724,36.87799575035825,7.901785714285714,0.984009840098401,43.494152046783626,22.340747924116613,31.771787490185815,41.29778672032193
35198096,insulin aspart,Drug,RxNorm Extension,Ingredient,OMOP4819461,drug_exposure,1703212,44276,34.956576661929574,,61.14880565108282,39.19883294562946,58.31397934476454,14.866071428571429,3.8130381303813037,3.403691520467836,40.66307048912055,30.855796911803193,19.507042253521128
1560524,glucose,Drug,RxNorm,Ingredient,4850,drug_exposure,1563025,47738,37.6898784146534,,33.850729621712055,28.68745810826795,27.953748085190494,4.776785714285714,6.765067650676507,38.33150584795322,41.25098490817625,15.100758963622088,64.48692152917505
2000000571,selective digestive decontamination - oral,Drug,ICUdata,Observable Entity,2000000571,drug_exposure,1513457,40976,32.35117637770409,,30.783530067850172,40.48022710247211,39.82309630874141,10.334821428571429,0.5535055350553506,47.245065789473685,31.844354203285047,34.467416906568964,1.7655935613682092
753626,propofol,Drug,RxNorm,Ingredient,8782,drug_exposure,1458543,66460,52.47118269382599,,49.10307649409796,67.79560777510547,70.59346741117754,12.924107142857142,18.204182041820417,20.664290935672515,29.23813564458452,73.56712902381575,71.0513078470825
19049105,potassium chloride,Drug,RxNorm,Ingredient,8591,drug_exposure,1075945,55336,43.688615190273175,,18.88651361650711,39.43934077199069,62.84034194791718,10.446428571428571,25.092250922509226,49.826388888888886,21.74071155827626,34.624443862863124,43.06841046277666
974140,hydrochloric acid,Drug,RxNorm,Ingredient,5486,drug_exposure,1052749,21295,16.81272698563082,,,,,,,96.55975877192982,,,
19069760,sodium hydroxide,Drug,RxNorm,Ingredient,9880,drug_exposure,980394,20178,15.930838465182378,,,,,,,91.4610745614035,,,
956874,furosemide,Drug,RxNorm,Ingredient,4603,drug_exposure,766465,50011,39.484446549818415,,11.320754716981131,30.083192051413477,55.27004990858329,13.013392857142858,24.477244772447726,38.56907894736842,16.69192072246803,21.565035331065165,28.52112676056338
19049024,potassium,Drug,RxNorm,Ingredient,8588,drug_exposure,703903,25815,20.381335859782094,,,,22.06848841231408,,,96.77448830409357,,,
1774470,cefotaxime,Drug,RxNorm,Ingredient,2186,drug_exposure,666722,35362,27.918837833570187,,16.758063017009015,32.11370894610259,36.02312595740475,8.683035714285714,1.3530135301353015,47.482638888888886,17.073762046184616,,16.448692152917506
19001014,nadroparin,Drug,RxNorm,Ingredient,67031,drug_exposure,646555,80478,63.5386072951208,,52.941723208476624,67.10956905728817,71.02337302959926,,,66.97733918128655,44.232983817201045,,43.11368209255533
1154029,fentanyl,Drug,RxNorm,Ingredient,4337,drug_exposure,640603,28636,22.60855834517606,,64.33683427827864,18.56641564483697,16.37100360725404,3.080357142857143,3.013530135301353,6.82108918128655,8.661130977635008,8.374771002355404,37.052313883299796
1367571,heparin,Drug,RxNorm,Ingredient,5224,drug_exposure,624803,13767,10.869256276646139,,2.621061436936518,16.374245948823088,0.3953155111923704,1.8080357142857142,3.1365313653136533,,2.836535547608946,6.699816801884324,16.609657947686117
708298,midazolam,Drug,RxNorm,Ingredient,6960,drug_exposure,588796,35710,28.19358913627033,,16.88818663444558,14.812916453100973,25.30513416020161,3.4598214285714284,10.33210332103321,34.50292397660819,13.909933935390024,18.37215388641717,23.495975855130784
1110410,morphine,Drug,RxNorm,Ingredient,7052,drug_exposure,582131,68784,54.306016106110846,,1.552188865136165,58.6484248708749,69.98566981271928,26.026785714285715,11.623616236162361,51.09192251461988,46.07551972846839,67.05051033760796,52.23340040241449
1596977,"insulin, regular, human",Drug,RxNorm,Ingredient,253182,drug_exposure,572953,20240,15.979788409916312,,,0.0039427512518235225,,,,62.874634502923975,0.06060973392326808,,31.654929577464788
1307046,metoprolol,Drug,RxNorm,Ingredient,6918,drug_exposure,534704,41954,33.12332228012001,,19.137466307277627,20.45105074320861,21.139496961012007,30.267857142857142,0.3075030750307503,27.13358918128655,38.90538820534578,21.905260403035854,21.1317907444668
36029299,glucose / sodium chloride,Drug,RxNorm,Multiple Ingredients,108190,drug_exposure,513097,32560,25.70661613769146,,0.4554326610279766,12.261956393171156,,0.06696428571428571,,15.323464912280702,46.57251954663919,0.10468463752944256,82.42454728370221
19087208,lactose,Drug,RxNorm,Ingredient,6211,drug_exposure,502466,19391,15.309489973156483,,,,,,,87.87463450292398,,,
1139042,acetylcysteine,Drug,RxNorm,Ingredient,197,drug_exposure,488736,25651,20.251855360808463,,0.8086253369272237,21.29085675984702,66.60572219202452,1.6964285714285714,,2.0376461988304095,3.6911327959270257,13.13792200994504,4.9044265593561365
1154343,albuterol,Drug,RxNorm,Ingredient,435,drug_exposure,484597,33155,26.17637770408969,,0.6041453666697648,12.522177975791507,65.82991550130949,0.6696428571428571,10.39360393603936,58.76279239766082,3.2608036850718225,20.256477361947134,1.1167002012072436
36029881,albuterol / ipratropium,Drug,RxNorm,Multiple Ingredients,214199,drug_exposure,464155,18772,14.820780041054793,,14.425132447253462,18.495446122304145,,7.053571428571429,0.06150061500615006,8.76736111111111,17.63743257167101,10.546977231091338,13.038229376257545
923540,phenol,Drug,RxNorm,Ingredient,33290,drug_exposure,447449,14888,11.75430285804516,,,,,,,67.3656798245614,,,
948078,pantoprazole,Drug,RxNorm,Ingredient,40790,drug_exposure,348631,41145,32.48460445286594,,25.597174458592807,18.968576272522967,2.5201363838513613,42.276785714285715,34.132841328413285,7.542945906432749,55.08212618946603,17.770217220622875,29.14989939637827
1398937,clonidine,Drug,RxNorm,Ingredient,2599,drug_exposure,289647,14140,11.163745460287384,,4.368435728227531,15.601466703465679,7.436873054306468,2.34375,4.243542435424354,10.34356725146199,8.109582398933268,39.67547762365873,7.892354124748491
19137312,thiamine,Drug,RxNorm,Ingredient,10454,drug_exposure,282929,22807,18.00647402494868,,5.270006506180872,15.589638449710208,33.54252112467263,3.1919642857142856,11.746617466174662,16.67580409356725,6.248863567488939,6.176393614237111,23.194164989939637
1340128,captopril,Drug,RxNorm,Ingredient,1998,drug_exposure,273397,30916,24.40865308700458,,23.217771168324195,17.79757915073138,27.701734446805357,,,52.72295321637427,10.691557064064488,7.223239989531536,11.725352112676056
766529,haloperidol,Drug,RxNorm,Ingredient,5093,drug_exposure,261692,22536,17.792515395547134,,5.744028255414072,12.466979458265978,16.82067500123536,4.352678571428571,12.607626076260763,26.439144736842106,15.91005515485787,9.945040565297043,16.856136820925553
1309944,amiodarone,Drug,RxNorm,Ingredient,703,drug_exposure,259500,13811,10.903994947102479,,7.147504414908449,9.931790403343452,12.141127637495677,6.383928571428571,4.858548585485855,18.608369883040936,2.6001575853082004,7.825176655325831,10.588531187122737
2000000575,albuterol / acetylcysteine,Drug,ICUdata,Observable Entity,2000000575,drug_exposure,250538,14268,11.264803410705827,,,,65.6273163018234,,,,,,
948487,polyethylene glycol 300,Drug,RxNorm,Ingredient,8513,drug_exposure,249643,16066,12.684351807989895,,0.13012361743656473,43.78425265150022,,0.13392857142857142,1.1070110701107012,,,,
724816,oxazepam,Drug,RxNorm,Ingredient,7781,drug_exposure,239963,30322,23.939681035843993,,10.958267496979273,19.011946536293024,25.280426940752086,13.348214285714286,15.252152521525215,20.58205409356725,11.097642281350385,6.438105208060717,20.43762575452716
19016749,remifentanil,Drug,RxNorm,Ingredient,73032,drug_exposure,232592,6531,5.156324017053529,,0.009294544102611766,7.3177463233844575,0.15812620447694817,0.22321428571428573,,,8.945996727074368,69.2750588851086,0.3118712273641851
1124957,oxycodone,Drug,RxNorm,Ingredient,7804,drug_exposure,232491,19512,15.405021316911416,,0.836508969235059,3.6273311516776405,1.5417304936502445,16.875,,,18.16473725680344,4.1612143417953416,0.8199195171026157
36854851,METAMIZOLE,Drug,RxNorm Extension,Ingredient,OMOP5172468,drug_exposure,228724,16806,13.268593083846518,,4.126777581559624,27.240468398848716,13.124474971586698,23.504464285714285,4.551045510455104,7.177448830409356,1.666767682889872,,
948515,polyethylene glycols,Drug,RxNorm,Ingredient,8516,drug_exposure,224486,18510,14.613927048792041,,21.284505994980947,0.48101565272246977,0.10377032168799723,12.008928571428571,60.94710947109471,25.62591374269006,,42.030881968071185,16.30784708249497
1337860,dopamine,Drug,RxNorm,Ingredient,3628,drug_exposure,224442,18109,14.297331438496762,,0.4461381169253648,4.80227102472105,5.554182932252805,,,38.66045321637427,,,33.445674044265594
904453,esomeprazole,Drug,RxNorm,Ingredient,283742,drug_exposure,216236,19105,15.083688615190272,,2.760479598475695,27.169498876315892,32.30221870830657,4.955357142857143,21.832718327183272,2.6270102339181287,0.8909630886720408,14.603506935357236,6.061368209255533
1112921,ipratropium,Drug,RxNorm,Ingredient,7213,drug_exposure,209642,10623,8.387020369493131,,1.2826470861604238,5.961439892757166,1.9271631170628059,2.142857142857143,11.562115621156211,1.722404970760234,7.800472755924601,11.09657157812091,6.212273641851106
19093848,magnesium sulfate,Drug,RxNorm,Ingredient,6585,drug_exposure,208586,53475,42.219327333017524,,24.007807417046195,26.89744903994007,35.024954291644015,5.892857142857143,25.707257072570727,87.62792397660819,0.0848536274925753,24.862601413242608,74.69818913480886
19061088,dexmedetomidine,Drug,RxNorm,Ingredient,48937,drug_exposure,202326,4722,3.7280909521553767,,5.5860210056696715,5.91018412648346,0.11365320946780649,3.2142857142857144,,3.481359649122807,7.279229044184496,2.250719706883015,
19054936,floxacillin,Drug,RxNorm,Ingredient,4448,drug_exposure,198826,4702,3.7123006474024947,,0.8550980574402826,3.9664077593344635,4.383060730345407,1.0714285714285714,2.091020910209102,,2.9516940420631554,1.9104946349123266,4.20523138832998
1707687,vancomycin,Drug,RxNorm,Ingredient,11124,drug_exposure,186845,12403,9.792357492499605,,2.2492796728320474,9.383747979339983,11.256609181202748,1.9642857142857142,1.045510455104551,9.516630116959064,1.448572640766107,9.578644333943993,17.71629778672032
975125,hydrocortisone,Drug,RxNorm,Ingredient,5492,drug_exposure,183289,14067,11.106110847939366,,5.074821080026025,15.798604266056854,17.660720462519148,5.558035714285714,10.45510455104551,,3.9093278380507908,8.322428683590683,17.61066398390342
19011773,ascorbic acid,Drug,RxNorm,Ingredient,1151,drug_exposure,175701,33369,26.345333964945524,,2.147039687703318,3.5879036391594052,17.463062706922962,1.1607142857142858,7.134071340713407,86.55884502923976,3.9214497848354446,3.1405391258832767,37.93259557344064
35884360,Heparin Sodium,Drug,RxNorm Extension,Ingredient,OMOP5031264,drug_exposure,170317,10525,8.30964787620401,,,,18.308049612096653,,,29.070723684210527,0.3333535365779744,,
1707164,metronidazole,Drug,RxNorm,Ingredient,6922,drug_exposure,166617,12136,9.581556924048634,,7.454224370294637,9.253637188029808,10.21396452043287,5.0,12.607626076260763,9.923245614035087,3.4547548336262803,6.673645642501963,9.577464788732394
19018544,calcium,Drug,RxNorm,Ingredient,1895,drug_exposure,162749,11089,8.754934470235275,,,,52.26565202352127,,,,,,
36027614,Cobalamins / Vitamin B 12,Drug,RxNorm,Multiple Ingredients,1007494,drug_exposure,157662,11826,9.336807200378967,,,,,,,53.271198830409354,,,
19037038,calcium gluconate,Drug,RxNorm,Ingredient,1908,drug_exposure,152629,16548,13.064898152534344,,1.5800724974440004,9.86082088081063,4.887088007115679,1.1160714285714286,1.2300123001230012,52.84173976608187,0.006060973392326808,14.577335775974875,0.7997987927565392
19024770,biotin,Drug,RxNorm,Ingredient,1588,drug_exposure,150432,11556,9.123638086215063,,,,,,,52.03764619883041,0.006060973392326808,,
1797513,ciprofloxacin,Drug,RxNorm,Ingredient,2551,drug_exposure,147514,15140,11.95326069793147,,13.123896272887816,11.323581595237156,9.976775213717449,2.5,6.211562115621156,19.951571637426902,3.975998545366386,3.9518450667364564,6.47887323943662
1319133,nimodipine,Drug,RxNorm,Ingredient,7426,drug_exposure,147054,2728,2.153797568293068,,0.0278836323078353,2.791467886291054,5.1489845332806246,0.022321428571428572,,,2.903206254924541,2.9835121695891127,1.056338028169014
19078219,sufentanil,Drug,RxNorm,Ingredient,56795,drug_exposure,143277,5556,4.386546660350545,,,0.05519851752552932,0.7856895784948362,7.008928571428571,11.869618696186961,0.9685672514619883,20.595187587126492,5.1033760795603245,
1386957,labetalol,Drug,RxNorm,Ingredient,6185,drug_exposure,140679,5628,4.443391757460919,,2.872014127707036,5.440996727516461,4.20516875030884,1.2053571428571428,1.7835178351783518,1.7132675438596492,7.394387538638705,5.705312745354619,2.992957746478873
1361711,nitroglycerin,Drug,RxNorm,Ingredient,4917,drug_exposure,138115,22012,17.37880941102163,,1.2175852774421414,3.48144935536017,10.732816128872857,1.1160714285714286,1.4760147601476015,41.744334795321635,10.436996181586762,5.234231876472128,21.609657947686117
40798706,Carbasalate Calcium,Drug,RxNorm Extension,Ingredient,OMOP2721042,drug_exposure,131646,28169,22.239854729196274,,0.07435635282089413,11.847967511729685,35.86499975292781,1.1607142857142858,10.33210332103321,34.61257309941521,15.200921267955634,28.343365611096573,17.012072434607646
19063454,enoximone,Drug,RxNorm,Ingredient,49626,drug_exposure,129977,12238,9.662087478288331,,6.84078445952226,3.591846390411229,0.6918021445866482,,,36.344115497076025,,,11.715291750503019
902251,hypromellose,Drug,RxNorm,Ingredient,27334,drug_exposure,127399,2646,2.089057318806253,,,,,,,,,0.44490970950013087,12.982897384305835
791967,lorazepam,Drug,RxNorm,Ingredient,6470,drug_exposure,124647,14636,11.555345018158851,,2.193512408216377,9.896305642077042,10.955181103918566,2.767857142857143,6.396063960639607,2.9102704678362574,4.866961634038427,2.9573410102067523,14.019114688128772
19010970,vitamin B complex,Drug,RxNorm,Ingredient,11251,drug_exposure,123608,29428,23.23385441339018,,1.99832698206153,4.467137168316051,0.9289914513020705,1.6964285714285714,7.626076260762607,83.62573099415205,4.660888538699315,5.077204920177964,37.21830985915493
1368671,milrinone,Drug,RxNorm,Ingredient,52769,drug_exposure,123156,8245,6.509553134375493,,,6.008752907779048,20.97148786875525,5.892857142857143,0.3075030750307503,,7.473180192738954,11.803192881444648,
1718517,acetylsalicylsalicylic acid,Drug,RxNorm,Ingredient,1858285,drug_exposure,121913,22485,17.752250118427284,,43.43340459150479,24.173007924930015,1.4873746108612937,34.50892857142857,0.12300123001230012,21.098318713450293,0.05454876053094127,19.052604030358545,3.5261569416498992
35198180,acetated ringer's solution(with glucose),Drug,RxNorm Extension,Ingredient,OMOP4819545,drug_exposure,118178,12012,9.483657034580768,,32.6982061529882,,,,,,0.8667191951027335,72.54645380790369,27.3943661971831
19003953,rocuronium,Drug,RxNorm,Ingredient,68139,drug_exposure,118099,16499,13.026211905889785,,8.736871456455061,10.56657335488704,20.74418144981964,5.178571428571429,25.522755227552274,15.995065789473685,4.036608279289654,15.650353310651662,9.004024144869215
1790812,chlorhexidine,Drug,RxNorm,Ingredient,2358,drug_exposure,116780,21438,16.925627664613927,,0.0836508969235059,28.28529748058195,21.920245095616938,0.11160714285714286,0.18450184501845018,42.754020467836256,0.03636584035396084,0.18319811567652447,1.5945674044265594
19134009,pirinitramide,Drug,RxNorm,Ingredient,8354,drug_exposure,113330,14003,11.055581872730144,,0.5762617343619295,13.137247171075977,,0.3125,2.2140221402214024,23.442068713450293,8.642948057458028,1.2823868097356712,3.113682092555332
19136048,sodium,Drug,RxNorm,Ingredient,9853,drug_exposure,112897,4488,3.5433443865466603,,,0.011828253755470567,22.083312743983793,,,,,,
42898711,chlorine,Drug,RxNorm,Ingredient,1310122,drug_exposure,112863,4470,3.529133112269067,,,,22.083312743983793,,,,,,
19124906,magnesium,Drug,RxNorm,Ingredient,6574,drug_exposure,112845,4480,3.5370282646455076,,,,22.06848841231408,,,,0.03030486696163404,,
19043395,phosphorus,Drug,RxNorm,Ingredient,8263,drug_exposure,112778,4467,3.5267645665561345,,,,22.06848841231408,,,,,,
36029811,amoxicillin / clavulanate,Drug,RxNorm,Multiple Ingredients,19711,drug_exposure,109640,7679,6.06268750986894,,2.2864578492424945,4.6918739896699915,8.672234026782625,1.1160714285714286,1.045510455104551,,2.3819625431844353,1.727296519235802,5.633802816901408
906780,metoclopramide,Drug,RxNorm,Ingredient,6915,drug_exposure,108234,15811,12.483025422390652,,0.5390835579514824,7.715964199818633,12.299253841972625,4.955357142857143,17.466174661746617,1.9234283625730995,11.552215285774896,2.2768908662653757,9.914486921529175
1550557,prednisolone,Drug,RxNorm,Ingredient,8638,drug_exposure,106129,11942,9.428390967945681,,4.071010316943954,0.14982454756929386,5.628304590601374,3.549107142857143,13.468634686346864,23.026315789473685,10.491544942117704,10.25909447788537,5.980885311871227
36878782,Multivitamin preparation,Drug,RxNorm Extension,Ingredient,OMOP994671,drug_exposure,105713,16632,13.131217432496447,,1.7009015707779533,5.768245081417813,0.08400454612837871,0.06696428571428571,,45.138888888888886,1.3455360930965512,1.8319811567652446,19.56237424547284
1776684,ceftazidime,Drug,RxNorm,Ingredient,2191,drug_exposure,102613,4429,3.4967629875256594,,0.0836508969235059,4.593305208374404,6.769778129169343,0.24553571428571427,,,3.212315897933208,1.7534676786181629,1.9064386317907445
943852,xylometazoline,Drug,RxNorm,Ingredient,39841,drug_exposure,101815,4532,3.578083057003,,1.5428943210335533,1.592871505736703,0.8696941246232149,0.24553571428571427,2.7675276752767526,1.183296783625731,1.927389538759925,0.4710808688824915,12.681086519114688
1370109,sotalol,Drug,RxNorm,Ingredient,9947,drug_exposure,100878,16108,12.717511447970946,,24.93726182730737,4.305484366991286,6.369521174087068,0.17857142857142858,1.2915129151291513,30.5281432748538,0.5212437117401054,0.287882753205967,4.582494969818914
36030544,polyethylene glycol 400 / propylene glycol,Drug,RxNorm,Multiple Ingredients,689953,drug_exposure,96900,12145,9.58866256118743,,,,,,,,50.08182314079641,,
1709170,meropenem,Drug,RxNorm,Ingredient,29561,drug_exposure,96889,3369,2.6598768356229274,,0.3903708523096942,4.337026377005874,2.0506992143104217,0.9821428571428571,3.3825338253382533,1.8594663742690059,1.86071883144433,7.6419785396493065,1.3832997987927564
1318137,nicardipine,Drug,RxNorm,Ingredient,7396,drug_exposure,96511,6799,5.367914100742144,,14.629612417510922,2.0108031384299965,0.3854326234125611,2.1205357142857144,,,8.139887265894902,25.202826485213293,10.271629778672033
939506,sodium bicarbonate,Drug,RxNorm,Ingredient,36676,drug_exposure,94028,14927,11.78509395231328,,2.31434148155033,9.068327879194102,17.552008696941247,3.125,6.765067650676507,11.20248538011696,11.564337232559549,7.5634650615022245,9.079476861167002
1777806,ceftriaxone,Drug,RxNorm,Ingredient,2193,drug_exposure,93594,18487,14.595768198326228,,14.387954270843014,14.738004179316327,3.3058259623461974,6.607142857142857,16.359163591635916,2.68640350877193,6.897387720467907,36.273226903951844,22.248490945674043
992956,magnesium hydroxide,Drug,RxNorm,Ingredient,6581,drug_exposure,93409,11791,9.309174167061425,,0.6413235430802119,1.8964633521271144,,18.370535714285715,1.968019680196802,,1.2000727316807078,0.8113059408531798,
836715,temazepam,Drug,RxNorm,Ingredient,10355,drug_exposure,91794,26541,20.9545239223117,,7.20327167952412,9.293064700548042,15.239412956465879,6.361607142857143,9.16359163591636,7.666301169590644,4.854839687253773,1.6487830410887203,13.893360160965795
1746940,erythromycin,Drug,RxNorm,Ingredient,4053,drug_exposure,87597,10399,8.210168956260857,,0.7528580723115531,9.821393368292394,10.164550081533823,3.482142857142857,0.7995079950799509,11.476608187134502,1.4243287471967998,7.092384192619733,9.844064386317907
1366610,esketamine,Drug,RxNorm,Ingredient,2119365,drug_exposure,86448,6500,5.131849044686563,,1.0502834835951296,6.276859992903048,4.229875969758363,2.9017857142857144,8.91758917589176,5.025584795321637,6.091278259288441,4.08270086364826,1.70523138832998
1713332,amoxicillin,Drug,RxNorm,Ingredient,723,drug_exposure,86249,5404,4.266540344228644,,1.310530718468259,2.949177936363995,7.006967435884765,0.5803571428571429,2.952029520295203,1.8183479532163742,1.0606703436571914,2.8526563726773095,3.475855130784708
1771162,cefazolin,Drug,RxNorm,Ingredient,2180,drug_exposure,83258,27882,22.01326385599242,,47.0768658797286,33.663210188069236,10.688343133863714,5.223214285714286,16.728167281672818,0.5436769005847953,1.8001090975210619,36.194713425804764,40.11569416498994
951511,mupirocin,Drug,RxNorm,Ingredient,42372,drug_exposure,79117,18697,14.761566398231485,,0.399665396412306,10.5429168473761,4.985916884913772,30.290178571428573,0.984009840098401,,0.012121946784653616,52.15912064904475,20.699195171026158
1322184,clopidogrel,Drug,RxNorm,Ingredient,32968,drug_exposure,76059,12377,9.771830096320858,,5.028348359512966,9.407404486850925,5.835845233977368,4.933035714285714,19.92619926199262,6.46016081871345,7.576216740408509,4.10887202303062,4.124748490945674
1503297,metformin,Drug,RxNorm,Ingredient,6809,drug_exposure,75697,6677,5.2715932417495655,,1.598661585649224,2.5864448211962308,2.0259919948608984,2.455357142857143,12.792127921279214,,2.4183283835383964,0.654278984559016,1.0311871227364184
1539403,simvastatin,Drug,RxNorm,Ingredient,36567,drug_exposure,75204,13955,11.017685141323227,,4.926108374384237,4.585419705870756,8.138558086672926,3.1473214285714284,9.71709717097171,3.686951754385965,13.04321474028729,0.575765506411934,11.946680080482897
1332418,amlodipine,Drug,RxNorm,Ingredient,17767,drug_exposure,71803,13327,10.52186957208274,,3.476159494376801,6.016638410282695,2.035874882640708,14.6875,18.019680196801968,6.9764254385964914,12.315897933208074,9.500130855796911,9.647887323943662
1545958,atorvastatin,Drug,RxNorm,Ingredient,83367,drug_exposure,71690,11613,9.168640454760776,,5.009759271307742,7.814532981114222,2.2384740821267974,13.816964285714286,17.650676506765066,2.8828581871345027,5.824595430026062,0.5495943470295734,7.9124748490945676
1301065,dalteparin,Drug,RxNorm,Ingredient,67109,drug_exposure,71317,10343,8.165956102952787,,,0.01577100500729409,,33.236607142857146,0.3075030750307503,,21.71646766470695,65.32321381837215,
2000000583,erythrocytes,Drug,ICUdata,Observable Entity,2000000583,drug_exposure,69370,18950,14.961313753355439,,,,29.090280179868557,11.473214285714286,,24.707602339181285,,13.687516356974614,29.25553319919517
970250,spironolactone,Drug,RxNorm,Ingredient,9997,drug_exposure,66945,9673,7.636980893731249,,1.3477088948787062,4.068919291881875,2.8808617878143994,3.6160714285714284,6.642066420664206,3.024488304093567,1.515243348081702,5.286574195236849,2.8923541247484907
42899937,polyethylene glycol 4000,Drug,RxNorm,Ingredient,1310594,drug_exposure,65540,5588,4.411811147955156,,,,,,,,,42.05705312745355,19.929577464788732
2000000587,albuterol / salbutamol / / Ipratropium bromide / acetylcysteine,Drug,ICUdata,Observable Entity,2000000587,drug_exposure,65395,3564,2.8138323069635245,,,,17.517418589711912,,,,,,
1337720,dobutamine,Drug,RxNorm,Ingredient,3616,drug_exposure,65273,7916,6.249802621190589,,9.173715029277814,4.407995899538698,12.852695557641942,0.9151785714285714,,1.0508040935672514,3.7638644766349474,11.593823606385763,6.99195171026157
1518254,dexamethasone,Drug,RxNorm,Ingredient,3264,drug_exposure,64319,16652,13.147007737249329,,2.63035598103913,7.43208610968734,6.3250481790779265,8.125,15.990159901599016,38.98940058479532,4.188132614097824,7.9560324522376344,7.489939637826962
1318853,nifedipine,Drug,RxNorm,Ingredient,7417,drug_exposure,63865,8044,6.350860571609032,,7.519286179012919,5.957497141505343,6.967435884765528,0.5133928571428571,7.564575645756458,7.556652046783626,0.6364022061943148,0.18319811567652447,1.5895372233400402
1000560,ondansetron,Drug,RxNorm,Ingredient,26225,drug_exposure,63667,21427,16.916942996999843,,17.919881029835487,20.234199424358316,11.459208380688837,0.022321428571428572,,9.845577485380117,14.16449481786775,12.562156503533107,10.789738430583501
19092849,magnesium chloride,Drug,RxNorm,Ingredient,6579,drug_exposure,63370,11776,9.297331438496762,,,0.0039427512518235225,,0.24553571428571427,,,60.027880477604704,18.058099973828842,
711584,levetiracetam,Drug,RxNorm,Ingredient,114477,drug_exposure,60015,3151,2.4877625138165165,,1.2268798215447532,4.751015258447344,1.749271137026239,1.5625,2.1525215252152523,,2.781986787078005,3.533106516618686,2.2183098591549295
35741950,Macrogol cetostearyl ether 22,Drug,RxNorm Extension,Ingredient,OMOP2800098,drug_exposure,58599,4429,3.4967629875256594,,,,21.73247022780056,,,,,,0.05533199195171026
19097867,calcium glubionate,Drug,RxNorm,Ingredient,25806,drug_exposure,58058,14434,11.395862940154744,,,,,,,33.150584795321635,,,35.19114688128773
36029301,sulfamethoxazole / trimethoprim,Drug,RxNorm,Multiple Ingredients,10831,drug_exposure,57471,4536,3.5812411179535766,,1.2547634538525885,3.4025943303237,2.3867173988239365,0.6696428571428571,7.072570725707257,1.2701023391812865,1.5576701618279896,5.208060717089767,3.7072434607645874
766814,quetiapine,Drug,RxNorm,Ingredient,51272,drug_exposure,55044,4167,3.2899099952629087,,5.985686402081978,5.397626463746402,0.2124820872658991,3.8169642857142856,3.874538745387454,4.015899122807017,1.2788653857809564,4.9463491232661605,0.6639839034205232
1353228,vitamin B6,Drug,RxNorm,Ingredient,42954,drug_exposure,52759,3767,2.974103900205274,,0.046472720513058834,0.13799629381382328,16.904679547363738,,,,0.012121946784653616,,
19024063,acenocoumarol,Drug,RxNorm,Ingredient,154,drug_exposure,52193,11359,8.968103584399179,,5.297890138488707,3.1936285139770533,11.385086722340267,0.11160714285714286,3.3825338253382533,1.4254385964912282,3.1577671374022667,1.1253598534415075,2.8621730382293764
19026739,pantothenic acid,Drug,RxNorm,Ingredient,7891,drug_exposure,51765,3702,2.9227854097584083,,,,16.899738103473837,,,,,,
1588986,"insulin human, rDNA origin",Drug,RxNorm,Ingredient,631657,drug_exposure,51018,2464,1.9453655455550292,,,,,,,,,,12.002012072434608
745466,valproate,Drug,RxNorm,Ingredient,40254,drug_exposure,48169,2880,2.2738038844149693,,1.068872571800353,2.180341442258408,3.3848890645846716,0.8482142857142857,0.7995079950799509,1.480263157894737,2.048609006606461,0.9683328971473436,2.6207243460764587
734354,pregabalin,Drug,RxNorm,Ingredient,187832,drug_exposure,48129,2220,1.752723827569872,,1.0781671159029649,2.08177266096282,0.7708652468251223,1.3392857142857142,4.674046740467404,,2.14558458088369,2.015179272441769,0.7997987927565392
19009540,vitamin E,Drug,RxNorm,Ingredient,11256,drug_exposure,47965,3452,2.725406600347387,,0.009294544102611766,,15.644611355438059,,,,0.006060973392326808,,
987245,lactulose,Drug,RxNorm,Ingredient,6218,drug_exposure,47622,5471,4.319437865150797,,0.4182544846175295,1.675669282024997,4.328704847556456,0.8035714285714286,2.091020910209102,,0.9576337959876356,0.6281078251766553,1.0261569416498995
1308216,lisinopril,Drug,RxNorm,Ingredient,29046,drug_exposure,47527,7690,6.071372177483026,,0.17659633794962357,2.3183377360722313,0.7510994712655038,0.44642857142857145,1.6605166051660516,2.6909722222222223,1.103097157403479,0.5495943470295734,5.724346076458753
19118265,succinylated gelatin,Drug,RxNorm,Ingredient,56790,drug_exposure,47103,9600,7.579346281383231,,,,,,,,,,47.203219315895375
1326303,digoxin,Drug,RxNorm,Ingredient,3407,drug_exposure,45397,6934,5.474498657824096,,1.6265452179570592,4.490793675826992,4.388002174235312,1.6741071428571428,4.858548585485855,1.1239035087719298,5.291229771501303,1.9628369536770478,4.386317907444668
1501700,levothyroxine,Drug,RxNorm,Ingredient,10582,drug_exposure,45260,4730,3.7344070740565294,,3.9130030671995537,3.6312739029294643,2.9154518950437316,3.080357142857143,5.535055350553505,3.289473684210526,2.6062185587005273,3.114367966500916,3.651911468812877
19044883,zopiclone,Drug,RxNorm,Ingredient,40001,drug_exposure,45258,6424,5.071845886625612,,0.38107630820708244,0.6229546977881165,,3.4375,11.377613776137762,,18.934480877628946,6.15022245485475,0.14084507042253522
36030773,piperacillin / tazobactam,Drug,RxNorm,Multiple Ingredients,74169,drug_exposure,45044,3168,2.501184272856466,,,,0.12353609724761576,4.441964285714286,1.7220172201722017,,10.04303291108552,1.5702695629416383,
1717240,amphotericin B,Drug,RxNorm,Ingredient,732,drug_exposure,44674,2462,1.943786515079741,,1.431359791802212,0.09068327879194102,2.174235311558037,0.022321428571428572,0.24600246002460024,6.588084795321637,0.07273168070792169,1.7534676786181629,0.45271629778672035
2000000570,selective digestive decontamination - drink,Drug,ICUdata,Observable Entity,2000000570,drug_exposure,44183,1321,1.0429496289278384,,,5.184717896147932,,,,,,,
1567198,"insulin aspart, human",Drug,RxNorm,Ingredient,51428,drug_exposure,44078,3137,2.4767093004894996,,0.5762617343619295,1.9201198596380555,,2.232142857142857,14.022140221402214,,5.727619855748833,,
19020994,nitroprusside,Drug,RxNorm,Ingredient,7476,drug_exposure,43883,2973,2.347228801515869,,,3.485392106611994,7.738301131590651,,,,,,1.9114688128772637
1551099,prednisone,Drug,RxNorm,Ingredient,8640,drug_exposure,42715,3529,2.7861992736459813,,0.018589088205223533,8.094468319993691,,0.044642857142857144,0.12300123001230012,1.2838084795321638,0.9636947693799625,,0.09557344064386318
1551860,pravastatin,Drug,RxNorm,Ingredient,42463,drug_exposure,42663,6979,5.51002684351808,,0.37178176410447067,11.552261167842921,9.176261303552899,0.35714285714285715,1.7220172201722017,,1.381901933450512,22.11462967809474,1.619718309859155
1778162,cefuroxime,Drug,RxNorm,Ingredient,2194,drug_exposure,41980,15552,12.278540975840833,,3.550515847197695,0.09856878129558806,0.7708652468251223,3.392857142857143,28.167281672816728,51.663011695906434,5.842778350203043,0.23554043444124576,3.425553319919517
36028653,"sodium phosphate / sodium phosphate, monobasic",Drug,RxNorm,Multiple Ingredients,1008574,drug_exposure,41933,8029,6.33901784304437,,,,,,,,42.693496575550036,,
37493801,Sodium 1-glycerophosphate,Drug,RxNorm Extension,Ingredient,OMOP4873901,drug_exposure,41902,2541,2.0061582188536238,,2.8906032159122597,8.60702598273075,,,,,,,
2000000585,eye ointment,Drug,ICUdata,Observable Entity,2000000585,drug_exposure,41891,1559,1.230854255487131,,,2.1842841935102313,1.1661807580174928,6.361607142857143,2.5215252152521526,,1.0243045033032305,,
732893,bupivacaine,Drug,RxNorm,Ingredient,1815,drug_exposure,40528,2036,1.6074530238433602,,2.47234873129473,1.9753183771635847,0.8647526807333102,2.9464285714285716,,,0.024243893569307232,5.417429992148652,0.08048289738430583
40241186,ticagrelor,Drug,RxNorm,Ingredient,1116632,drug_exposure,38614,4516,3.5654508132006946,,4.916813830281625,3.840239719276111,0.5386173839996047,1.71875,1.9065190651906518,3.0381944444444446,1.5697921086126432,1.9890081130594086,0.8350100603621731
1124300,diclofenac,Drug,RxNorm,Ingredient,3355,drug_exposure,37455,3659,2.888836254539713,,1.4406543359048238,0.5598706777589402,0.7016850323664575,0.11160714285714286,1.4760147601476015,,1.418267773804473,0.15702695629416383,1.5040241448692153
974166,hydrochlorothiazide,Drug,RxNorm,Ingredient,5487,drug_exposure,36489,5880,4.642349597347229,,0.5204944697462589,5.090091866104167,2.618965261649454,2.8348214285714284,6.826568265682657,1.379751461988304,2.8486574943935996,3.7424757916775713,4.094567404426559
718583,nicotine,Drug,RxNorm,Ingredient,7407,drug_exposure,35069,4063,3.2078004105479234,,1.0874616600055766,4.99152308480858,1.615852151998814,4.0625,4.612546125461255,,5.273046851324323,2.2768908662653757,1.2474849094567404
1195334,choline,Drug,RxNorm,Ingredient,2449,drug_exposure,34920,1831,1.4456024001263224,,,,7.970548994416168,,,,,,
991876,loperamide,Drug,RxNorm,Ingredient,6468,drug_exposure,34236,1639,1.2940154744986578,,0.4554326610279766,0.8043212553719986,0.5583831595592232,0.7142857142857143,3.1365313653136533,,0.7212558336868902,0.6281078251766553,0.28672032193158953
43012293,hydroxyethyl starch 130-0.4,Drug,RxNorm,Ingredient,1363352,drug_exposure,33523,9882,7.801989578398863,,,,40.51983989721797,,,3.874269005847953,,,2.7766599597585513
939871,sodium phosphate,Drug,RxNorm,Ingredient,36709,drug_exposure,33141,10142,8.007263540186326,,,12.183101368134684,12.338785393091861,,,,2.236499181768592,8.767338393090814,
36030040,potassium phosphate / sodium phosphate,Drug,RxNorm,Multiple Ingredients,214794,drug_exposure,32607,8590,6.7819358913627035,,10.632958453387861,4.948152821038521,5.41088105944557,,,22.966922514619885,,,
923645,omeprazole,Drug,RxNorm,Ingredient,7646,drug_exposure,31716,5255,4.148902573819675,,3.6992285528394833,2.3301659898277016,0.6670949251371251,1.9866071428571428,12.177121771217712,,3.1698890841869205,0.3402250719706883,0.5030181086519114
1135766,phenylephrine,Drug,RxNorm,Ingredient,8163,drug_exposure,31636,5443,4.297331438496763,,20.131982526257087,3.1344872451997006,6.152097642931264,2.5223214285714284,,,0.15152433480817018,12.169589112797697,0.2414486921529175
1754994,fluconazole,Drug,RxNorm,Ingredient,4450,drug_exposure,31035,3068,2.4222327490920574,,0.46472720513058835,2.3735362535977607,3.67149281019914,0.7366071428571429,0.6150061500615006,,0.7454997272561974,1.805809997382884,3.7977867203219318
36029420,Bupivacaine / Sufentanil,Drug,RxNorm,Multiple Ingredients,1192824,drug_exposure,30473,2253,1.778777830412127,,7.742355237475602,0.7964357528683516,1.7047981420170975,3.549107142857143,,1.608187134502924,,4.972520282648522,0.025150905432595575
1703687,acyclovir,Drug,RxNorm,Ingredient,281,drug_exposure,30185,2067,1.6319279962103268,,0.6692071753880472,2.401135512360525,1.6553837031180512,0.26785714285714285,0.36900369003690037,1.516812865497076,0.01818292017698042,1.4132426066474746,2.1780684104627768
2000000577,Albumine 20%,Drug,ICUdata,Observable Entity,2000000577,drug_exposure,29490,9131,7.209063634928154,,14.295008829816897,8.248235618814808,3.5034837179423826,4.53125,1.5990159901599017,9.47094298245614,3.7638644766349474,,5.7847082494969815
997881,clindamycin,Drug,RxNorm,Ingredient,2582,drug_exposure,29305,2043,1.6129796305068689,,0.6041453666697648,1.2695659030871742,1.3539556258338687,0.625,1.968019680196802,,1.0606703436571914,1.9628369536770478,1.539235412474849
1728416,penicillin G,Drug,RxNorm,Ingredient,7980,drug_exposure,28506,1285,1.0145270803726512,,0.6970908076958825,0.2799353388794701,2.0605821020902306,0.9598214285714286,,,1.066731317049518,1.1777021722062286,1.0663983903420524
922570,nystatin,Drug,RxNorm,Ingredient,7597,drug_exposure,28415,1302,1.0279488394126006,,0.15800724974440003,0.3903323739305287,0.2124820872658991,0.7142857142857143,3.5670356703567037,,0.6000363658403539,0.2093692750588851,0.07042253521126761
2000000594,selective digestive decontamination - suppository,Drug,ICUdata,Observable Entity,2000000594,drug_exposure,28412,3563,2.8130427917258802,,25.457756297053628,,1.230419528586253,,,2.311769005847953,0.012121946784653616,0.7327924627060979,
1133201,buprenorphine,Drug,RxNorm,Ingredient,1819,drug_exposure,28288,3127,2.4688141481130588,,0.046472720513058834,2.2591964672948786,1.7739783564757623,0.022321428571428572,,,0.4363900842475302,0.10468463752944256,
932745,bumetanide,Drug,RxNorm,Ingredient,1808,drug_exposure,27830,4440,3.505447655139744,,0.49261083743842365,0.5046721602334109,0.2915451895043732,0.42410714285714285,4.612546125461255,,0.4606339778168374,0.2093692750588851,0.6388329979879276
929435,acetazolamide,Drug,RxNorm,Ingredient,167,drug_exposure,27687,4457,3.5188694141796937,,0.4833162933358119,3.820525963016993,5.074862874932055,1.0714285714285714,1.4760147601476015,3.1295687134502925,1.3394751197042245,2.1198639099712118,4.914486921529175
19085688,ketanserin,Drug,RxNorm,Ingredient,6131,drug_exposure,27075,3236,2.554871309016264,,0.4182544846175295,0.03154201001458818,0.627563374017888,,,11.3578216374269,0.41214619067822295,,1.6498993963782695
36030283,calcium carbonate / cholecalciferol,Drug,RxNorm,Multiple Ingredients,608343,drug_exposure,26311,2366,1.8679930522659087,,0.9480434984664002,3.5248196191302292,,2.0535714285714284,3.936039360393604,,,1.2562156503533106,
1510813,rosuvastatin,Drug,RxNorm,Ingredient,301542,drug_exposure,26289,4635,3.659403126480341,,2.4630541871921183,2.01474588968182,0.7362751395957899,9.330357142857142,7.687576875768758,,3.7699254500272743,0.4187385501177702,0.7344064386317908
1502905,insulin glargine,Drug,RxNorm,Ingredient,274783,drug_exposure,25458,2609,2.0598452550134216,,0.34389813179663536,0.619011946536293,0.25201363838513613,0.35714285714285715,4.981549815498155,,0.8727801684950603,0.18319811567652447,0.060362173038229376
1149380,fluticasone,Drug,RxNorm,Ingredient,41126,drug_exposure,25388,1917,1.513500710563714,,0.6877962635932707,0.9423175491858219,0.22730641893561299,0.49107142857142855,1.968019680196802,,0.8727801684950603,0.4187385501177702,4.582494969818914
952004,sevelamer,Drug,RxNorm,Ingredient,214824,drug_exposure,24749,1277,1.0082109584714984,,0.2509526907705177,1.1670543705397627,0.5287344962197954,0.9151785714285714,3.4440344403444034,,1.072792290441845,0.9159905783826223,0.8350100603621731
1303425,tranexamic acid,Drug,RxNorm,Ingredient,10691,drug_exposure,24275,8709,6.87588820464235,,1.4592434241100474,4.482908173323345,6.552354598013539,2.4107142857142856,4.366543665436654,10.380116959064328,1.9940602460755197,2.9311698508243915,11.08148893360161
19003999,mycophenolate mofetil,Drug,RxNorm,Ingredient,68149,drug_exposure,24057,1463,1.1550607926732985,,0.20447997025745887,0.7215234790837046,0.6967435884765528,0.11160714285714286,0.24600246002460024,,1.4303897205891267,3.533106516618686,1.6498993963782695
911891,fiber,Drug,RxNorm,Ingredient,70727,drug_exposure,23909,1171,0.9245223432812253,,,,,,,5.286001461988304,,,
1717704,valacyclovir,Drug,RxNorm,Ingredient,73645,drug_exposure,23655,1072,0.8463603347544607,,0.17659633794962357,1.2340811418207625,0.6572120373573158,0.11160714285714286,,,0.442451057639857,2.172206228735933,0.5482897384305835
744740,zolpidem,Drug,RxNorm,Ingredient,39993,drug_exposure,23301,3271,2.582504342333807,,1.635839762059671,6.304459251665812,0.13341898502742502,0.13392857142857142,1.1070110701107012,3.760051169590643,0.27880477604703313,0.2093692750588851,0.07545271629778671
1301152,melatonin,Drug,RxNorm,Ingredient,6711,drug_exposure,23289,2018,1.5932417495657667,,0.037178176410447066,2.1409139297401727,1.0772347679992094,,0.18450184501845018,1.8777412280701755,0.20001212194678467,0.287882753205967,0.14587525150905434
19010128,vitamin K,Drug,RxNorm,Ingredient,11258,drug_exposure,22795,7070,5.581872730143692,,0.4554326610279766,4.873240547253873,8.079260759994071,,,4.947916666666667,0.5212437117401054,,9.637826961770624
723013,diazepam,Drug,RxNorm,Ingredient,3322,drug_exposure,22759,5029,3.9704721301121113,,0.2230690584626824,0.7530654890982927,1.3045411869348225,0.29017857142857145,1.2915129151291513,15.693530701754385,0.3697193769319353,,0.829979879275654
710062,amitriptyline,Drug,RxNorm,Ingredient,704,drug_exposure,21997,1799,1.4203379125217117,,0.6227344548749884,1.4667034656783504,0.9635815585314029,0.5133928571428571,1.9065190651906518,0.9639985380116959,1.1394629977574398,1.6226118817063595,1.0211267605633803
2000000593,selective digestive decontamination - oral/drink,Drug,ICUdata,Observable Entity,2000000593,drug_exposure,21785,804,0.6347702510658456,,,,,12.299107142857142,,1.0370979532163742,,,
993631,magnesium oxide,Drug,RxNorm,Ingredient,6582,drug_exposure,21425,1267,1.0003158060950577,,,,1.709739585907002,,,,,0.02617115938236064,4.496981891348089
901845,colistin,Drug,RxNorm,Ingredient,2709,drug_exposure,21349,808,0.637928312016422,,0.018589088205223533,0.24050782636123488,0.4447299500914167,,,,1.5637311352203165,0.9159905783826223,0.5835010060362174
1343916,epinephrine,Drug,RxNorm,Ingredient,3992,drug_exposure,20998,3190,2.5185536080846362,,0.28813086718096476,2.278910223553996,5.776547907298513,0.3794642857142857,0.4920049200492005,1.183296783625731,0.30910964300866717,2.1983773881182938,2.7917505030181085
918906,oxybutynin,Drug,RxNorm,Ingredient,32675,drug_exposure,20582,2898,2.288015158692563,,0.594850822567153,4.372511138272286,1.6504422592281465,1.5848214285714286,2.2140221402214024,,1.509182374689375,1.7011253598534415,1.3732394366197183
961047,ranitidine,Drug,RxNorm,Ingredient,9143,drug_exposure,20570,1640,1.2948049897363019,,0.13012361743656473,0.6584394590545283,0.8005139101645501,0.044642857142857144,,,0.9939996363415965,,3.043259557344064
19111620,folic acid,Drug,RxNorm,Ingredient,4511,drug_exposure,20049,2263,1.786672982788568,,0.4554326610279766,1.4272759531601151,0.8746355685131195,1.3392857142857142,4.920049200492005,4.015899122807017,0.1757682283774774,0.8374771002355405,0.613682092555332
1103314,tramadol,Drug,RxNorm,Ingredient,10689,drug_exposure,19834,3213,2.53671245855045,,0.09294544102611767,0.23262232385758783,4.926619558234917,0.022321428571428572,1.5990159901599017,,0.30304866961634036,,0.6438631790744467
797399,gabapentin,Drug,RxNorm,Ingredient,25480,drug_exposure,19661,724,0.5716090320543187,,0.23236360256529418,0.5046721602334109,0.38049117952265654,0.20089285714285715,3.321033210332103,,0.6364022061943148,0.44490970950013087,0.9859154929577465
19006871,argipressin,Drug,RxNorm,Ingredient,1098,drug_exposure,19593,1561,1.232433285962419,,2.137745143600706,1.305050664353586,,0.44642857142857145,0.3075030750307503,0.41118421052631576,2.7516819201163707,7.4849515833551425,
740910,phenytoin,Drug,RxNorm,Ingredient,8183,drug_exposure,19378,1542,1.2174324964471814,,0.0557672646156706,0.2838780901312936,3.098285318970203,0.17857142857142858,0.24600246002460024,1.0599415204678362,0.12728044123886295,0.15702695629416383,2.132796780684105
1714277,voriconazole,Drug,RxNorm,Ingredient,121243,drug_exposure,18972,1237,0.9766303489657351,,0.49261083743842365,1.4943027244411151,0.8054553540544547,0.15625,0.18450184501845018,,0.6727680465482756,1.2562156503533106,1.3179074446680081
715233,baclofen,Drug,RxNorm,Ingredient,1292,drug_exposure,18874,675,0.5329227854097585,,0.07435635282089413,0.5519851752552931,0.321193852843801,0.22321428571428573,0.6765067650676507,,0.5757924722710467,0.49725202826485215,0.5533199195171026
1595799,ferrous fumarate,Drug,RxNorm,Ingredient,24941,drug_exposure,18854,1677,1.3240170535291331,,0.4182544846175295,1.056657335488704,0.7609823590453131,0.8705357142857143,2.5830258302583027,,1.1091581307958058,,0.4426559356136821
19095164,cholecalciferol,Drug,RxNorm,Ingredient,2418,drug_exposure,18664,2402,1.896415600821096,,1.0874616600055766,2.255253716043055,0.45461283787122597,1.2723214285714286,0.24600246002460024,0.9868421052631579,0.3939632705012425,1.884323475529966,0.8450704225352113
902722,tobramycin,Drug,RxNorm,Ingredient,10627,drug_exposure,18427,1439,1.1361124269698406,,0.2695417789757412,0.22473682135394077,0.4051983989721797,,,2.80062134502924,0.5939753924480271,1.4394137660298352,1.9064386317907445
989878,lidocaine,Drug,RxNorm,Ingredient,6387,drug_exposure,18388,10157,8.019106268750987,,3.6062831118133656,5.165004139888814,3.122992538419726,2.544642857142857,6.211562115621156,,2.8547184677859265,0.5234231876472127,0.49798792756539234
1136487,ropivacaine,Drug,RxNorm,Ingredient,35780,drug_exposure,18125,1405,1.1092689088899417,,0.0557672646156706,0.04731301502188227,,0.15625,2.644526445264453,,4.836656767076793,0.15702695629416383,0.6237424547283702
19070174,cefamandole,Drug,RxNorm,Ingredient,2178,drug_exposure,18101,6217,4.908416232433286,,,,28.368829371942482,,,,,,
1103640,methadone,Drug,RxNorm,Ingredient,6813,drug_exposure,17487,774,0.6110847939365229,,0.2509526907705177,0.8240350116311161,0.4743786134308445,0.44642857142857145,0.8610086100861009,,0.6788290199406024,0.575765506411934,0.49798792756539234
19026450,anidulafungin,Drug,RxNorm,Ingredient,341018,drug_exposure,17103,2138,1.687983578083057,,5.297890138488707,2.5509600599298192,0.4595542817611306,1.0714285714285714,1.6605166051660516,,1.2546214922116492,1.7796388380005235,1.0211267605633803
1341927,enalapril,Drug,RxNorm,Ingredient,3827,drug_exposure,16612,2703,2.1340596873519657,,0.14871270564178826,1.5455584907148208,0.39037406730246577,19.174107142857142,4.428044280442805,0.004568713450292397,0.42426813746287656,0.7066213033237373,
905371,methylcellulose,Drug,RxNorm,Ingredient,6873,drug_exposure,16575,2022,1.596399810516343,,17.82693558880937,,0.03459010722933241,,,,0.2181950421237651,,0.005030181086519115
19014202,alfacalcidol,Drug,RxNorm,Ingredient,12062,drug_exposure,16330,1722,1.359545239223117,,0.6227344548749884,1.2222528880652919,0.7955724662746455,0.6026785714285714,3.075030750307503,1.1467470760233918,0.8424753015334263,1.517927244176917,0.9859154929577465
1525340,iomeprol,Drug,RxNorm,Ingredient,2606484,drug_exposure,16212,9947,7.853308068845728,,4.991170183102519,1.9871466309190553,,5.9375,,,10.412752288017456,,
1778262,imipenem,Drug,RxNorm,Ingredient,5690,drug_exposure,15786,616,0.4863413863887573,,,,0.20754064337599445,,,,,0.10468463752944256,2.7464788732394365
2000000592,Soluvit solution,Drug,ICUdata,Observable Entity,2000000592,drug_exposure,15339,1897,1.4977104058108321,,,,7.189800859811236,,,1.3843201754385965,,,
1553610,levocarnitine,Drug,RxNorm,Ingredient,42955,drug_exposure,15326,2584,2.0401073740723197,,0.0836508969235059,0.051255766273705795,,0.022321428571428572,0.12300123001230012,11.581688596491228,0.03030486696163404,0.05234231876472128,0.005030181086519115
781039,alprazolam,Drug,RxNorm,Ingredient,596,drug_exposure,15063,624,0.49265750828991,,0.1394181615391765,0.13405354256199975,0.11859465335771112,0.08928571428571429,0.12300123001230012,,0.14546336141584337,0.05234231876472128,2.1277665995975856
924939,bisacodyl,Drug,RxNorm,Ingredient,1596,drug_exposure,15001,2815,2.2224853939681037,,0.0836508969235059,1.1000275992587627,0.5534417156693185,0.08928571428571429,4.243542435424354,,1.509182374689375,0.654278984559016,0.1659959758551308
793127,magnesium sulfite,Drug,RxNorm,Ingredient,1990883,drug_exposure,14939,5217,4.1189009947891995,,,18.617671411110674,,,,,,,
45775571,glycopyrronium,Drug,RxNorm,Ingredient,1546438,drug_exposure,14890,753,0.5945049739459971,,0.046472720513058834,0.8200922603792927,0.4051983989721797,0.17857142857142858,0.18450184501845018,1.2929459064327486,0.20001212194678467,0.654278984559016,0.02012072434607646
43013024,apixaban,Drug,RxNorm,Ingredient,1364430,drug_exposure,14876,1409,1.112426969840518,,0.31601449948880006,0.47707290147064624,,0.26785714285714285,9.53259532595326,,0.18182920176980424,0.26171159382360637,
907879,miconazole,Drug,RxNorm,Ingredient,6932,drug_exposure,14763,981,0.7745144481288488,,0.06506180871828236,0.6426684540472342,0.5781489351188417,0.42410714285714285,0.5535055350553506,,0.20607309533911147,0.8374771002355405,1.5140845070422535
924566,tamsulosin,Drug,RxNorm,Ingredient,77492,drug_exposure,14614,2231,1.761408495183957,,0.40895994051491774,1.5968142569885266,,2.0982142857142856,4.243542435424354,,0.8606582217104067,0.23554043444124576,0.6991951710261569
1183554,isoproterenol,Drug,RxNorm,Ingredient,6054,drug_exposure,13948,874,0.6900363177009317,,0.7621526164141649,1.5455584907148208,0.01976577555961852,,,,,0.6019366657942947,1.5995975855130784
19053540,iobitridol,Drug,RxNorm,Ingredient,87639,drug_exposure,13913,8810,6.9556292436444025,,0.8550980574402826,10.251153254741158,,,,,0.012121946784653616,,
1373225,perindopril,Drug,RxNorm,Ingredient,54552,drug_exposure,13543,3312,2.6148744670772146,,1.477832512315271,0.3627331151677641,0.20754064337599445,1.0267857142857142,9.53259532595326,,0.472755924601491,0.7066213033237373,0.28672032193158953
950637,tacrolimus,Drug,RxNorm,Ingredient,42316,drug_exposure,12836,1113,0.8787304594978683,,0.09294544102611767,0.8910617829121161,0.4892029451005584,0.22321428571428573,0.6150061500615006,,0.5151827383477786,3.559277676001047,1.4134808853118712
1383815,isosorbide,Drug,RxNorm,Ingredient,6057,drug_exposure,12556,3295,2.601452708037265,,0.21377451436007064,0.7254662303355282,0.4990858328803676,0.4017857142857143,2.275522755227552,,0.6970119401175828,0.10468463752944256,0.5734406438631791
1167322,allopurinol,Drug,RxNorm,Ingredient,519,drug_exposure,12419,1640,1.2948049897363019,,0.4182544846175295,1.3641919331309387,0.7115679201462667,2.0535714285714284,3.8130381303813037,,1.0485483968725378,0.49725202826485215,0.5985915492957746
1338005,bisoprolol,Drug,RxNorm,Ingredient,19484,drug_exposure,12383,2598,2.0511605873993366,,0.4461381169253648,0.8634625241493514,0.6621534812472204,0.49107142857142855,5.043050430504305,,0.9636947693799625,0.10468463752944256,0.22635814889336017
1367500,losartan,Drug,RxNorm,Ingredient,52175,drug_exposure,12380,2372,1.8727301436917732,,0.23236360256529418,0.8831762804084691,0.4743786134308445,0.35714285714285715,3.874538745387454,,0.6727680465482756,0.8898194190002617,1.1468812877263581
1112807,aspirin,Drug,RxNorm,Ingredient,1191,drug_exposure,12300,3569,2.817779883151745,,0.18589088205223533,0.03154201001458818,,0.24553571428571427,0.3075030750307503,,7.164070549730287,0.5234231876472127,
939259,budesonide,Drug,RxNorm,Ingredient,19831,drug_exposure,12291,806,0.6363492815411338,,0.9387489543637885,0.4731301502188227,0.46943716954093984,0.20089285714285715,0.3075030750307503,,0.757621674040851,0.10468463752944256,0.8098591549295775
1201620,codeine,Drug,RxNorm,Ingredient,2670,drug_exposure,12110,956,0.7547765671877468,,0.1115345292313412,0.5480424240034696,0.321193852843801,0.22321428571428573,1.4145141451414514,,0.2181950421237651,0.10468463752944256,0.060362173038229376
1106776,tiotropium,Drug,RxNorm,Ingredient,69120,drug_exposure,12006,1807,1.4266540344228644,,0.46472720513058835,1.2616804005835272,0.5435588278895093,0.49107142857142855,4.858548585485855,,1.515243348081702,0.23554043444124576,0.1659959758551308
19010696,zinc,Drug,RxNorm,Ingredient,11416,drug_exposure,11991,306,0.24159166271909047,,,,,,,,,,1.5191146881287727
1353766,propranolol,Drug,RxNorm,Ingredient,8787,drug_exposure,11693,616,0.4863413863887573,,0.0557672646156706,0.536214170247999,0.27177941394475463,0.06696428571428571,0.5535055350553506,,0.48487787138614463,0.2093692750588851,0.3420523138832998
45892419,gentamicin,Drug,RxNorm,Ingredient,1596450,drug_exposure,11580,5494,4.337596715616612,,1.1339343805186355,3.012261956393171,10.001482433166972,0.42410714285714285,3.321033210332103,,0.41820716407054975,0.5495943470295734,3.23943661971831
19059796,gliclazide,Drug,RxNorm,Ingredient,4816,drug_exposure,11529,1727,1.3634928154113375,,0.2695417789757412,0.42975988644876395,,0.625,4.612546125461255,,0.5636705254863931,,0.060362173038229376
1763204,rifampin,Drug,RxNorm,Ingredient,9384,drug_exposure,11522,795,0.6276646139270488,,0.2974254112835765,0.2483933288648819,0.6868607006967435,0.26785714285714285,0.7995079950799509,,0.7151948602945634,0.3925673907354096,0.6086519114688129
19071236,lactitol,Drug,RxNorm,Ingredient,28395,drug_exposure,11484,1516,1.1969051002684352,,,,,5.825892857142857,0.7380073800738007,,5.800351536456755,,
1526475,ezetimibe,Drug,RxNorm,Ingredient,341248,drug_exposure,11471,1980,1.5632401705352914,,0.8550980574402826,1.510073729448409,0.4101398428620843,5.089285714285714,5.9655596555965555,,0.9818776895569429,0.575765506411934,0.26156941649899396
988095,ursodeoxycholate,Drug,RxNorm,Ingredient,62427,drug_exposure,11314,403,0.3181746407705669,,0.10223998512872944,0.5480424240034696,0.1976577555961852,0.06696428571428571,0.18450184501845018,,0.30304866961634036,0.44490970950013087,0.12072434607645875
994058,mannitol,Drug,RxNorm,Ingredient,6628,drug_exposure,11232,1050,0.8289909995262909,,0.037178176410447066,0.7530654890982927,1.6504422592281465,0.13392857142857142,,,0.12121946784653616,,1.2977867203219315
966282,selenium,Drug,RxNorm,Ingredient,9641,drug_exposure,11074,3044,2.4032843833885993,,,,,,,13.856907894736842,,,
40241331,rivaroxaban,Drug,RxNorm,Ingredient,1114195,drug_exposure,11061,1719,1.3571766935101848,,0.38107630820708244,0.6978669715727635,,0.44642857142857145,2.091020910209102,,0.10909752106188254,0.26171159382360637,
19060985,glutamine,Drug,RxNorm,Ingredient,4885,drug_exposure,10867,645,0.5092373282804358,,1.5335997769309415,,,,,1.9828216374269005,,,0.2012072434607646
1522957,octreotide,Drug,RxNorm,Ingredient,7617,drug_exposure,10730,809,0.638717827254066,,0.678501719490659,0.46524464771517565,1.1711222019073972,1.0491071428571428,0.3075030750307503,,0.21213406873143828,0.49725202826485215,0.3822937625754527
778784,fluticasone / salmeterol,Drug,RxNorm,Multiple Ingredients,284635,drug_exposure,10656,924,0.7295120795831359,,0.4275490287201413,0.792493001616528,,0.42410714285714285,1.6605166051660516,,0.6667070731559488,0.13085579691180318,
1101554,colchicine,Drug,RxNorm,Ingredient,2683,drug_exposure,10462,975,0.7697773567029844,,0.14871270564178826,0.7254662303355282,0.30636952117408706,0.29017857142857145,1.3530135301353015,,0.3394145099703012,0.5495943470295734,0.2766599597585513
1315865,fondaparinux,Drug,RxNorm,Ingredient,321208,drug_exposure,10317,2563,2.023527554081794,,0.2509526907705177,0.8713480266529985,0.39037406730246577,,,2.0513523391812867,0.6485241529789684,0.05234231876472128,0.6841046277665996
19050488,etomidate,Drug,RxNorm,Ingredient,4177,drug_exposure,10267,7304,5.766619295752408,,2.2585742169346594,0.8989472854157631,13.203538073825172,1.4508928571428572,1.1070110701107012,10.800438596491228,0.012121946784653616,3.114367966500916,5.392354124748491
19035704,calcium carbonate,Drug,RxNorm,Ingredient,1897,drug_exposure,10264,830,0.6552976472445918,,0.037178176410447066,0.9778023104522335,,0.17857142857142858,0.8610086100861009,,0.18789017516213105,1.596440722323999,1.0362173038229376
740275,carbamazepine,Drug,RxNorm,Ingredient,2002,drug_exposure,10238,633,0.49976314542870676,,0.278836323078353,0.41793163269329336,0.4892029451005584,0.13392857142857142,0.12300123001230012,,0.48487787138614463,0.3402250719706883,1.1066398390342052
1363053,doxazosin,Drug,RxNorm,Ingredient,49276,drug_exposure,10219,1898,1.4984999210484762,,1.1618180128264708,1.2892796593462919,1.3341898502742502,0.9821428571428571,1.9065190651906518,1.5213815789473684,0.3212315897933208,0.2093692750588851,0.7243460764587525
1307863,verapamil,Drug,RxNorm,Ingredient,11170,drug_exposure,10174,1429,1.1282172745933996,,0.10223998512872944,0.619011946536293,0.7412165834856945,0.3125,0.18450184501845018,,0.40002424389356933,0.13085579691180318,0.43762575452716296
45775570,polystyrene sulfonate,Drug,RxNorm,Ingredient,1546437,drug_exposure,10124,2447,1.9319437865150797,,1.2640579979552002,2.3459369948349957,0.49414438899046303,0.08928571428571429,,,0.6788290199406024,2.9049986914420307,4.627766599597585
36879118,human platelets,Drug,RxNorm Extension,Ingredient,OMOP1003896,drug_exposure,10047,4529,3.5757145112900677,,,,10.40668083213915,1.9866071428571428,,,,10.206752159120649,8.209255533199196
798874,clonazepam,Drug,RxNorm,Ingredient,2598,drug_exposure,9632,1291,1.0192641717985158,,0.2230690584626824,0.701809722824587,2.27306418935613,0.06696428571428571,0.3075030750307503,,0.24849990908539912,0.18319811567652447,1.9919517102615694
785788,olanzapine,Drug,RxNorm,Ingredient,61381,drug_exposure,9346,747,0.5897678825201327,,0.4275490287201413,0.5401569214998225,0.3014280772841824,0.3794642857142857,0.6150061500615006,,0.6242802594096611,0.287882753205967,0.6639839034205232
725131,mirtazapine,Drug,RxNorm,Ingredient,15996,drug_exposure,9306,797,0.6292436444023369,,0.3624872200018589,0.603240941528999,0.7165093640361714,0.26785714285714285,0.7380073800738007,,0.4788168979938178,0.26171159382360637,0.4074446680080483
1197677,clemastine,Drug,RxNorm,Ingredient,2578,drug_exposure,9215,2646,2.089057318806253,,0.4740217492332001,1.7821235658242323,1.828334239264713,0.5803571428571429,2.952029520295203,1.2198464912280702,0.7939875143948119,0.8898194190002617,1.4788732394366197
717136,neostigmine,Drug,RxNorm,Ingredient,7315,drug_exposure,9203,1582,1.2490131059529448,,1.8960869969328005,0.09462603004376453,0.2767208578346593,0.044642857142857144,0.06150061500615006,5.12609649122807,0.03030486696163404,,0.5432595573440644
19088795,phenethicillin,Drug,RxNorm,Ingredient,33277,drug_exposure,8850,380,0.3000157903047529,,0.07435635282089413,0.18530930883570557,0.22236497504570835,0.20089285714285715,0.12300123001230012,,0.09091460088490212,0.07851347814708191,0.05030181086519115
2000000572,selective digestive decontamination - tracheostomy,Drug,ICUdata,Observable Entity,2000000572,drug_exposure,8757,190,0.15000789515237645,,,,,,,,,,0.9406438631790744
920293,nitrofurantoin,Drug,RxNorm,Ingredient,7454,drug_exposure,8218,1065,0.8408337280909521,,0.12082907333395297,0.3154201001458818,,0.06696428571428571,0.922509225092251,,0.5091217649554518,0.02617115938236064,0.12575452716297786
797617,citalopram,Drug,RxNorm,Ingredient,2556,drug_exposure,8213,871,0.6876677719879993,,0.7528580723115531,0.62689744903994,0.3656668478529426,0.8482142857142857,1.5990159901599017,,0.6242802594096611,0.6281078251766553,0.829979879275654
789578,levodopa,Drug,RxNorm,Ingredient,6375,drug_exposure,8083,164,0.1294804989736302,,0.38107630820708244,0.40610337893782283,,,,,,0.23554043444124576,
1314002,atenolol,Drug,RxNorm,Ingredient,1202,drug_exposure,8075,1329,1.049265750828991,,0.0278836323078353,0.22079407010211727,,0.06696428571428571,0.12300123001230012,,1.891023698405964,0.15702695629416383,2.162977867203219
36030143,budesonide / formoterol,Drug,RxNorm,Multiple Ingredients,389132,drug_exposure,7918,635,0.501342175903995,,0.40895994051491774,0.48495840397429324,0.24213075060532688,0.44642857142857145,1.4145141451414514,,0.5515485787017395,0.07851347814708191,
1506270,methylprednisolone,Drug,RxNorm,Ingredient,6902,drug_exposure,7625,1476,1.1653244907626716,,0.20447997025745887,1.916177108386232,1.4478430597420566,0.3794642857142857,1.7220172201722017,,0.5818534456633735,1.7534676786181629,0.9406438631790744
36030368,Fenoterol / Ipratropium,Drug,RxNorm,Multiple Ingredients,687342,drug_exposure,7552,378,0.2984367598294647,,,,,7.075892857142857,3.259532595325953,,,0.07851347814708191,
722031,paroxetine,Drug,RxNorm,Ingredient,32937,drug_exposure,7454,868,0.6852992262750671,,0.594850822567153,0.7215234790837046,0.7016850323664575,0.8258928571428571,0.6765067650676507,,0.7515607006485242,0.4187385501177702,0.528169014084507
902427,timolol,Drug,RxNorm,Ingredient,10600,drug_exposure,7398,498,0.39317858834675506,,0.5390835579514824,0.6899814690691164,0.20754064337599445,0.06696428571428571,0.18450184501845018,,0.12121946784653616,0.4710808688824915,0.1710261569416499
36030181,Bupivacaine / Fentanyl,Drug,RxNorm,Multiple Ingredients,404781,drug_exposure,7358,977,0.7713563871782726,,,,3.7209072490981865,,,,,,0.8350100603621731
1331270,dipyridamole,Drug,RxNorm,Ingredient,3521,drug_exposure,7089,783,0.6181904310753198,,0.1951854261548471,0.18530930883570557,0.9685230024213075,0.044642857142857144,0.12300123001230012,,0.4666949512091642,0.05234231876472128,1.2877263581488934
36879068,sodium hypochlorite diluted,Drug,RxNorm Extension,Ingredient,OMOP997158,drug_exposure,7087,277,0.21869572082741198,,,0.41793163269329336,0.3261352967337056,0.044642857142857144,,,0.012121946784653616,0.10468463752944256,
1115008,naproxen,Drug,RxNorm,Ingredient,7258,drug_exposure,7068,1061,0.8376756671403758,,0.17659633794962357,0.0709695225328234,,1.1830357142857142,12.361623616236162,,0.20001212194678467,,0.12575452716297786
36029214,ropivacaine / Sufentanil,Drug,RxNorm,Multiple Ingredients,1014118,drug_exposure,7065,663,0.5234486025580294,,,,,,,,3.497181647372568,,
1746114,piperacillin,Drug,RxNorm,Ingredient,8339,drug_exposure,6948,430,0.3394915521869572,,0.0836508969235059,0.01971375625911761,0.00494144388990463,,,,0.03030486696163404,1.5702695629416383,1.6398390342052314
1153013,promethazine,Drug,RxNorm,Ingredient,8745,drug_exposure,6819,2729,2.154587083530712,,0.17659633794962357,0.27204983637582303,0.6670949251371251,0.15625,0.8610086100861009,1.7406798245614035,0.29092672283168675,0.18319811567652447,0.24647887323943662
1346823,carvedilol,Drug,RxNorm,Ingredient,20352,drug_exposure,6700,584,0.46107689878414654,,0.06506180871828236,0.3509048614122935,0.26683797005485005,0.11160714285714286,0.7995079950799509,,0.2242560155160919,0.18319811567652447,0.3722334004024145
759740,pyridostigmine,Drug,RxNorm,Ingredient,9000,drug_exposure,6552,157,0.12395389231012159,,0.0836508969235059,0.1577100500729409,0.11859465335771112,0.15625,0.6150061500615006,,0.14546336141584337,0.23554043444124576,0.09054325955734406
923081,ofloxacin,Drug,RxNorm,Ingredient,7623,drug_exposure,6531,186,0.1468498342018001,,0.037178176410447066,0.22079407010211727,0.04447299500914167,0.022321428571428572,,,0.13940238802351657,0.15702695629416383,0.21629778672032193
1799139,oseltamivir,Drug,RxNorm,Ingredient,260101,drug_exposure,6492,1253,0.9892625927680404,,0.0278836323078353,1.411504948152821,1.828334239264713,0.29017857142857145,1.045510455104551,1.0051169590643274,0.6242802594096611,0.287882753205967,0.2716297786720322
743670,venlafaxine,Drug,RxNorm,Ingredient,39786,drug_exposure,6444,678,0.5352913311226907,,0.5297890138488707,0.5440996727516461,0.5237930523298908,0.46875,0.922509225092251,,0.5454876053094126,0.4710808688824915,0.32696177062374243
19132965,Plantago seed,Drug,RxNorm,Ingredient,82088,drug_exposure,6215,558,0.44054950260540027,,0.0278836323078353,0.37061861767141113,,0.022321428571428572,0.06150061500615006,,0.3272925631856476,0.15702695629416383,
1757803,ganciclovir,Drug,RxNorm,Ingredient,4678,drug_exposure,6142,582,0.45949786830885836,,0.018589088205223533,0.01971375625911761,0.3656668478529426,0.022321428571428572,,1.4482821637426901,,1.4917560847945563,0.47283702213279677
36029153,aluminum oxide / magnesium hydroxide,Drug,RxNorm,Multiple Ingredients,1009101,drug_exposure,6114,735,0.5802936996684036,,,0.5992981902771755,,,,,,,
1036228,sucralfate,Drug,RxNorm,Ingredient,10156,drug_exposure,6081,378,0.2984367598294647,,0.0836508969235059,0.19713756259117612,0.0988288777980926,0.17857142857142858,,,0.157585308200497,0.10468463752944256,0.39738430583501005
1328165,diltiazem,Drug,RxNorm,Ingredient,3443,drug_exposure,5867,792,0.6252960682141165,,0.0836508969235059,0.2602215826203525,0.19271631170628056,0.044642857142857144,0.43050430504305043,,1.5879750287896237,0.10468463752944256,0.2766599597585513
1308368,midodrine,Drug,RxNorm,Ingredient,6963,drug_exposure,5807,194,0.15316595610295278,,0.009294544102611766,0.264164333872176,0.0494144388990463,0.8928571428571429,,,0.19395114855445786,0.2093692750588851,0.08048289738430583
1517070,desmopressin,Drug,RxNorm,Ingredient,3251,drug_exposure,5797,1961,1.5482393810200537,,0.49261083743842365,0.6860387178172929,1.7986855759252853,0.44642857142857145,0.06150061500615006,1.3066520467836258,2.054669979998788,1.9366657942946872,2.3641851106639837
932196,cisapride,Drug,RxNorm,Ingredient,35255,drug_exposure,5787,370,0.292120637928312,,,,0.8449869051736918,,,,,,0.02012072434607646
1308842,valsartan,Drug,RxNorm,Ingredient,69749,drug_exposure,5781,1008,0.7958313595452392,,0.07435635282089413,0.15376729882111737,,0.17857142857142858,1.5990159901599017,,0.6788290199406024,0.31405391258832765,0.4879275653923541
19031397,dipyrone,Drug,RxNorm,Ingredient,3523,drug_exposure,5768,697,0.5502921206379283,,,,,,,,2.139523607491363,4.7108086888249145,
965748,scopolamine,Drug,RxNorm,Ingredient,9601,drug_exposure,5643,1126,0.8889941575872414,,0.0836508969235059,2.397192761108702,0.9586401146414982,0.11160714285714286,0.24600246002460024,,0.3939632705012425,0.10468463752944256,0.3873239436619718
1742253,levofloxacin,Drug,RxNorm,Ingredient,82122,drug_exposure,5525,683,0.5392389073109111,,0.009294544102611766,0.2129085675984702,0.07412165834856946,0.044642857142857144,0.06150061500615006,,0.12121946784653616,0.05234231876472128,2.6156941649899395
19009405,vitamin D,Drug,RxNorm,Ingredient,11253,drug_exposure,5447,1009,0.7966208747828833,,0.15800724974440003,0.264164333872176,0.02470721944952315,0.7589285714285714,9.102091020910208,,1.666767682889872,,
1344992,iloprost,Drug,RxNorm,Ingredient,40138,drug_exposure,5445,240,0.18948365703458075,,,0.6150691952844695,0.20754064337599445,0.7142857142857143,,,0.03636584035396084,,
1738521,doxycycline,Drug,RxNorm,Ingredient,3640,drug_exposure,5436,901,0.711353229117322,,0.2695417789757412,0.3035918463904112,0.20259919948608984,0.33482142857142855,0.7995079950799509,1.804641812865497,0.3394145099703012,0.49725202826485215,0.23138832997987926
40234201,butylscopolamine,Drug,RxNorm,Ingredient,1085787,drug_exposure,5135,1646,1.2995420811621665,,0.10223998512872944,0.5756416827662343,0.8054553540544547,0.22321428571428573,0.8610086100861009,1.2792397660818713,0.24243893569307232,,2.308853118712274
19037833,domperidone,Drug,RxNorm,Ingredient,3626,drug_exposure,5133,388,0.30633191220590555,,0.009294544102611766,0.14982454756929386,0.27177941394475463,0.044642857142857144,0.3075030750307503,,0.09091460088490212,0.13085579691180318,0.12072434607645875
19091621,"insulin, protamine zinc, human",Drug,RxNorm,Ingredient,236646,drug_exposure,5098,467,0.3687036159797884,,0.009294544102611766,0.10251153254741159,0.08400454612837871,,,,,,
19044522,zinc sulfate,Drug,RxNorm,Ingredient,39954,drug_exposure,5058,337,0.26606663508605716,,,0.011828253755470567,,,,1.4665570175438596,0.01818292017698042,,
19010482,cyclosporine,Drug,RxNorm,Ingredient,3008,drug_exposure,5040,263,0.20764250750039476,,0.09294544102611767,0.20502306509482318,0.44967139398132133,,,,0.07273168070792169,0.23554043444124576,0.015090543259557344
19054702,fibrinogen,Drug,RxNorm,Ingredient,4385,drug_exposure,4895,3209,2.5335543975998736,,4.591504786690213,1.9989748846745259,0.9734644463112121,1.1607142857142858,0.43050430504305043,2.2569444444444446,2.551669798169586,2.8788275320596703,0.2665995975855131
1347384,irbesartan,Drug,RxNorm,Ingredient,83818,drug_exposure,4856,962,0.7595136586136112,,0.26024723487312945,0.34301935890864643,,0.13392857142857142,4.428044280442805,,0.20607309533911147,0.2093692750588851,0.22132796780684105
1704139,posaconazole,Drug,RxNorm,Ingredient,282446,drug_exposure,4781,252,0.1989578398863098,,0.06506180871828236,0.32330560264952884,0.11365320946780649,,,,0.06060973392326808,0.287882753205967,0.05533199195171026
1531601,"insulin aspart protamine, human",Drug,RxNorm,Ingredient,352385,drug_exposure,4751,339,0.26764566556134534,,0.12082907333395297,0.03942751251823522,,0.044642857142857144,0.43050430504305043,,0.10909752106188254,,
19003206,iopromide,Drug,RxNorm,Ingredient,27781,drug_exposure,4747,2935,2.317227222485394,,0.5483781020540942,4.033434530615463,,,,,0.024243893569307232,,
1502855,tolbutamide,Drug,RxNorm,Ingredient,10635,drug_exposure,4730,553,0.4366019264171799,,0.07435635282089413,0.10251153254741159,0.22730641893561299,0.044642857142857144,0.36900369003690037,,0.19395114855445786,,0.1358148893360161
1373928,hydralazine,Drug,RxNorm,Ingredient,5470,drug_exposure,4714,326,0.25738196747197223,,,0.0709695225328234,,,,,1.1879507848960542,,0.01006036217303823
19078399,teicoplanin,Drug,RxNorm,Ingredient,57021,drug_exposure,4598,785,0.619769461550608,,,0.01971375625911761,0.08400454612837871,,,,2.872901387962907,0.02617115938236064,
1304850,filgrastim,Drug,RxNorm,Ingredient,68442,drug_exposure,4596,490,0.3868624664456024,,0.06506180871828236,0.5638134290107637,0.5336759401097001,,,,0.12728044123886295,0.26171159382360637,0.3722334004024145
43013090,isoprene,Drug,RxNorm,Ingredient,1364275,drug_exposure,4542,795,0.6276646139270488,,,,1.8481000148243316,0.044642857142857144,,1.79093567251462,,,
43526717,glyceryl phosphate,Drug,RxNorm,Ingredient,1423803,drug_exposure,4537,2091,1.650876361913785,,0.24165814666790594,,,,,0.8589181286549707,,0.02617115938236064,9.235412474849095
36029225,carbidopa / levodopa,Drug,RxNorm,Multiple Ingredients,103990,drug_exposure,4526,149,0.11763777040896889,,,,0.1976577555961852,0.26785714285714285,0.18450184501845018,,0.1636462815928238,0.15702695629416383,0.2665995975855131
1316262,sildenafil,Drug,RxNorm,Ingredient,136411,drug_exposure,4501,279,0.22027475130270013,,0.046472720513058834,0.16953830382841145,0.5633246034491278,0.044642857142857144,0.06150061500615006,,0.09091460088490212,0.575765506411934,0.2062374245472837
914335,atropine,Drug,RxNorm,Ingredient,1223,drug_exposure,4469,1735,1.3698089373124902,,0.24165814666790594,0.6860387178172929,2.9352176706033504,0.24553571428571427,2.337023370233702,1.33406432748538,0.29698769622401355,0.6019366657942947,1.1619718309859155
778939,sacubitril / valsartan,Drug,RxNorm,Multiple Ingredients,1656339,drug_exposure,4447,449,0.35449234170219485,,0.09294544102611767,0.12222528880652919,,0.20089285714285715,1.7835178351783518,,0.13940238802351657,0.07851347814708191,
954688,latanoprost,Drug,RxNorm,Ingredient,43611,drug_exposure,4429,476,0.3758092531185852,,0.278836323078353,0.4337026377005875,0.26683797005485005,0.13392857142857142,0.7380073800738007,,0.4545730044245106,0.3402250719706883,0.22132796780684105
990028,lanthanum carbonate,Drug,RxNorm,Ingredient,234416,drug_exposure,4413,199,0.15711353229117322,,0.0836508969235059,0.16953830382841145,,0.06696428571428571,0.24600246002460024,,0.20001212194678467,0.15702695629416383,
2000000591,Fresh frozen plasma,Drug,ICUdata,Observable Entity,2000000591,drug_exposure,4390,1246,0.9837359861045318,,,,0.08400454612837871,2.299107142857143,,5.034722222222222,,0.13085579691180318,
1777087,hydroxychloroquine,Drug,RxNorm,Ingredient,5521,drug_exposure,4344,284,0.22422232749092058,,0.10223998512872944,0.25627883136852897,,0.06696428571428571,0.43050430504305043,,0.40002424389356933,0.18319811567652447,0.09557344064386318
1177480,ibuprofen,Drug,RxNorm,Ingredient,5640,drug_exposure,4292,485,0.38291489025738196,,0.1394181615391765,0.09068327879194102,,0.044642857142857144,0.5535055350553506,,0.11515849445420935,0.10468463752944256,0.13078470824949698
721724,nortriptyline,Drug,RxNorm,Ingredient,7531,drug_exposure,4247,397,0.31343754934470236,,0.2230690584626824,0.3509048614122935,0.11365320946780649,0.42410714285714285,0.7380073800738007,,0.3879022971089157,0.44490970950013087,0.11066398390342053
1363749,fosinopril,Drug,RxNorm,Ingredient,50166,drug_exposure,4235,1217,0.9608400442128533,,0.018589088205223533,0.20502306509482318,,0.022321428571428572,0.18450184501845018,,0.3212315897933208,3.27139492279508,0.4879275653923541
800878,clozapine,Drug,RxNorm,Ingredient,2626,drug_exposure,4206,324,0.25580293699668405,,0.10223998512872944,0.22079407010211727,0.46943716954093984,0.08928571428571429,0.06150061500615006,,0.11515849445420935,0.05234231876472128,0.30181086519114686
36861661,HUMAN PLASMA,Drug,RxNorm Extension,Ingredient,OMOP5179278,drug_exposure,4099,1620,1.27901468498342,,,,,,,4.258040935672515,,17.796388380005233,
1387426,folate,Drug,RxNorm,Ingredient,62356,drug_exposure,4048,580,0.4579188378335702,,0.35319267589924713,,,,,,1.5637311352203165,,
44785829,dapagliflozin,Drug,RxNorm,Ingredient,1488564,drug_exposure,4034,656,0.5179219958945208,,0.15800724974440003,0.3035918463904112,,0.35714285714285715,2.1525215252152523,,0.0787926541002485,0.7066213033237373,
1196677,formoterol,Drug,RxNorm,Ingredient,25255,drug_exposure,4032,394,0.3110690036317701,,0.037178176410447066,0.12616804005835272,,0.29017857142857145,1.045510455104551,,0.6000363658403539,0.6019366657942947,
1334456,ramipril,Drug,RxNorm,Ingredient,35296,drug_exposure,3906,767,0.6055581872730144,,0.0557672646156706,0.051255766273705795,,0.022321428571428572,,,1.9031456451906177,0.07851347814708191,
19087394,lacosamide,Drug,RxNorm,Ingredient,623400,drug_exposure,3854,187,0.14763934943944418,,0.13012361743656473,0.20502306509482318,0.01482433166971389,0.15625,0.36900369003690037,,0.20001212194678467,0.4187385501177702,0.09557344064386318
1102527,meperidine,Drug,RxNorm,Ingredient,6754,drug_exposure,3784,2327,1.8372019579977894,,0.17659633794962357,1.5889287544848796,6.829075455848199,0.022321428571428572,,1.1787280701754386,0.7091338869022366,0.23554043444124576,0.1358148893360161
36030364,dextran 70 / hypromellose,Drug,RxNorm,Multiple Ingredients,687306,drug_exposure,3652,511,0.40344228643612823,,4.3126684636118595,,,,,,,0.13085579691180318,
1351557,candesartan,Drug,RxNorm,Ingredient,214354,drug_exposure,3648,696,0.5495026054002842,,0.14871270564178826,0.2838780901312936,,0.24553571428571427,0.7380073800738007,,0.13940238802351657,0.18319811567652447,0.14587525150905434
705103,lamotrigine,Drug,RxNorm,Ingredient,28439,drug_exposure,3490,306,0.24159166271909047,,0.14871270564178826,0.2129085675984702,0.19271631170628056,0.20089285714285715,,,0.18789017516213105,0.7589636220884585,0.46277665995975853
19014878,azathioprine,Drug,RxNorm,Ingredient,1256,drug_exposure,3490,345,0.2723827569872099,,0.0836508969235059,0.25233608011670544,0.4150812867519889,0.022321428571428572,,,0.2242560155160919,0.36639623135304894,0.18108651911468812
1149196,cetirizine,Drug,RxNorm,Ingredient,20610,drug_exposure,3449,420,0.33159639981051636,,0.037178176410447066,0.4613018964633521,,0.06696428571428571,1.2300123001230012,,0.2181950421237651,0.05234231876472128,0.04527162977867203
1322207,argatroban,Drug,RxNorm,Ingredient,15202,drug_exposure,3427,53,0.04184430759513658,,,,,,,,0.12728044123886295,0.05234231876472128,0.08551307847082495
739138,sertraline,Drug,RxNorm,Ingredient,36437,drug_exposure,3368,329,0.25975051318490444,,0.17659633794962357,0.3390766076568229,0.10377032168799723,0.3125,1.2300123001230012,,0.30910964300866717,0.3402250719706883,0.14084507042253522
19095309,cholestyramine resin,Drug,RxNorm,Ingredient,2447,drug_exposure,3361,199,0.15711353229117322,,0.07435635282089413,0.1419390450656468,0.05929732667885556,0.11160714285714286,0.24600246002460024,,0.0787926541002485,,0.07545271629778671
1309799,eplerenone,Drug,RxNorm,Ingredient,298869,drug_exposure,3358,553,0.4366019264171799,,0.09294544102611767,0.13799629381382328,,0.044642857142857144,0.24600246002460024,,0.3333535365779744,0.18319811567652447,0.015090543259557344
902938,ciclesonide,Drug,RxNorm,Ingredient,274964,drug_exposure,3337,342,0.2700142112742776,,0.17659633794962357,0.2602215826203525,,0.17857142857142858,0.18450184501845018,,0.3757803503242621,0.18319811567652447,
1347450,alteplase,Drug,RxNorm,Ingredient,8410,drug_exposure,3281,710,0.5605558187273014,,1.515010688725718,0.25233608011670544,0.3459010722933241,0.9151785714285714,0.7995079950799509,,0.3333535365779744,0.23554043444124576,0.24647887323943662
990069,chloramphenicol,Drug,RxNorm,Ingredient,2348,drug_exposure,3255,166,0.13105952944891835,,0.018589088205223533,0.11433978630288215,0.25695508227504077,0.022321428571428572,,,0.10303654766955574,0.31405391258832765,0.07545271629778671
36854954,IOXITALAMIC ACID,Drug,RxNorm Extension,Ingredient,OMOP5172571,drug_exposure,3196,1893,1.4945523448602558,,1.2082907333395296,1.5297874857075267,,,,2.709247076023392,0.8061094611794655,0.02617115938236064,
36027407,docusate / sorbitol,Drug,RxNorm,Multiple Ingredients,1007281,drug_exposure,3167,1637,1.2924364440233695,,7.017380797471884,,,,,,0.024243893569307232,,
46234437,ivabradine,Drug,RxNorm,Ingredient,1649480,drug_exposure,3160,209,0.1650086846676141,,0.037178176410447066,0.1577100500729409,,0.11160714285714286,0.5535055350553506,,0.11515849445420935,0.07851347814708191,0.030181086519114688
45892847,edoxaban,Drug,RxNorm,Ingredient,1599538,drug_exposure,3153,400,0.31580609505763463,,0.0278836323078353,0.18136655758388204,,0.044642857142857144,,,0.05454876053094127,,
1716903,moxifloxacin,Drug,RxNorm,Ingredient,139462,drug_exposure,3122,346,0.27317227222485396,,0.07435635282089413,0.4691873989669992,0.1976577555961852,0.022321428571428572,,,0.2606218558700527,,0.030181086519114688
19055217,carbomer,Drug,RxNorm,Ingredient,235535,drug_exposure,3116,120,0.09474182851729038,,,,0.19271631170628056,,,,,0.5495943470295734,0.30181086519114686
19044727,vitamin K1,Drug,RxNorm,Ingredient,8308,drug_exposure,3111,1234,0.9742618032528028,,1.189701645134306,0.01971375625911761,,0.5580357142857143,2.7675276752767526,,2.763803866901024,1.8581523161476052,
705944,methylphenidate,Drug,RxNorm,Ingredient,6901,drug_exposure,3090,207,0.1634296541923259,,0.14871270564178826,0.14982454756929386,0.05929732667885556,0.06696428571428571,0.12300123001230012,,0.1636462815928238,0.3402250719706883,0.2414486921529175
19067971,magnesium gluconate,Drug,RxNorm,Ingredient,52358,drug_exposure,3070,284,0.22422232749092058,,0.0278836323078353,0.08279777628829398,,0.13392857142857142,0.6765067650676507,,0.012121946784653616,0.05234231876472128,
36027694,thiamine / vitamin B12,Drug,RxNorm,Multiple Ingredients,1007574,drug_exposure,3059,800,0.6316121901152693,,,3.130544493947877,,,,,,,
35894862,Sodium dihydrogen phosphate monohydrate,Drug,RxNorm Extension,Ingredient,OMOP5042942,drug_exposure,3044,221,0.1744828675193431,,,,,,,,,5.783826223501701,
36030306,benserazide / levodopa,Drug,RxNorm,Multiple Ingredients,619749,drug_exposure,3022,95,0.07500394757618822,,,,0.19271631170628056,0.11160714285714286,0.06150061500615006,,0.06667070731559488,0.10468463752944256,0.12072434607645875
930021,alfuzosin,Drug,RxNorm,Ingredient,17300,drug_exposure,3007,302,0.23843360176851414,,0.0836508969235059,0.16953830382841145,,0.13392857142857142,0.7380073800738007,,0.11515849445420935,0.02617115938236064,0.06539235412474849
19078126,sodium polystyrene sulfonate,Drug,RxNorm,Ingredient,56512,drug_exposure,2989,902,0.712142744354966,,0.40895994051491774,,,0.625,,1.5579312865497077,0.8606582217104067,2.8526563726773095,
19063575,esmolol,Drug,RxNorm,Ingredient,49737,drug_exposure,2969,329,0.25975051318490444,,0.009294544102611766,0.13799629381382328,0.17789198003656667,,,,0.690950966725256,0.13085579691180318,0.4024144869215292
19012565,mycophenolic acid,Drug,RxNorm,Ingredient,7145,drug_exposure,2968,140,0.11053213327017211,,,,,,,,0.012121946784653616,3.611619994765768,
1319156,dextran 70,Drug,RxNorm,Ingredient,3274,drug_exposure,2967,129,0.10184746565608717,,,,,,,,0.442451057639857,0.13085579691180318,
1516976,insulin detemir,Drug,RxNorm,Ingredient,139825,drug_exposure,2918,346,0.27317227222485396,,0.0836508969235059,0.03154201001458818,0.054355882788950934,0.06696428571428571,,,0.13940238802351657,,
40228152,dabigatran etexilate,Drug,RxNorm,Ingredient,1037042,drug_exposure,2877,309,0.24396020843202273,,0.06506180871828236,0.12616804005835272,,0.15625,1.5375153751537516,,0.07273168070792169,,
735979,risperidone,Drug,RxNorm,Ingredient,35636,drug_exposure,2862,231,0.18237801989578398,,0.17659633794962357,0.13405354256199975,0.22236497504570835,0.11160714285714286,0.18450184501845018,,0.2181950421237651,0.07851347814708191,0.11066398390342053
1736887,linezolid,Drug,RxNorm,Ingredient,190376,drug_exposure,2852,189,0.14921837991473236,,0.046472720513058834,0.11828253755470568,0.06918021445866482,,,,0.18182920176980424,0.13085579691180318,0.030181086519114688
1237049,theophylline,Drug,RxNorm,Ingredient,10438,drug_exposure,2837,790,0.6237170377388284,,0.009294544102611766,0.01971375625911761,0.6918021445866482,0.08928571428571429,,2.640716374269006,0.024243893569307232,0.05234231876472128,0.2062374245472837
36030762,calcium carbonate / magnesium chloride,Drug,RxNorm,Multiple Ingredients,729490,drug_exposure,2831,707,0.5581872730143692,,,,0.054355882788950934,,,3.1067251461988303,,,
1555120,fludrocortisone,Drug,RxNorm,Ingredient,4452,drug_exposure,2765,298,0.23527554081793778,,0.037178176410447066,0.35879036391594055,0.4743786134308445,,,,0.14546336141584337,0.15702695629416383,0.22635814889336017
35602717,insulin degludec,Drug,RxNorm,Ingredient,1670007,drug_exposure,2744,336,0.26527711984841307,,0.15800724974440003,0.03942751251823522,,0.044642857142857144,,,0.09697557427722893,0.05234231876472128,
36030968,acetaminophen / codeine,Drug,RxNorm,Multiple Ingredients,817579,drug_exposure,2677,291,0.22974893415442918,,,0.043370263770058745,0.7856895784948362,,,,0.03030486696163404,,0.26156941649899396
36028200,Dextran / hypromellose,Drug,RxNorm,Multiple Ingredients,1008097,drug_exposure,2669,101,0.07974103900205275,,,,,,,,,0.44490970950013087,0.4225352112676056
1115572,beclomethasone,Drug,RxNorm,Ingredient,1347,drug_exposure,2624,242,0.19106268750986893,,0.1115345292313412,0.1577100500729409,,0.06696428571428571,,,0.3212315897933208,0.3925673907354096,0.01006036217303823
19050832,clobazam,Drug,RxNorm,Ingredient,21241,drug_exposure,2613,238,0.1879046265592926,,0.09294544102611767,0.20108031384299965,0.10871176557790187,0.044642857142857144,0.06150061500615006,,0.1757682283774774,0.31405391258832765,0.31690140845070425
1548111,cinacalcet,Drug,RxNorm,Ingredient,407990,drug_exposure,2603,206,0.16264013895468182,,0.0278836323078353,0.24050782636123488,0.06423877056876019,0.044642857142857144,0.6150061500615006,,0.18182920176980424,,0.060362173038229376
1735947,rifaximin,Drug,RxNorm,Ingredient,35619,drug_exposure,2561,118,0.09316279804200221,,0.046472720513058834,0.22079407010211727,0.02964866333942778,0.044642857142857144,0.3075030750307503,,0.07273168070792169,0.13085579691180318,
36029114,beclomethasone / clioquinol,Drug,RxNorm,Multiple Ingredients,1009060,drug_exposure,2504,221,0.1744828675193431,,0.6877962635932707,,,,,,,,
19054245,protamines,Drug,RxNorm,Ingredient,8826,drug_exposure,2502,2241,1.7693036475603978,,,,0.9685230024213075,,,4.961622807017544,,7.170897670766815,3.108651911468813
1383925,isosorbide dinitrate,Drug,RxNorm,Ingredient,6058,drug_exposure,2474,419,0.3308068845728723,,0.009294544102611766,0.09068327879194102,0.1828334239264713,,,,0.11515849445420935,,0.3772635814889336
19003201,iodixanol,Drug,RxNorm,Ingredient,27729,drug_exposure,2463,1927,1.5213958629401547,,,2.7047273587509366,,,,,,,
19119253,terlipressin,Drug,RxNorm,Ingredient,57048,drug_exposure,2409,538,0.42475919785251853,,0.018589088205223533,0.8910617829121161,1.2501853041458715,,,,0.024243893569307232,,0.23138832997987926
1557272,alendronate,Drug,RxNorm,Ingredient,46041,drug_exposure,2400,792,0.6252960682141165,,0.1394181615391765,0.5243859164925285,0.1630676483668528,0.08928571428571429,1.045510455104551,,0.30304866961634036,0.10468463752944256,0.15593561368209255
1307515,urokinase,Drug,RxNorm,Ingredient,11055,drug_exposure,2387,259,0.2044844465498184,,0.7900362487220002,0.02759925876276466,0.11859465335771112,,,,0.14546336141584337,,0.25653923541247486
2000000582,Algedrate,Drug,ICUdata,Observable Entity,2000000582,drug_exposure,2341,270,0.21316911416390336,,,,0.02964866333942778,,,,0.660646099763622,,
1114220,naloxone,Drug,RxNorm,Ingredient,7242,drug_exposure,2328,947,0.7476709300489499,,0.5111999256436471,0.6623822103063518,0.642387705687602,0.08928571428571429,0.18450184501845018,1.2335526315789473,0.2545608824777259,0.4710808688824915,0.41750503018108653
1782521,isoniazid,Drug,RxNorm,Ingredient,6038,drug_exposure,2327,177,0.1397441970630033,,0.046472720513058834,0.09462603004376453,0.22730641893561299,,,,0.18182920176980424,0.02617115938236064,0.12072434607645875
730729,pentobarbital,Drug,RxNorm,Ingredient,8004,drug_exposure,2311,98,0.07737249328912048,,,0.01577100500729409,0.28660374561446855,,,,,,0.09557344064386318
1597756,glimepiride,Drug,RxNorm,Ingredient,25789,drug_exposure,2282,455,0.3592294331280594,,0.037178176410447066,0.1064542837992351,0.25695508227504077,0.044642857142857144,0.36900369003690037,,0.18182920176980424,0.02617115938236064,0.07042253521126761
700253,thiopental,Drug,RxNorm,Ingredient,10493,drug_exposure,2281,56,0.044212853308068845,,,,0.04447299500914167,,,,0.157585308200497,0.10468463752944256,0.025150905432595575
1137529,salmeterol,Drug,RxNorm,Ingredient,36117,drug_exposure,2279,237,0.18711511132164851,,0.0557672646156706,0.11433978630288215,0.3656668478529426,0.044642857142857144,0.12300123001230012,,0.13334141463118976,0.15702695629416383,
926487,pancreatin,Drug,RxNorm,Ingredient,7880,drug_exposure,2269,72,0.05684509711037423,,,,0.29648663339427783,,,,,,0.05533199195171026
1314577,nebivolol,Drug,RxNorm,Ingredient,31555,drug_exposure,2260,381,0.300805305542397,,0.046472720513058834,0.1931948113393526,,0.11160714285714286,0.5535055350553506,,0.2181950421237651,,0.05533199195171026
1703063,valganciclovir,Drug,RxNorm,Ingredient,275891,drug_exposure,2254,285,0.22501184272856467,,,0.12616804005835272,0.1828334239264713,,,,0.09697557427722893,1.2823868097356712,0.07545271629778671
981709,dorzolamide,Drug,RxNorm,Ingredient,60207,drug_exposure,2251,117,0.09237328280435812,,0.0836508969235059,0.14982454756929386,0.13836042891732964,0.044642857142857144,,,0.06060973392326808,0.287882753205967,
529411,"tetanus toxoid vaccine, inactivated",Drug,RxNorm,Ingredient,798306,drug_exposure,2188,2160,1.7053529133112268,,0.3067199553861883,1.2577376493317036,0.25695508227504077,0.022321428571428572,0.06150061500615006,,0.8000484877871387,2.3554043444124573,0.5030181086519114
751246,lithium carbonate,Drug,RxNorm,Ingredient,42351,drug_exposure,2183,199,0.15711353229117322,,0.24165814666790594,0.1931948113393526,,0.044642857142857144,0.24600246002460024,,0.20001212194678467,0.13085579691180318,0.18108651911468812
36028155,penicillin G benzathine / penicillin G sodium,Drug,RxNorm,Multiple Ingredients,1008049,drug_exposure,2161,43,0.03394915521869572,,,,,,,,0.1757682283774774,,
36852771,LANDIOLOL,Drug,RxNorm Extension,Ingredient,OMOP5170387,drug_exposure,2152,155,0.12237486183483341,,0.6599126312854354,,,,,,0.3575974301472817,,
798834,clomipramine,Drug,RxNorm,Ingredient,2597,drug_exposure,2152,176,0.13895468182535922,,0.14871270564178826,0.12222528880652919,0.06918021445866482,0.08928571428571429,0.3075030750307503,,0.19395114855445786,0.10468463752944256,0.07042253521126761
915542,brimonidine,Drug,RxNorm,Ingredient,134615,drug_exposure,2144,99,0.07816200852676457,,0.0557672646156706,0.15376729882111737,0.08894599001828334,0.06696428571428571,0.06150061500615006,,0.048487787138614465,0.15702695629416383,
19017067,tirofiban,Drug,RxNorm,Ingredient,73137,drug_exposure,2141,438,0.3458076740881099,,0.3346035876940236,0.0354847612664117,,0.022321428571428572,,,0.10909752106188254,0.02617115938236064,
991710,"sodium phosphate, dibasic",Drug,RxNorm,Ingredient,236719,drug_exposure,2121,556,0.4389704721301121,,,,,2.1205357142857144,8.91758917589176,,0.5636705254863931,3.847160429207014,
968426,mesalamine,Drug,RxNorm,Ingredient,52582,drug_exposure,2105,195,0.15395547134059687,,0.07435635282089413,0.16165280132476442,0.00494144388990463,0.3125,0.3075030750307503,,0.2303169889084187,0.05234231876472128,
1311078,cytarabine,Drug,RxNorm,Ingredient,3041,drug_exposure,2099,199,0.15711353229117322,,0.0557672646156706,0.07885502503647045,0.10377032168799723,,,,0.11515849445420935,0.02617115938236064,
720810,pramipexole,Drug,RxNorm,Ingredient,746741,drug_exposure,2094,182,0.14369177325122376,,0.17659633794962357,0.22079407010211727,0.08894599001828334,0.24553571428571427,0.6765067650676507,,,0.02617115938236064,0.07042253521126761
778785,amylase / lipase / protease,Drug,RxNorm,Multiple Ingredients,392491,drug_exposure,2087,99,0.07816200852676457,,,,,0.5580357142857143,0.6765067650676507,,0.12121946784653616,0.3925673907354096,
36028581,"insulin isophane / insulin, regular, human",Drug,RxNorm,Multiple Ingredients,1008501,drug_exposure,2083,371,0.2929101531659561,,0.1115345292313412,,,,,,,,0.02012072434607646
19097016,"calcium carbonate, precipitated",Drug,RxNorm,Ingredient,349908,drug_exposure,2074,258,0.20369493131217434,,,,1.2600681919256806,,,,,,
1749301,ethambutol,Drug,RxNorm,Ingredient,4110,drug_exposure,2046,159,0.12553292278540976,,0.0278836323078353,0.11039703505105863,0.1828334239264713,0.022321428571428572,,,0.14546336141584337,0.05234231876472128,0.1006036217303823
1734104,azithromycin,Drug,RxNorm,Ingredient,18631,drug_exposure,2039,394,0.3110690036317701,,0.12082907333395297,0.34301935890864643,,0.17857142857142858,,,0.30304866961634036,0.6019366657942947,0.15593561368209255
43560385,dolutegravir,Drug,RxNorm,Ingredient,1433868,drug_exposure,2037,90,0.07105637138796779,,0.0278836323078353,0.18925206008752907,,0.08928571428571429,,,0.09091460088490212,0.15702695629416383,
19020124,betahistine,Drug,RxNorm,Ingredient,1511,drug_exposure,2031,156,0.1231643770724775,,0.1394181615391765,0.08279777628829398,,0.13392857142857142,0.06150061500615006,,0.2363779623007455,,0.025150905432595575
715259,duloxetine,Drug,RxNorm,Ingredient,72625,drug_exposure,2011,201,0.1586925627664614,,0.21377451436007064,0.16559555257658795,0.054355882788950934,0.15625,,,0.1636462815928238,0.18319811567652447,0.060362173038229376
755695,fluoxetine,Drug,RxNorm,Ingredient,4493,drug_exposure,2007,225,0.17764092846991947,,0.10223998512872944,0.22079407010211727,0.11859465335771112,0.15625,,,0.14546336141584337,0.10468463752944256,0.15593561368209255
19005046,pyridoxine,Drug,RxNorm,Ingredient,684879,drug_exposure,1986,144,0.11369019422074846,,,,0.25695508227504077,0.022321428571428572,,,0.1697072549851506,0.05234231876472128,0.16096579476861167
1154161,montelukast,Drug,RxNorm,Ingredient,88249,drug_exposure,1952,221,0.1744828675193431,,0.06506180871828236,0.1931948113393526,,0.022321428571428572,0.7380073800738007,,0.1757682283774774,0.15702695629416383,0.06539235412474849
1114375,anakinra,Drug,RxNorm,Ingredient,72435,drug_exposure,1933,71,0.056055581872730145,,0.018589088205223533,0.02759925876276466,,0.022321428571428572,0.06150061500615006,,0.10303654766955574,0.23554043444124576,
19026343,danaparoid,Drug,RxNorm,Ingredient,78484,drug_exposure,1916,217,0.17132480656876678,,,0.01577100500729409,0.5139101645500815,0.044642857142857144,,,0.07273168070792169,,0.28672032193158953
40163718,prasugrel,Drug,RxNorm,Ingredient,613391,drug_exposure,1910,305,0.2408021474814464,,0.0278836323078353,0.06308402002917636,0.4447299500914167,,0.4920049200492005,,0.006060973392326808,0.10468463752944256,0.7997987927565392
916005,solifenacin,Drug,RxNorm,Ingredient,322167,drug_exposure,1885,323,0.25501342175903996,,0.0836508969235059,0.18136655758388204,,0.3125,0.7995079950799509,,0.24849990908539912,0.15702695629416383,
1000772,granisetron,Drug,RxNorm,Ingredient,26237,drug_exposure,1861,773,0.6102952786988789,,0.14871270564178826,,,15.290178571428571,,,0.006060973392326808,,
778474,tizanidine,Drug,RxNorm,Ingredient,57258,drug_exposure,1834,51,0.04026527711984841,,0.0278836323078353,0.0709695225328234,0.03459010722933241,0.022321428571428572,0.06150061500615006,,0.006060973392326808,,0.06539235412474849
19055153,flumazenil,Drug,RxNorm,Ingredient,4457,drug_exposure,1828,1115,0.8803094899731565,,0.1951854261548471,0.5756416827662343,0.9932302218708307,0.08928571428571429,0.3075030750307503,1.7543859649122806,0.14546336141584337,0.15702695629416383,1.0462776659959758
19035344,phenprocoumon,Drug,RxNorm,Ingredient,8150,drug_exposure,1811,295,0.23290699510500554,,0.037178176410447066,0.09068327879194102,,,0.7380073800738007,,0.006060973392326808,,
790253,clorazepate,Drug,RxNorm,Ingredient,2353,drug_exposure,1798,160,0.12632243802305385,,0.06506180871828236,0.03942751251823522,0.4051983989721797,0.06696428571428571,,,0.03030486696163404,,0.06539235412474849
36879243,Sodium hydroxybutyrate,Drug,RxNorm Extension,Ingredient,OMOP1001896,drug_exposure,1786,19,0.015000789515237645,,,,,,,,0.0787926541002485,0.15702695629416383,
40244464,ruxolitinib,Drug,RxNorm,Ingredient,1193326,drug_exposure,1785,59,0.046581399021001106,,,0.13011079131017625,,,,,0.06667070731559488,0.05234231876472128,
989482,dutasteride,Drug,RxNorm,Ingredient,228790,drug_exposure,1771,328,0.2589609979472604,,0.1115345292313412,0.2483933288648819,,0.29017857142857145,0.12300123001230012,,0.1757682283774774,0.05234231876472128,
757688,aripiprazole,Drug,RxNorm,Ingredient,89013,drug_exposure,1758,151,0.11921680088425707,,0.06506180871828236,0.16559555257658795,,0.13392857142857142,,,0.18789017516213105,0.10468463752944256,
1759455,pyrazinamide,Drug,RxNorm,Ingredient,8987,drug_exposure,1740,130,0.10263698089373124,,0.0278836323078353,0.09068327879194102,0.14824331669713892,0.022321428571428572,,,0.11515849445420935,0.02617115938236064,0.06539235412474849
1750500,clarithromycin,Drug,RxNorm,Ingredient,21212,drug_exposure,1709,163,0.12869098373598611,,0.037178176410447066,0.07491227378464693,0.13836042891732964,0.044642857142857144,0.24600246002460024,,0.07273168070792169,,0.15090543259557343
1304643,darbepoetin alfa,Drug,RxNorm,Ingredient,283838,drug_exposure,1681,679,0.5360808463603347,,0.1394181615391765,0.31147734889405826,1.017937441320354,0.17857142857142858,0.18450184501845018,,0.0787926541002485,0.23554043444124576,0.31690140845070425
36028197,clindamycin / glucose,Drug,RxNorm,Multiple Ingredients,1008094,drug_exposure,1676,177,0.1397441970630033,,1.4220652476996003,,,,,,,,
1550023,insulin lispro,Drug,RxNorm,Ingredient,86009,drug_exposure,1667,111,0.0876361913784936,,,0.03942751251823522,,0.022321428571428572,0.24600246002460024,,0.03030486696163404,,
37002370,oxybate,Drug,RxNorm,Ingredient,2387302,drug_exposure,1648,26,0.02052739617874625,,0.0557672646156706,0.06308402002917636,,,,,,,
19091804,magnesium sulfate heptahydrate,Drug,RxNorm,Ingredient,236741,drug_exposure,1638,815,0.6434549186799305,,,,,,,,3.2911085520334566,,
715939,escitalopram,Drug,RxNorm,Ingredient,321988,drug_exposure,1635,206,0.16264013895468182,,0.1951854261548471,0.1931948113393526,,0.49107142857142855,0.43050430504305043,,0.15152433480817018,0.31405391258832765,0.030181086519114688
36029985,ethinyl estradiol / levonorgestrel,Drug,RxNorm,Multiple Ingredients,214558,drug_exposure,1623,211,0.16658771514290227,,0.28813086718096476,0.21685131885029374,0.03953155111923704,0.06696428571428571,,,0.10303654766955574,0.05234231876472128,0.08048289738430583
19098741,levobupivacaine,Drug,RxNorm,Ingredient,259453,drug_exposure,1615,107,0.08447813042791726,,,0.05519851752552932,0.24707219449523152,,,,,0.02617115938236064,
938044,brinzolamide,Drug,RxNorm,Ingredient,194881,drug_exposure,1614,86,0.06789831043739145,,0.0278836323078353,0.11039703505105863,0.0494144388990463,0.022321428571428572,0.06150061500615006,,0.12728044123886295,,
1704183,lamivudine,Drug,RxNorm,Ingredient,68244,drug_exposure,1613,109,0.08605716090320543,,0.0278836323078353,0.09462603004376453,0.25201363838513613,,,,0.01818292017698042,0.05234231876472128,0.035211267605633804
1755112,flucytosine,Drug,RxNorm,Ingredient,4451,drug_exposure,1610,58,0.04579188378335702,,0.009294544102611766,0.0354847612664117,0.07906310223847408,,,,0.024243893569307232,0.05234231876472128,0.025150905432595575
19117912,immunoglobulin G,Drug,RxNorm,Ingredient,5666,drug_exposure,1603,584,0.46107689878414654,,,,,0.13392857142857142,0.24600246002460024,2.00109649122807,0.11515849445420935,1.3609002878827532,0.18108651911468812
1504620,methimazole,Drug,RxNorm,Ingredient,6835,drug_exposure,1544,193,0.1523764408653087,,0.12082907333395297,0.17348105508023498,0.1976577555961852,0.06696428571428571,0.06150061500615006,,0.10909752106188254,,0.1659959758551308
19003303,metaraminol,Drug,RxNorm,Ingredient,6805,drug_exposure,1537,915,0.7224064424443392,,,,4.2002273064189355,,,,,,
1377141,hydroxyurea,Drug,RxNorm,Ingredient,5552,drug_exposure,1537,177,0.1397441970630033,,0.046472720513058834,0.18136655758388204,0.00988288777980926,0.044642857142857144,0.12300123001230012,,0.1757682283774774,0.07851347814708191,0.04024144869215292
19092358,lynestrenol,Drug,RxNorm,Ingredient,6529,drug_exposure,1534,87,0.06868782567503552,,0.009294544102611766,0.07885502503647045,0.09388743390818798,,,,0.06060973392326808,,0.05030181086519115
19102106,mepirodipine,Drug,RxNorm,Ingredient,39879,drug_exposure,1495,363,0.28659403126480343,,0.0557672646156706,0.03942751251823522,,0.08928571428571429,0.984009840098401,,0.13940238802351657,0.15702695629416383,
1354860,flecainide,Drug,RxNorm,Ingredient,4441,drug_exposure,1484,200,0.15790304752881731,,0.09294544102611767,0.1064542837992351,0.08894599001828334,0.13392857142857142,0.24600246002460024,,0.10909752106188254,0.02617115938236064,0.18611670020120724
19069075,hydroquinidine,Drug,RxNorm,Ingredient,27220,drug_exposure,1449,89,0.0702668561503237,,0.037178176410447066,0.15376729882111737,,0.044642857142857144,0.18450184501845018,,,,
19034726,sirolimus,Drug,RxNorm,Ingredient,35302,drug_exposure,1431,82,0.0647402494868151,,,0.14588179631747034,,,,,0.024243893569307232,0.15702695629416383,0.035211267605633804
1342001,enalaprilat,Drug,RxNorm,Ingredient,3829,drug_exposure,1418,286,0.22580135796620876,,,,,,,,,,1.4185110663983904
19008994,mebeverine,Drug,RxNorm,Ingredient,29410,drug_exposure,1388,151,0.11921680088425707,,0.0278836323078353,0.09068327879194102,,0.11160714285714286,0.7995079950799509,,0.15152433480817018,0.10468463752944256,0.025150905432595575
724908,biperiden,Drug,RxNorm,Ingredient,1589,drug_exposure,1384,141,0.1113216485078162,,0.10223998512872944,0.08674052754011749,0.19271631170628056,0.06696428571428571,0.12300123001230012,,0.048487787138614465,,0.11066398390342053
733301,buspirone,Drug,RxNorm,Ingredient,1827,drug_exposure,1361,201,0.1586925627664614,,,0.7372944840909987,,,,,0.03636584035396084,,
19015802,lercanidipine,Drug,RxNorm,Ingredient,135056,drug_exposure,1350,296,0.2336965103426496,,0.06506180871828236,0.12616804005835272,,0.3125,0.4920049200492005,,0.07273168070792169,0.05234231876472128,0.01006036217303823
1136422,levocetirizine,Drug,RxNorm,Ingredient,356887,drug_exposure,1329,233,0.18395705037107216,,0.21377451436007064,0.05519851752552932,,0.26785714285714285,0.3075030750307503,,0.28486574943935994,0.10468463752944256,0.04527162977867203
19010400,fusidate,Drug,RxNorm,Ingredient,113608,drug_exposure,1328,113,0.08921522185378178,,0.0557672646156706,0.03942751251823522,0.05929732667885556,0.06696428571428571,0.18450184501845018,,0.05454876053094127,0.10468463752944256,0.07545271629778671
718122,oxcarbazepine,Drug,RxNorm,Ingredient,32624,drug_exposure,1325,72,0.05684509711037423,,0.0278836323078353,0.0709695225328234,,0.044642857142857144,,,0.0787926541002485,0.10468463752944256,0.12575452716297786
1308738,vitamin B12,Drug,RxNorm,Ingredient,11248,drug_exposure,1307,240,0.18948365703458075,,0.14871270564178826,0.03154201001458818,,0.4017857142857143,2.275522755227552,,0.2727438026547063,0.02617115938236064,
742267,topiramate,Drug,RxNorm,Ingredient,38404,drug_exposure,1297,98,0.07737249328912048,,0.06506180871828236,0.07491227378464693,0.0494144388990463,0.13392857142857142,0.12300123001230012,,0.06060973392326808,,0.1056338028169014
36030114,lopinavir / ritonavir,Drug,RxNorm,Multiple Ingredients,284640,drug_exposure,1291,51,0.04026527711984841,,,0.02759925876276466,0.15318476058704353,,,,0.012121946784653616,,0.025150905432595575
903963,triamcinolone,Drug,RxNorm,Ingredient,10759,drug_exposure,1290,140,0.11053213327017211,,0.018589088205223533,0.12616804005835272,0.13836042891732964,0.044642857142857144,0.6150061500615006,,0.01818292017698042,0.05234231876472128,0.04024144869215292
1636780,testosterone,Drug,RxNorm,Ingredient,10379,drug_exposure,1287,106,0.08368861519027317,,0.09294544102611767,0.14588179631747034,,0.06696428571428571,,,0.10909752106188254,,
739323,droperidol,Drug,RxNorm,Ingredient,3648,drug_exposure,1285,577,0.4555502921206379,,0.009294544102611766,0.5874699365217049,0.39037406730246577,0.8035714285714286,,,0.2303169889084187,1.884323475529966,0.12575452716297786
734275,phenobarbital,Drug,RxNorm,Ingredient,8134,drug_exposure,1284,63,0.04973945997157745,,0.06506180871828236,0.01971375625911761,0.08894599001828334,0.044642857142857144,,,0.09091460088490212,,0.04024144869215292
1143374,ephedrine,Drug,RxNorm,Ingredient,3966,drug_exposure,1283,805,0.6355597663034896,,0.018589088205223533,0.5007294089815874,0.9586401146414982,0.6696428571428571,5.658056580565805,,0.01818292017698042,3.114367966500916,0.5885311871227364
44082051,factor IX complex / factor VII / Factor VIII / factor X / Prothrombin Injectable Suspension,Drug,RxNorm Extension,Clinical Drug Form,OMOP1076682,drug_exposure,1278,950,0.7500394757618822,,,0.6623822103063518,0.23224786282551763,,,,,0.8374771002355405,
43013156,sodium chlorate,Drug,RxNorm,Ingredient,1366921,drug_exposure,1270,257,0.20290541607453025,,,,1.1958294213569205,,,,,,
36031113,dexamethasone / tobramycin,Drug,RxNorm,Multiple Ingredients,883815,drug_exposure,1268,67,0.052897520922153794,,,,0.13341898502742502,0.08928571428571429,,,0.10909752106188254,0.02617115938236064,
1118084,celecoxib,Drug,RxNorm,Ingredient,140587,drug_exposure,1249,180,0.14211274277593558,,0.018589088205223533,0.051255766273705795,,,,,0.03030486696163404,1.5702695629416383,
1103006,desloratadine,Drug,RxNorm,Ingredient,275635,drug_exposure,1237,239,0.1886941417969367,,0.1115345292313412,0.051255766273705795,,0.3794642857142857,1.6605166051660516,,0.2666828292623795,,0.025150905432595575
1724700,foscarnet,Drug,RxNorm,Ingredient,33562,drug_exposure,1237,63,0.04973945997157745,,,0.12222528880652919,0.08400454612837871,,,,0.012121946784653616,,0.01006036217303823
751412,fluvoxamine,Drug,RxNorm,Ingredient,42355,drug_exposure,1215,101,0.07974103900205275,,0.09294544102611767,0.08674052754011749,0.08894599001828334,0.06696428571428571,,,0.0787926541002485,0.02617115938236064,
735951,riluzole,Drug,RxNorm,Ingredient,35623,drug_exposure,1185,76,0.06000315806095058,,,0.0709695225328234,0.16800909225675742,0.022321428571428572,,,0.06060973392326808,0.2093692750588851,
1718054,caspofungin,Drug,RxNorm,Ingredient,140108,drug_exposure,1172,148,0.1168482551713248,,0.018589088205223533,,0.5040272767702723,,,,0.01818292017698042,,0.1710261569416499
43526404,gadoterate meglumine,Drug,RxNorm,Ingredient,1421151,drug_exposure,1150,903,0.7129322595926101,,,0.8122067578756457,,0.022321428571428572,0.18450184501845018,,,,
711714,dantrolene,Drug,RxNorm,Ingredient,3105,drug_exposure,1136,42,0.03315963998105163,,,0.01971375625911761,0.03953155111923704,0.022321428571428572,,,0.048487787138614465,,0.05533199195171026
1549686,fluvastatin,Drug,RxNorm,Ingredient,41127,drug_exposure,1133,189,0.14921837991473236,,0.018589088205223533,0.011828253755470567,,0.15625,0.06150061500615006,,0.18182920176980424,,
19026674,pancuronium,Drug,RxNorm,Ingredient,7883,drug_exposure,1131,314,0.24790778462024318,,,,,,,1.4300073099415205,,,0.005030181086519115
1354118,epoprostenol,Drug,RxNorm,Ingredient,8814,drug_exposure,1127,99,0.07816200852676457,,,,,,,,0.29092672283168675,,0.04527162977867203
1701928,activated charcoal,Drug,RxNorm,Ingredient,272,drug_exposure,1120,438,0.3458076740881099,,0.8179198810298355,0.41004613018964636,0.0988288777980926,0.022321428571428572,0.3075030750307503,,0.2606218558700527,0.26171159382360637,0.28672032193158953
36030145,fibrinogen / thrombin,Drug,RxNorm,Multiple Ingredients,389190,drug_exposure,1109,821,0.6481920101057951,,0.4554326610279766,0.3390766076568229,,,,,,,
778944,olodaterol / tiotropium,Drug,RxNorm,Multiple Ingredients,1658460,drug_exposure,1105,175,0.13816516658771513,,0.0278836323078353,0.11039703505105863,,0.44642857142857145,2.029520295202952,,,0.07851347814708191,
905233,mometasone,Drug,RxNorm,Ingredient,108118,drug_exposure,1103,171,0.1350071056371388,,0.1115345292313412,0.06308402002917636,,0.15625,0.6765067650676507,,0.2545608824777259,0.13085579691180318,
1395058,chlorthalidone,Drug,RxNorm,Ingredient,2409,drug_exposure,1098,245,0.1934312332228012,,0.0278836323078353,0.08279777628829398,0.03459010722933241,0.08928571428571429,0.12300123001230012,,0.13940238802351657,0.05234231876472128,0.060362173038229376
36855301,"VERAPAMIL, (-)-",Drug,RxNorm Extension,Ingredient,OMOP5172918,drug_exposure,1093,1048,0.8274119690510027,,0.3624872200018589,,,,,,,,
1544838,"insulin glulisine, human",Drug,RxNorm,Ingredient,400008,drug_exposure,1088,71,0.056055581872730145,,,0.007885502503647045,,0.022321428571428572,0.18450184501845018,,0.03636584035396084,,
1178663,indomethacin,Drug,RxNorm,Ingredient,5781,drug_exposure,1088,94,0.07421443233854413,,0.037178176410447066,0.0354847612664117,,,,,0.09697557427722893,,0.015090543259557344
778843,emtricitabine / tenofovir disoproxil,Drug,RxNorm,Multiple Ingredients,1008145,drug_exposure,1085,93,0.07342491710090004,,0.0278836323078353,0.14588179631747034,0.09388743390818798,0.06696428571428571,0.06150061500615006,,0.05454876053094127,0.07851347814708191,0.030181086519114688
904501,travoprost,Drug,RxNorm,Ingredient,283809,drug_exposure,1082,109,0.08605716090320543,,0.07435635282089413,0.1064542837992351,,0.06696428571428571,0.18450184501845018,,0.18182920176980424,0.10468463752944256,
1741122,tazobactam,Drug,RxNorm,Ingredient,37617,drug_exposure,1053,63,0.04973945997157745,,,,,,,,,1.6487830410887203,
1731597,drotrecogin alfa,Drug,RxNorm,Ingredient,352374,drug_exposure,1052,166,0.13105952944891835,,,,0.5534417156693185,,,,,,0.23641851106639838
19015726,cisatracurium,Drug,RxNorm,Ingredient,319864,drug_exposure,1047,61,0.04816042949628928,,0.5297890138488707,,,,,,0.01818292017698042,,
1436678,tamoxifen,Drug,RxNorm,Ingredient,10324,drug_exposure,1042,113,0.08921522185378178,,0.046472720513058834,0.0709695225328234,0.07412165834856946,0.022321428571428572,0.3075030750307503,,0.09091460088490212,0.10468463752944256,0.09054325955734406
36028497,alginic acid / aluminum hydroxide,Drug,RxNorm,Multiple Ingredients,1008412,drug_exposure,1022,127,0.10026843518079899,,,,,,,,0.5576095520940663,,
957797,psyllium,Drug,RxNorm,Ingredient,8928,drug_exposure,1017,85,0.06710879519974736,,,,0.25201363838513613,,,,,0.15702695629416383,0.1358148893360161
45775324,diatrizoic acid,Drug,RxNorm,Ingredient,1546223,drug_exposure,1014,492,0.3884414969208906,,,,1.7739783564757623,,,,,,
996416,finasteride,Drug,RxNorm,Ingredient,25025,drug_exposure,998,153,0.12079583135954523,,0.037178176410447066,0.13405354256199975,,0.08928571428571429,0.36900369003690037,,0.12728044123886295,,0.025150905432595575
1580747,sitagliptin,Drug,RxNorm,Ingredient,593411,drug_exposure,996,157,0.12395389231012159,,0.018589088205223533,0.06702677128099988,,0.044642857142857144,0.06150061500615006,,0.03636584035396084,0.02617115938236064,
1309204,adenosine,Drug,RxNorm,Ingredient,296,drug_exposure,986,598,0.47213011211116374,,0.1394181615391765,0.41793163269329336,0.6918021445866482,,,,0.2545608824777259,0.3402250719706883,0.6237424547283702
19093225,pipamperone,Drug,RxNorm,Ingredient,33739,drug_exposure,977,88,0.06947734091267961,,0.037178176410447066,0.05519851752552932,0.17789198003656667,0.044642857142857144,0.06150061500615006,,0.048487787138614465,,0.05533199195171026
778797,amylase / lipase / pancreatin / protease,Drug,RxNorm,Multiple Ingredients,692962,drug_exposure,967,47,0.03710721616927207,,,,,,,,0.18789017516213105,,
1126658,hydromorphone,Drug,RxNorm,Ingredient,3423,drug_exposure,962,28,0.022106426654034422,,,0.02759925876276466,,,,,0.012121946784653616,,
1554072,propylthiouracil,Drug,RxNorm,Ingredient,8794,drug_exposure,930,34,0.026843518079898942,,,0.03942751251823522,0.03459010722933241,0.022321428571428572,,,0.024243893569307232,,0.04527162977867203
904525,bimatoprost,Drug,RxNorm,Ingredient,283810,drug_exposure,922,91,0.07184588662561188,,0.13012361743656473,0.0709695225328234,,,,,0.12121946784653616,,0.035211267605633804
19087090,amantadine,Drug,RxNorm,Ingredient,620,drug_exposure,913,63,0.04973945997157745,,0.018589088205223533,0.01971375625911761,0.05929732667885556,0.044642857142857144,0.06150061500615006,,0.07273168070792169,0.07851347814708191,0.035211267605633804
787787,hyaluronate,Drug,RxNorm,Ingredient,62372,drug_exposure,912,32,0.02526448760461077,,0.0278836323078353,0.02759925876276466,,,,,0.01818292017698042,0.18319811567652447,
985708,ketoconazole,Drug,RxNorm,Ingredient,6135,drug_exposure,906,105,0.08289909995262909,,0.0278836323078353,0.05914126877735284,0.08400454612837871,0.044642857142857144,0.7380073800738007,,0.024243893569307232,0.05234231876472128,0.08048289738430583
964339,sulfasalazine,Drug,RxNorm,Ingredient,9524,drug_exposure,904,70,0.055266066635086056,,0.09294544102611767,0.03942751251823522,,0.044642857142857144,0.18450184501845018,,0.10303654766955574,,
19054242,protamine sulfate (USP),Drug,RxNorm,Ingredient,8825,drug_exposure,900,762,0.601610611084794,,0.2230690584626824,0.8319205141347632,,1.3616071428571428,3.321033210332103,,0.30910964300866717,7.170897670766815,
1310317,cyclophosphamide,Drug,RxNorm,Ingredient,3002,drug_exposure,890,139,0.10974261803252802,,0.14871270564178826,0.04731301502188227,0.22730641893561299,0.044642857142857144,,,0.024243893569307232,0.02617115938236064,0.1006036217303823
953076,famotidine,Drug,RxNorm,Ingredient,4278,drug_exposure,885,118,0.09316279804200221,,0.0557672646156706,0.0709695225328234,,0.22321428571428573,0.6150061500615006,,0.09091460088490212,0.15702695629416383,
1836391,sulfadiazine,Drug,RxNorm,Ingredient,10171,drug_exposure,873,24,0.018948365703458078,,,0.0039427512518235225,0.04447299500914167,,,,0.006060973392326808,,0.035211267605633804
19009054,meglumine ioxithalamate,Drug,RxNorm,Ingredient,29459,drug_exposure,870,519,0.4097584083372809,,,,2.564609378860503,,,,,,
1326115,oxytocin,Drug,RxNorm,Ingredient,7824,drug_exposure,867,155,0.12237486183483341,,0.1673017938470118,,0.18777486781637595,,,,0.006060973392326808,0.15702695629416383,0.15593561368209255
35604901,brivaracetam,Drug,RxNorm,Ingredient,1739745,drug_exposure,853,39,0.030791094268119375,,0.009294544102611766,0.03942751251823522,,0.06696428571428571,,,0.01818292017698042,0.36639623135304894,
1748921,ritonavir,Drug,RxNorm,Ingredient,85762,drug_exposure,848,78,0.06158218853623875,,0.009294544102611766,0.09462603004376453,0.15812620447694817,0.022321428571428572,,,0.012121946784653616,,0.04527162977867203
1756831,darunavir,Drug,RxNorm,Ingredient,460132,drug_exposure,840,63,0.04973945997157745,,0.009294544102611766,0.09462603004376453,0.10377032168799723,0.022321428571428572,,,0.024243893569307232,0.02617115938236064,0.02012072434607646
713823,ropinirole,Drug,RxNorm,Ingredient,72302,drug_exposure,832,76,0.06000315806095058,,0.07435635282089413,0.06702677128099988,0.0494144388990463,0.022321428571428572,,,0.07273168070792169,0.07851347814708191,
998415,clobetasol,Drug,RxNorm,Ingredient,2590,drug_exposure,826,93,0.07342491710090004,,0.018589088205223533,0.09462603004376453,0.00494144388990463,0.13392857142857142,0.06150061500615006,,0.024243893569307232,0.13085579691180318,0.060362173038229376
42899921,Plantago ovata seed extract,Drug,RxNorm,Ingredient,1309942,drug_exposure,816,144,0.11369019422074846,,0.17659633794962357,,,0.35714285714285715,0.922509225092251,,,,
42898837,crospovidone,Drug,RxNorm,Ingredient,1310706,drug_exposure,806,197,0.15553450181588505,,,,0.9734644463112121,,,,,,
782211,entacapone,Drug,RxNorm,Ingredient,60307,drug_exposure,788,20,0.01579030475288173,,,0.02759925876276466,0.03459010722933241,,,,,,0.01006036217303823
1377023,hydroxocobalamin,Drug,RxNorm,Ingredient,5514,drug_exposure,781,313,0.2471182693825991,,0.12082907333395297,0.18530930883570557,,0.022321428571428572,0.18450184501845018,,0.10909752106188254,,0.19617706237424548
1736971,abacavir,Drug,RxNorm,Ingredient,190521,drug_exposure,774,37,0.0292120637928312,,0.009294544102611766,0.051255766273705795,0.054355882788950934,,,,0.006060973392326808,,0.015090543259557344
1321636,bosentan,Drug,RxNorm,Ingredient,75207,drug_exposure,772,56,0.044212853308068845,,0.009294544102611766,0.06702677128099988,,,,,0.07273168070792169,,0.07042253521126761
907553,levocabastine,Drug,RxNorm,Ingredient,28627,drug_exposure,764,55,0.04342333807042476,,0.037178176410447066,0.06308402002917636,,0.044642857142857144,,,0.06060973392326808,,
1710281,tenofovir disoproxil,Drug,RxNorm,Ingredient,300195,drug_exposure,760,73,0.05763461234801832,,,0.09068327879194102,0.09388743390818798,,,,0.012121946784653616,0.07851347814708191,0.060362173038229376
45774751,empagliflozin,Drug,RxNorm,Ingredient,1545653,drug_exposure,753,157,0.12395389231012159,,0.046472720513058834,0.051255766273705795,,0.24553571428571427,1.2300123001230012,,0.024243893569307232,,
904542,triamterene,Drug,RxNorm,Ingredient,10763,drug_exposure,743,71,0.056055581872730145,,0.009294544102611766,0.03942751251823522,,,,,0.05454876053094127,,
19003296,tolperisone,Drug,RxNorm,Ingredient,10639,drug_exposure,738,38,0.03000157903047529,,,0.007885502503647045,,0.022321428571428572,0.06150061500615006,,0.07273168070792169,,
1759842,clavulanate,Drug,RxNorm,Ingredient,48203,drug_exposure,720,67,0.052897520922153794,,,,,,,,,1.7534676786181629,
44122511,factor IX complex / factor VII / Factor VIII / factor X / Prothrombin Injectable Suspension [Feiba],Drug,RxNorm Extension,Branded Drug Form,OMOP1117142,drug_exposure,719,470,0.37107216169272067,,,,,,,,1.6425237893205649,,
35604506,sugammadex,Drug,RxNorm,Ingredient,1726988,drug_exposure,718,614,0.4847623559134691,,0.037178176410447066,1.3720774356345857,,0.5133928571428571,10.824108241082412,,0.10909752106188254,0.15702695629416383,
1344143,"albumin human, USP",Drug,RxNorm,Ingredient,828529,drug_exposure,713,346,0.27317227222485396,,0.06506180871828236,0.011828253755470567,,0.78125,,,0.13334141463118976,6.438105208060717,
36029758,glycopyrronium / indacaterol,Drug,RxNorm,Multiple Ingredients,1721575,drug_exposure,712,116,0.09158376756671403,,0.06506180871828236,0.03154201001458818,,0.06696428571428571,0.12300123001230012,,0.157585308200497,,
703547,trazodone,Drug,RxNorm,Ingredient,10737,drug_exposure,711,84,0.06631927996210327,,0.23236360256529418,0.05519851752552932,,,,,0.03030486696163404,0.02617115938236064,0.06539235412474849
1712889,raltegravir,Drug,RxNorm,Ingredient,719872,drug_exposure,704,29,0.02289594189167851,,0.009294544102611766,0.05914126877735284,,,,,0.03030486696163404,0.05234231876472128,
46221581,insulin isophane,Drug,RxNorm,Ingredient,1605101,drug_exposure,677,96,0.07579346281383231,,,,,,,,0.11515849445420935,,0.11066398390342053
1558242,gemfibrozil,Drug,RxNorm,Ingredient,4719,drug_exposure,667,87,0.06868782567503552,,0.037178176410447066,0.06702677128099988,,0.044642857142857144,,,0.11515849445420935,,
1703653,itraconazole,Drug,RxNorm,Ingredient,28031,drug_exposure,666,69,0.05447655139744197,,0.009294544102611766,0.03942751251823522,,,,,0.024243893569307232,,0.18108651911468812
985247,aluminum hydroxide,Drug,RxNorm,Ingredient,612,drug_exposure,660,39,0.030791094268119375,,,,,,,,0.0848536274925753,,
19011355,etoricoxib,Drug,RxNorm,Ingredient,307296,drug_exposure,644,106,0.08368861519027317,,0.009294544102611766,0.023656507510941133,,0.08928571428571429,0.24600246002460024,,0.05454876053094127,,0.02012072434607646
1360421,quinidine,Drug,RxNorm,Ingredient,9068,drug_exposure,644,38,0.03000157903047529,,,0.03154201001458818,,,,,0.012121946784653616,,0.04024144869215292
913782,tolterodine,Drug,RxNorm,Ingredient,119565,drug_exposure,628,66,0.05210800568450971,,0.018589088205223533,0.07885502503647045,,0.044642857142857144,0.18450184501845018,,0.03636584035396084,,
778779,calcium acetate / magnesium carbonate,Drug,RxNorm,Multiple Ingredients,214344,drug_exposure,627,33,0.026054002842254856,,0.009294544102611766,0.05914126877735284,,,,,,,
19011440,everolimus,Drug,RxNorm,Ingredient,141704,drug_exposure,625,32,0.02526448760461077,,0.018589088205223533,0.03942751251823522,,,,,0.03030486696163404,0.10468463752944256,
19077117,hetastarch,Drug,RxNorm,Ingredient,5531,drug_exposure,620,528,0.4168640454760777,,,0.023656507510941133,,,,,,,1.9617706237424548
1705674,trimethoprim,Drug,RxNorm,Ingredient,10829,drug_exposure,616,119,0.0939523132796463,,0.0278836323078353,0.03154201001458818,,,,,0.09091460088490212,0.7066213033237373,
19050375,ciprofibrate,Drug,RxNorm,Ingredient,21149,drug_exposure,612,85,0.06710879519974736,,0.018589088205223533,0.11039703505105863,,,0.12300123001230012,,0.024243893569307232,,
1107830,loratadine,Drug,RxNorm,Ingredient,28889,drug_exposure,599,72,0.05684509711037423,,,0.09462603004376453,,,,,0.01818292017698042,,0.005030181086519115
19007490,metyrapone,Drug,RxNorm,Ingredient,6923,drug_exposure,598,19,0.015000789515237645,,0.009294544102611766,0.023656507510941133,,,,,0.012121946784653616,,0.015090543259557344
1315946,letrozole,Drug,RxNorm,Ingredient,72965,drug_exposure,597,51,0.04026527711984841,,0.046472720513058834,0.06702677128099988,,0.11160714285714286,0.3075030750307503,,0.01818292017698042,,
919986,apraclonidine,Drug,RxNorm,Ingredient,14845,drug_exposure,593,39,0.030791094268119375,,0.018589088205223533,0.043370263770058745,,0.022321428571428572,,,0.06667070731559488,0.05234231876472128,
44507580,macitentan,Drug,RxNorm,Ingredient,1442132,drug_exposure,576,35,0.027633033317543028,,,0.04731301502188227,,,,,0.06667070731559488,,
955583,fluorometholone,Drug,RxNorm,Ingredient,4491,drug_exposure,554,32,0.02526448760461077,,0.046472720513058834,0.02759925876276466,,0.022321428571428572,0.06150061500615006,,0.04242681374628765,,
1708880,minocycline,Drug,RxNorm,Ingredient,6980,drug_exposure,554,35,0.027633033317543028,,0.037178176410447066,0.03154201001458818,,,,,0.01818292017698042,,
19016754,benzbromarone,Drug,RxNorm,Ingredient,1385,drug_exposure,553,67,0.052897520922153794,,0.018589088205223533,0.051255766273705795,,0.022321428571428572,,,0.06667070731559488,,
903643,tretinoin,Drug,RxNorm,Ingredient,10753,drug_exposure,553,19,0.015000789515237645,,,0.0354847612664117,,,,,0.024243893569307232,0.05234231876472128,
19012346,eltrombopag,Drug,RxNorm,Ingredient,711942,drug_exposure,552,38,0.03000157903047529,,0.0278836323078353,0.07491227378464693,,0.044642857142857144,0.06150061500615006,,0.012121946784653616,,
36850940,LEVOMETIOMEPRAZINE,Drug,RxNorm Extension,Ingredient,OMOP5168557,drug_exposure,551,88,0.06947734091267961,,,,,0.044642857142857144,,,0.10909752106188254,0.07851347814708191,0.1056338028169014
19080985,iohexol,Drug,RxNorm,Ingredient,5956,drug_exposure,543,360,0.28422548555187116,,,0.31147734889405826,,,,,0.7939875143948119,,
792929,letermovir,Drug,RxNorm,Ingredient,1988648,drug_exposure,533,25,0.019737880941102164,,,0.05519851752552932,,,,,,0.07851347814708191,
777221,hydroxyzine,Drug,RxNorm,Ingredient,5553,drug_exposure,524,72,0.05684509711037423,,0.018589088205223533,0.043370263770058745,,0.044642857142857144,,,0.07273168070792169,,
19008009,cosyntropin,Drug,RxNorm,Ingredient,2890,drug_exposure,516,447,0.35291331122690667,,0.009294544102611766,0.0354847612664117,,0.044642857142857144,0.06150061500615006,,,0.02617115938236064,2.1277665995975856
1769389,nevirapine,Drug,RxNorm,Ingredient,53654,drug_exposure,513,37,0.0292120637928312,,0.009294544102611766,0.05519851752552932,0.06423877056876019,,,,0.01818292017698042,,
19020021,nitrazepam,Drug,RxNorm,Ingredient,7440,drug_exposure,508,81,0.06395073424917101,,0.009294544102611766,0.023656507510941133,,,,,0.024243893569307232,,0.035211267605633804
37003458,hydroquinine,Drug,RxNorm,Ingredient,2468435,drug_exposure,506,70,0.055266066635086056,,,,0.11365320946780649,,,,0.13334141463118976,,
35606695,isavuconazole,Drug,RxNorm,Ingredient,1720882,drug_exposure,491,47,0.03710721616927207,,0.009294544102611766,0.023656507510941133,,,,,0.05454876053094127,0.26171159382360637,
36029773,formoterol / glycopyrronium,Drug,RxNorm,Multiple Ingredients,1790638,drug_exposure,491,50,0.03947576188220433,,0.037178176410447066,0.0039427512518235225,,0.24553571428571427,0.3075030750307503,,0.01818292017698042,,
19058971,calcium levulinate,Drug,RxNorm,Ingredient,47624,drug_exposure,487,315,0.24869729985788724,,,,1.2501853041458715,,,,,,
733523,rivastigmine,Drug,RxNorm,Ingredient,183379,drug_exposure,484,41,0.03237012474340755,,0.037178176410447066,0.07491227378464693,,0.06696428571428571,,,0.006060973392326808,,0.025150905432595575
19007977,lormetazepam,Drug,RxNorm,Ingredient,28894,drug_exposure,482,76,0.06000315806095058,,0.0278836323078353,0.06308402002917636,,,0.12300123001230012,,0.04242681374628765,,
1521369,norethindrone,Drug,RxNorm,Ingredient,7514,drug_exposure,480,13,0.010263698089373125,,,0.02759925876276466,,,,,,,
1125443,dornase alfa,Drug,RxNorm,Ingredient,337623,drug_exposure,472,47,0.03710721616927207,,0.037178176410447066,0.0709695225328234,0.03459010722933241,,,,0.048487787138614465,0.05234231876472128,0.005030181086519115
19014341,atracurium,Drug,RxNorm,Ingredient,1218,drug_exposure,469,36,0.028422548555187114,,,0.0039427512518235225,,,,,,0.8898194190002617,0.005030181086519115
2000000589,Dagravit Total 30,Drug,ICUdata,Observable Entity,2000000589,drug_exposure,467,92,0.07263540186325596,,0.6692071753880472,,,,,,0.05454876053094127,,
1305447,methyldopa,Drug,RxNorm,Ingredient,6876,drug_exposure,467,46,0.03631770093162798,,,0.03942751251823522,0.03459010722933241,0.06696428571428571,,,0.01818292017698042,,0.025150905432595575
19048493,gadobutrol,Drug,RxNorm,Ingredient,84990,drug_exposure,465,361,0.28501500078951525,,,0.29176359263494067,,,,,0.1697072549851506,,
1348265,anastrozole,Drug,RxNorm,Ingredient,84857,drug_exposure,463,62,0.04894994473393337,,0.0278836323078353,0.08674052754011749,,0.044642857142857144,0.06150061500615006,,0.07273168070792169,,
42873636,mirabegron,Drug,RxNorm,Ingredient,1300786,drug_exposure,457,102,0.08053055423969682,,0.037178176410447066,0.043370263770058745,,0.29017857142857145,0.43050430504305043,,0.0787926541002485,0.07851347814708191,
19010886,zuclopenthixol,Drug,RxNorm,Ingredient,114176,drug_exposure,457,39,0.030791094268119375,,0.0278836323078353,0.0354847612664117,,0.022321428571428572,,,0.03030486696163404,,0.060362173038229376
955372,ethanol,Drug,RxNorm,Ingredient,448,drug_exposure,455,137,0.10816358755723986,,0.06506180871828236,0.0039427512518235225,0.5781489351188417,,,,,,
40239985,fidaxomicin,Drug,RxNorm,Ingredient,1111103,drug_exposure,451,33,0.026054002842254856,,,0.043370263770058745,,0.022321428571428572,0.12300123001230012,,0.012121946784653616,,
1305058,methotrexate,Drug,RxNorm,Ingredient,6851,drug_exposure,447,238,0.1879046265592926,,0.0836508969235059,0.13011079131017625,,0.022321428571428572,0.24600246002460024,,0.07273168070792169,0.02617115938236064,
1304107,imatinib,Drug,RxNorm,Ingredient,282388,drug_exposure,444,37,0.0292120637928312,,0.018589088205223533,0.04731301502188227,0.02470721944952315,,,,0.03030486696163404,,
945286,pilocarpine,Drug,RxNorm,Ingredient,8328,drug_exposure,443,18,0.014211274277593557,,0.018589088205223533,0.011828253755470567,0.01976577555961852,,,,0.012121946784653616,,0.02012072434607646
931973,protease,Drug,RxNorm,Ingredient,8031,drug_exposure,443,15,0.011842728564661297,,,,,,,,,0.3925673907354096,
906072,tropicamide,Drug,RxNorm,Ingredient,10869,drug_exposure,441,323,0.25501342175903996,,0.018589088205223533,0.3745613689232346,,0.022321428571428572,,,0.14546336141584337,0.18319811567652447,0.030181086519114688
936748,aprepitant,Drug,RxNorm,Ingredient,358255,drug_exposure,441,126,0.0994789199431549,,0.0278836323078353,0.05519851752552932,,,,,0.012121946784653616,,
1500211,medroxyprogesterone,Drug,RxNorm,Ingredient,6691,drug_exposure,436,28,0.022106426654034422,,0.018589088205223533,0.011828253755470567,,,,,0.04242681374628765,,
2000000595,Multivitamine Pro haemo,Drug,ICUdata,Observable Entity,2000000595,drug_exposure,435,46,0.03631770093162798,,,,,0.3125,1.968019680196802,,,,
19010792,cyproterone,Drug,RxNorm,Ingredient,3014,drug_exposure,434,25,0.019737880941102164,,0.009294544102611766,0.02759925876276466,,0.044642857142857144,0.06150061500615006,,0.03030486696163404,,
36030344,dorzolamide / timolol,Drug,RxNorm,Multiple Ingredients,662263,drug_exposure,430,32,0.02526448760461077,,,,,0.26785714285714285,0.43050430504305043,,,0.26171159382360637,
778947,emtricitabine / tenofovir alafenamide,Drug,RxNorm,Multiple Ingredients,1727491,drug_exposure,429,29,0.02289594189167851,,,0.05914126877735284,,,,,,0.07851347814708191,
1781733,atovaquone,Drug,RxNorm,Ingredient,60212,drug_exposure,426,32,0.02526448760461077,,,0.01971375625911761,0.02470721944952315,,,,0.012121946784653616,,0.01006036217303823
1388796,leucovorin,Drug,RxNorm,Ingredient,6313,drug_exposure,425,41,0.03237012474340755,,0.009294544102611766,0.0709695225328234,,,,,,,
967861,magnesium citrate,Drug,RxNorm,Ingredient,52356,drug_exposure,423,38,0.03000157903047529,,0.009294544102611766,0.01577100500729409,,,,,0.01818292017698042,0.5234231876472127,
19005147,methotrimeprazine,Drug,RxNorm,Ingredient,6852,drug_exposure,421,78,0.06158218853623875,,0.278836323078353,0.023656507510941133,,,,,0.012121946784653616,,
1395557,fludarabine,Drug,RxNorm,Ingredient,24698,drug_exposure,417,101,0.07974103900205275,,,0.007885502503647045,,,,,,,
920458,betamethasone,Drug,RxNorm,Ingredient,1514,drug_exposure,415,110,0.08684667614084952,,0.009294544102611766,0.07885502503647045,0.03459010722933241,0.06696428571428571,,,0.07273168070792169,0.15702695629416383,0.005030181086519115
36029196,aluminum hydroxide / magnesium hydroxide,Drug,RxNorm,Multiple Ingredients,1009149,drug_exposure,415,118,0.09316279804200221,,0.07435635282089413,,,0.42410714285714285,,,,0.13085579691180318,
19035631,calcitriol,Drug,RxNorm,Ingredient,1894,drug_exposure,412,35,0.027633033317543028,,0.009294544102611766,0.03942751251823522,,0.11160714285714286,,,0.03636584035396084,,
40173184,levosimendan,Drug,RxNorm,Ingredient,73107,drug_exposure,408,147,0.11605873993368072,,0.0278836323078353,,0.5781489351188417,0.3125,,,,,
756349,flurazepam,Drug,RxNorm,Ingredient,4501,drug_exposure,403,50,0.03947576188220433,,0.009294544102611766,0.03154201001458818,0.04447299500914167,,,,0.012121946784653616,,0.030181086519114688
1317640,telmisartan,Drug,RxNorm,Ingredient,73494,drug_exposure,403,115,0.09079425232906996,,0.009294544102611766,0.007885502503647045,,0.044642857142857144,0.36900369003690037,,0.06667070731559488,0.05234231876472128,
1301125,epoetin alfa,Drug,RxNorm,Ingredient,105694,drug_exposure,396,81,0.06395073424917101,,,0.06702677128099988,0.00988288777980926,0.022321428571428572,,,0.0848536274925753,,
36029269,isoniazid / rifampin,Drug,RxNorm,Multiple Ingredients,106876,drug_exposure,386,32,0.02526448760461077,,0.009294544102611766,0.0039427512518235225,,,,,0.07273168070792169,,
19018013,micafungin,Drug,RxNorm,Ingredient,325887,drug_exposure,385,59,0.046581399021001106,,,,0.17295053614666206,,,,0.06667070731559488,0.13085579691180318,
966956,silver sulfadiazine,Drug,RxNorm,Ingredient,9793,drug_exposure,385,34,0.026843518079898942,,0.009294544102611766,0.0039427512518235225,0.10871176557790187,,,,,0.05234231876472128,
929549,acetic acid,Drug,RxNorm,Ingredient,168,drug_exposure,379,22,0.017369335228169903,,,0.01577100500729409,0.04447299500914167,0.022321428571428572,,,0.012121946784653616,,
778974,bictegravir / emtricitabine / tenofovir alafenamide,Drug,RxNorm,Multiple Ingredients,1996259,drug_exposure,374,32,0.02526448760461077,,0.009294544102611766,0.051255766273705795,,0.044642857142857144,,,0.012121946784653616,0.07851347814708191,
19030353,bromazepam,Drug,RxNorm,Ingredient,1749,drug_exposure,372,30,0.023685457129322594,,0.009294544102611766,0.007885502503647045,,0.022321428571428572,0.18450184501845018,,0.03030486696163404,,
1344381,bicalutamide,Drug,RxNorm,Ingredient,83008,drug_exposure,370,48,0.037896731406916156,,0.009294544102611766,0.051255766273705795,,0.06696428571428571,0.06150061500615006,,0.06667070731559488,,
1738135,efavirenz,Drug,RxNorm,Ingredient,195085,drug_exposure,364,28,0.022106426654034422,,0.009294544102611766,0.023656507510941133,0.08894599001828334,,,,,,
19059528,alfentanil,Drug,RxNorm,Ingredient,480,drug_exposure,364,198,0.15632401705352914,,,0.011828253755470567,,0.9598214285714286,1.6605166051660516,,0.048487787138614465,,
1710612,zidovudine,Drug,RxNorm,Ingredient,11413,drug_exposure,362,21,0.016579819990525817,,,0.011828253755470567,0.06918021445866482,,,,,0.02617115938236064,
719311,dextroamphetamine,Drug,RxNorm,Ingredient,3288,drug_exposure,362,23,0.01815885046581399,,0.0557672646156706,0.02759925876276466,,0.022321428571428572,,,0.01818292017698042,0.02617115938236064,
1350504,etoposide,Drug,RxNorm,Ingredient,4179,drug_exposure,361,80,0.06316121901152692,,0.018589088205223533,0.16953830382841145,,,,,,0.07851347814708191,
19057607,amisulpride,Drug,RxNorm,Ingredient,46303,drug_exposure,357,10,0.007895152376440865,,0.009294544102611766,0.01577100500729409,,,,,0.006060973392326808,0.05234231876472128,
19038440,basiliximab,Drug,RxNorm,Ingredient,196102,drug_exposure,346,273,0.21553765987683562,,,0.007885502503647045,,,,,0.0848536274925753,1.6226118817063595,
45892906,C1 esterase inhibitor,Drug,RxNorm,Ingredient,1599832,drug_exposure,344,10,0.007895152376440865,,0.018589088205223533,0.023656507510941133,,0.022321428571428572,,,,,
909795,nepafenac,Drug,RxNorm,Ingredient,298665,drug_exposure,340,38,0.03000157903047529,,,0.05914126877735284,,0.044642857142857144,0.06150061500615006,,0.03636584035396084,,
36030140,latanoprost / timolol,Drug,RxNorm,Multiple Ingredients,388053,drug_exposure,340,16,0.012632243802305385,,,,,0.13392857142857142,0.06150061500615006,,,0.05234231876472128,0.035211267605633804
705178,trihexyphenidyl,Drug,RxNorm,Ingredient,10811,drug_exposure,340,20,0.01579030475288173,,0.009294544102611766,0.01577100500729409,0.03459010722933241,0.022321428571428572,,,0.006060973392326808,,
1505346,liothyronine,Drug,RxNorm,Ingredient,10814,drug_exposure,339,23,0.01815885046581399,,0.046472720513058834,0.01577100500729409,,,,,0.03636584035396084,0.02617115938236064,
1792515,chloroquine,Drug,RxNorm,Ingredient,2393,drug_exposure,339,67,0.052897520922153794,,0.17659633794962357,0.011828253755470567,,,,,0.09091460088490212,,
36029629,factor IX / factor VII / factor X / protein C / protein S / prothrombin,Drug,RxNorm,Multiple Ingredients,1484957,drug_exposure,336,288,0.2273803884414969,,,0.5480424240034696,,,,,,,
1548195,estradiol,Drug,RxNorm,Ingredient,4083,drug_exposure,336,44,0.034738670456339805,,0.018589088205223533,0.06702677128099988,,0.06696428571428571,,,0.03636584035396084,0.02617115938236064,
1301025,enoxaparin,Drug,RxNorm,Ingredient,67108,drug_exposure,334,41,0.03237012474340755,,0.0278836323078353,0.01971375625911761,,,,,0.03030486696163404,,
1355889,amifampridine,Drug,RxNorm,Ingredient,2106338,drug_exposure,331,5,0.003947576188220433,,,0.011828253755470567,,,,,0.006060973392326808,,
1322081,betaxolol,Drug,RxNorm,Ingredient,1520,drug_exposure,330,22,0.017369335228169903,,0.046472720513058834,0.011828253755470567,0.02470721944952315,,,,0.012121946784653616,,0.015090543259557344
732309,pergolide,Drug,RxNorm,Ingredient,8047,drug_exposure,329,9,0.0071056371387967785,,,,0.03953155111923704,,,,,,
939976,sodium sulfate,Drug,RxNorm,Ingredient,36721,drug_exposure,329,170,0.1342175903994947,,0.7435635282089413,0.1774238063320585,,0.022321428571428572,,,0.012121946784653616,0.07851347814708191,
19011091,deferiprone,Drug,RxNorm,Ingredient,11645,drug_exposure,325,4,0.0031580609505763462,,,0.007885502503647045,,,,,,,
44506752,riociguat,Drug,RxNorm,Ingredient,1439816,drug_exposure,324,14,0.011053213327017211,,0.009294544102611766,0.01971375625911761,,,,,0.03030486696163404,,
19047423,abciximab,Drug,RxNorm,Ingredient,83929,drug_exposure,323,276,0.2179062055897679,,,0.051255766273705795,0.6028561545683648,,,,0.006060973392326808,,0.4778672032193159
1310149,warfarin,Drug,RxNorm,Ingredient,11289,drug_exposure,323,88,0.06947734091267961,,,0.0039427512518235225,0.00494144388990463,,,,,,
730548,bromocriptine,Drug,RxNorm,Ingredient,1760,drug_exposure,323,19,0.015000789515237645,,,0.051255766273705795,,0.022321428571428572,,,0.006060973392326808,,0.005030181086519115
1000632,clotrimazole,Drug,RxNorm,Ingredient,2623,drug_exposure,322,67,0.052897520922153794,,,0.0709695225328234,,,,,0.024243893569307232,,
1380191,interferon gamma-1b,Drug,RxNorm,Ingredient,5882,drug_exposure,319,49,0.03868624664456024,,,0.023656507510941133,,,,,0.06667070731559488,,
950056,povidone,Drug,RxNorm,Ingredient,8610,drug_exposure,317,20,0.01579030475288173,,,,,0.13392857142857142,0.24600246002460024,,,,0.04527162977867203
1760039,pyrimethamine,Drug,RxNorm,Ingredient,9010,drug_exposure,317,30,0.023685457129322594,,,0.007885502503647045,0.05929732667885556,,,,0.006060973392326808,0.2093692750588851,0.01006036217303823
42898933,defibrotide,Drug,RxNorm,Ingredient,1311089,drug_exposure,316,4,0.0031580609505763462,,,0.007885502503647045,,,,,,0.05234231876472128,
711452,benzoate,Drug,RxNorm,Ingredient,70589,drug_exposure,313,16,0.012632243802305385,,0.009294544102611766,,,,,,0.05454876053094127,,
1721543,norfloxacin,Drug,RxNorm,Ingredient,7517,drug_exposure,311,46,0.03631770093162798,,,0.0354847612664117,,,,,0.01818292017698042,,0.030181086519114688
1331235,quinapril,Drug,RxNorm,Ingredient,35208,drug_exposure,307,59,0.046581399021001106,,,0.007885502503647045,,,,,0.012121946784653616,,
997276,cimetidine,Drug,RxNorm,Ingredient,2541,drug_exposure,303,31,0.024474972366966684,,,0.043370263770058745,,,,,0.01818292017698042,0.02617115938236064,0.005030181086519115
1351461,procainamide,Drug,RxNorm,Ingredient,8700,drug_exposure,302,62,0.04894994473393337,,0.0836508969235059,,0.03953155111923704,0.022321428571428572,,,0.05454876053094127,0.10468463752944256,0.11066398390342053
40170911,liraglutide,Drug,RxNorm,Ingredient,475968,drug_exposure,300,48,0.037896731406916156,,,0.007885502503647045,,,,,0.01818292017698042,,
1742432,tigecycline,Drug,RxNorm,Ingredient,384455,drug_exposure,299,18,0.014211274277593557,,,0.02759925876276466,,,,,0.03636584035396084,,0.005030181086519115
1352213,factor VIII,Drug,RxNorm,Ingredient,4257,drug_exposure,299,22,0.017369335228169903,,,0.01971375625911761,0.03953155111923704,,,,0.012121946784653616,,0.015090543259557344
1762711,ribavirin,Drug,RxNorm,Ingredient,9344,drug_exposure,297,20,0.01579030475288173,,,0.0354847612664117,,,,,0.024243893569307232,0.02617115938236064,0.005030181086519115
750982,bupropion,Drug,RxNorm,Ingredient,42347,drug_exposure,290,44,0.034738670456339805,,0.046472720513058834,0.03942751251823522,,0.13392857142857142,0.12300123001230012,,0.01818292017698042,,
43532299,dabrafenib,Drug,RxNorm,Ingredient,1424911,drug_exposure,288,10,0.007895152376440865,,,0.011828253755470567,,,,,0.006060973392326808,,
1336926,tadalafil,Drug,RxNorm,Ingredient,358263,drug_exposure,285,27,0.021316911416390336,,,0.03942751251823522,,,,,0.04242681374628765,,
36029673,abacavir / dolutegravir / lamivudine,Drug,RxNorm,Multiple Ingredients,1546887,drug_exposure,285,19,0.015000789515237645,,,0.01971375625911761,,,,,0.03636584035396084,,
19097481,cinnarizine,Drug,RxNorm,Ingredient,2549,drug_exposure,283,29,0.02289594189167851,,0.009294544102611766,0.011828253755470567,,,,,0.024243893569307232,,
1326901,papaverine,Drug,RxNorm,Ingredient,7895,drug_exposure,283,263,0.20764250750039476,,,0.043370263770058745,,,,,,,
1711246,entecavir,Drug,RxNorm,Ingredient,306266,drug_exposure,281,31,0.024474972366966684,,0.018589088205223533,0.051255766273705795,,,,,0.04242681374628765,,
2000000596,selective digestive decontamination - order,Drug,ICUdata,Observable Entity,2000000596,drug_exposure,276,29,0.02289594189167851,,,,0.12847754113752038,,,,,,
45775372,dabigatran,Drug,RxNorm,Ingredient,1546356,drug_exposure,274,46,0.03631770093162798,,,,,,,,0.048487787138614465,,
19029644,acipimox,Drug,RxNorm,Ingredient,16817,drug_exposure,273,23,0.01815885046581399,,0.009294544102611766,0.02759925876276466,,0.022321428571428572,,,0.012121946784653616,,
35605546,tenofovir alafenamide,Drug,RxNorm,Ingredient,1721603,drug_exposure,273,17,0.013421759039949471,,0.009294544102611766,0.023656507510941133,,,,,0.012121946784653616,0.18319811567652447,
36030246,ezetimibe / simvastatin,Drug,RxNorm,Multiple Ingredients,484211,drug_exposure,269,76,0.06000315806095058,,,0.007885502503647045,,0.13392857142857142,0.18450184501845018,,0.12121946784653616,,
1037005,dronabinol,Drug,RxNorm,Ingredient,10402,drug_exposure,268,3,0.0023685457129322598,,,,,,,,0.012121946784653616,,0.005030181086519115
43526424,dimethyl fumarate,Drug,RxNorm,Ingredient,1373478,drug_exposure,267,57,0.045002368545712934,,0.1115345292313412,0.011828253755470567,,,,,0.012121946784653616,,
951469,calcium acetate,Drug,RxNorm,Ingredient,214342,drug_exposure,264,26,0.02052739617874625,,,0.011828253755470567,0.0988288777980926,,,,0.006060973392326808,,
956653,fosfomycin,Drug,RxNorm,Ingredient,4550,drug_exposure,258,105,0.08289909995262909,,0.018589088205223533,0.007885502503647045,,0.022321428571428572,0.24600246002460024,,0.03636584035396084,,
36879144,Rupatadine,Drug,RxNorm Extension,Ingredient,OMOP994954,drug_exposure,255,6,0.0047370914258645196,,,0.0039427512518235225,,0.022321428571428572,0.06150061500615006,,0.006060973392326808,,
43012202,fluorodeoxyglucose F18,Drug,RxNorm,Ingredient,1362737,drug_exposure,255,237,0.18711511132164851,,,,,,,,0.315170616400994,,
19026459,tapentadol,Drug,RxNorm,Ingredient,787390,drug_exposure,255,18,0.014211274277593557,,,0.023656507510941133,,0.044642857142857144,,,0.012121946784653616,,
1236744,terbutaline,Drug,RxNorm,Ingredient,10368,drug_exposure,254,27,0.021316911416390336,,0.018589088205223533,0.011828253755470567,,0.022321428571428572,0.06150061500615006,,0.024243893569307232,,0.02012072434607646
36878620,Sulprostone,Drug,RxNorm Extension,Ingredient,OMOP1004275,drug_exposure,249,113,0.08921522185378178,,0.557672646156706,,0.18777486781637595,0.044642857142857144,,,,0.10468463752944256,
19113045,heparinoids,Drug,RxNorm,Ingredient,5228,drug_exposure,246,66,0.05210800568450971,,,0.0039427512518235225,,1.1160714285714286,0.06150061500615006,,,,0.025150905432595575
42709325,tafluprost,Drug,RxNorm,Ingredient,1244607,drug_exposure,245,24,0.018948365703458078,,0.046472720513058834,0.01577100500729409,,0.044642857142857144,0.06150061500615006,,0.03030486696163404,,
950098,ciclopirox,Drug,RxNorm,Ingredient,21090,drug_exposure,243,34,0.026843518079898942,,0.018589088205223533,0.007885502503647045,,0.022321428571428572,0.43050430504305043,,0.006060973392326808,0.18319811567652447,
962398,glycine,Drug,RxNorm,Ingredient,4919,drug_exposure,242,59,0.046581399021001106,,,,0.2915451895043732,,,,,,
40798855,Glycerophosphoric Acid,Drug,RxNorm Extension,Ingredient,OMOP2721197,drug_exposure,241,142,0.11211116374546029,,,,,,,,,3.7163046322952105,
35604848,selexipag,Drug,RxNorm,Ingredient,1729002,drug_exposure,241,4,0.0031580609505763462,,,0.0039427512518235225,,,,,0.012121946784653616,,
36029818,"insulin aspart, human / insulin degludec",Drug,RxNorm,Multiple Ingredients,1994310,drug_exposure,241,25,0.019737880941102164,,,0.011828253755470567,,0.022321428571428572,0.06150061500615006,,0.012121946784653616,,
19049038,estriol,Drug,RxNorm,Ingredient,4094,drug_exposure,238,50,0.03947576188220433,,0.0278836323078353,0.0354847612664117,,,,,0.06667070731559488,,
1594003,midostaurin,Drug,RxNorm,Ingredient,1919083,drug_exposure,231,10,0.007895152376440865,,,0.007885502503647045,,,,,0.006060973392326808,,
920378,nitrofurazone,Drug,RxNorm,Ingredient,7455,drug_exposure,231,32,0.02526448760461077,,,,0.14824331669713892,,,,,,
1584910,somatropin,Drug,RxNorm,Ingredient,61148,drug_exposure,230,18,0.014211274277593557,,0.009294544102611766,0.023656507510941133,,,,,0.03636584035396084,,0.005030181086519115
46275677,cangrelor,Drug,RxNorm,Ingredient,1656052,drug_exposure,230,110,0.08684667614084952,,0.15800724974440003,,,0.044642857142857144,,,,0.05234231876472128,
35894913,Disodium phosphate anhydrous,Drug,RxNorm Extension,Ingredient,OMOP5042937,drug_exposure,227,147,0.11605873993368072,,,,,,,,,3.847160429207014,
36030299,abacavir / lamivudine,Drug,RxNorm,Multiple Ingredients,614534,drug_exposure,227,18,0.014211274277593557,,,0.02759925876276466,,,,,0.012121946784653616,,
778268,imipramine,Drug,RxNorm,Ingredient,5691,drug_exposure,223,17,0.013421759039949471,,0.009294544102611766,0.011828253755470567,,,,,0.024243893569307232,,
794852,chlorpromazine,Drug,RxNorm,Ingredient,2403,drug_exposure,222,32,0.02526448760461077,,0.037178176410447066,,,,,,0.012121946784653616,,0.060362173038229376
1150345,meloxicam,Drug,RxNorm,Ingredient,41493,drug_exposure,222,44,0.034738670456339805,,0.009294544102611766,,,0.022321428571428572,,,0.01818292017698042,,
786426,rotigotine,Drug,RxNorm,Ingredient,616739,drug_exposure,221,23,0.01815885046581399,,0.037178176410447066,0.023656507510941133,,,,,0.03636584035396084,,
1437379,thioguanine,Drug,RxNorm,Ingredient,10485,drug_exposure,218,21,0.016579819990525817,,,0.011828253755470567,,0.044642857142857144,,,0.03030486696163404,,
751347,primidone,Drug,RxNorm,Ingredient,8691,drug_exposure,217,14,0.011053213327017211,,,0.02759925876276466,,,,,0.006060973392326808,,
36256123,calcium gluconolactaat,Drug,RxNorm Extension,Ingredient,OMOP3134927,drug_exposure,216,129,0.10184746565608717,,,,,1.8303571428571428,2.7675276752767526,,,,
1317967,aliskiren,Drug,RxNorm,Ingredient,325646,drug_exposure,216,28,0.022106426654034422,,0.037178176410447066,0.01971375625911761,,,,,0.01818292017698042,,
44507865,prothrombin,Drug,RxNorm,Ingredient,1441688,drug_exposure,215,178,0.1405337123006474,,0.7621526164141649,,,,,,,,0.08048289738430583
778926,umeclidinium / vilanterol,Drug,RxNorm,Multiple Ingredients,1487518,drug_exposure,214,51,0.04026527711984841,,0.046472720513058834,0.03154201001458818,,0.24553571428571427,0.6150061500615006,,0.024243893569307232,,
19086759,cephalothin,Drug,RxNorm,Ingredient,2236,drug_exposure,213,22,0.017369335228169903,,,,0.09388743390818798,,,,,,
19011021,moxonidine,Drug,RxNorm,Ingredient,30257,drug_exposure,212,23,0.01815885046581399,,0.0836508969235059,,,,,,,,
941258,docusate,Drug,RxNorm,Ingredient,82003,drug_exposure,212,124,0.09789988946786674,,0.12082907333395297,0.011828253755470567,,,,,,,
40240664,indacaterol,Drug,RxNorm,Ingredient,1114326,drug_exposure,211,32,0.02526448760461077,,0.018589088205223533,0.023656507510941133,,0.06696428571428571,,,0.024243893569307232,,
19030493,bromhexine,Drug,RxNorm,Ingredient,1753,drug_exposure,209,21,0.016579819990525817,,0.009294544102611766,0.007885502503647045,,,,,0.01818292017698042,,0.01006036217303823
40171288,tocilizumab,Drug,RxNorm,Ingredient,612865,drug_exposure,207,186,0.1468498342018001,,,,,0.022321428571428572,0.5535055350553506,0.5619517543859649,,0.23554043444124576,
836877,tetrabenazine,Drug,RxNorm,Ingredient,10390,drug_exposure,206,6,0.0047370914258645196,,,0.01577100500729409,,,,,,,
19011331,barium sulfate,Drug,RxNorm,Ingredient,1331,drug_exposure,205,149,0.11763777040896889,,,0.007885502503647045,,,,,,,0.704225352112676
745790,pimozide,Drug,RxNorm,Ingredient,8331,drug_exposure,204,28,0.022106426654034422,,0.018589088205223533,0.011828253755470567,,0.022321428571428572,0.06150061500615006,,0.01818292017698042,,0.035211267605633804
1101898,leflunomide,Drug,RxNorm,Ingredient,27169,drug_exposure,203,27,0.021316911416390336,,,0.01971375625911761,,,,,0.024243893569307232,0.02617115938236064,
1136980,ketorolac,Drug,RxNorm,Ingredient,35827,drug_exposure,203,22,0.017369335228169903,,0.009294544102611766,,,0.022321428571428572,,,0.048487787138614465,,
703470,tranylcypromine,Drug,RxNorm,Ingredient,10734,drug_exposure,201,10,0.007895152376440865,,0.0278836323078353,0.011828253755470567,,,,,0.012121946784653616,,
1511646,pamidronate,Drug,RxNorm,Ingredient,11473,drug_exposure,200,132,0.10421601136901942,,0.0278836323078353,0.14982454756929386,,,,,,0.02617115938236064,0.176056338028169
43012518,bedaquiline,Drug,RxNorm,Ingredient,1364504,drug_exposure,199,10,0.007895152376440865,,0.009294544102611766,,,,,,0.024243893569307232,,
19080406,anti-inhibitor coagulant complex,Drug,RxNorm,Ingredient,314504,drug_exposure,198,7,0.005526606663508606,,,0.02759925876276466,,,,,,,
976545,potassium citrate,Drug,RxNorm,Ingredient,54993,drug_exposure,197,26,0.02052739617874625,,,0.01971375625911761,,0.022321428571428572,0.06150061500615006,,0.006060973392326808,,
19014215,sodium lauryl sulfoacetate,Drug,RxNorm,Ingredient,314832,drug_exposure,196,117,0.09237328280435812,,0.12082907333395297,0.023656507510941133,,,,,,0.26171159382360637,
36030123,desogestrel / ethinyl estradiol,Drug,RxNorm,Multiple Ingredients,324044,drug_exposure,195,18,0.014211274277593557,,0.037178176410447066,0.0039427512518235225,,0.022321428571428572,,,0.01818292017698042,,
19050104,carnitine,Drug,RxNorm,Ingredient,2106,drug_exposure,194,8,0.0063161219011526925,,,,0.03953155111923704,,,,,,
1798476,clofazimine,Drug,RxNorm,Ingredient,2592,drug_exposure,194,9,0.0071056371387967785,,,,,,,,0.03636584035396084,,
19004539,lacidipine,Drug,RxNorm,Ingredient,28382,drug_exposure,193,72,0.05684509711037423,,0.009294544102611766,,,,,0.31067251461988304,,,
1335539,phentolamine,Drug,RxNorm,Ingredient,8153,drug_exposure,191,35,0.027633033317543028,,0.046472720513058834,0.02759925876276466,,0.022321428571428572,,,0.04242681374628765,0.10468463752944256,0.005030181086519115
994341,meclizine,Drug,RxNorm,Ingredient,6676,drug_exposure,187,11,0.008684667614084951,,0.009294544102611766,0.01971375625911761,,,,,,,
1781406,stavudine,Drug,RxNorm,Ingredient,59763,drug_exposure,186,8,0.0063161219011526925,,,,0.02964866333942778,,,,,,
19069022,sodium fluoride,Drug,RxNorm,Ingredient,9873,drug_exposure,186,15,0.011842728564661297,,,0.023656507510941133,,0.022321428571428572,,,0.006060973392326808,,
36029292,chlorhexidine / lidocaine,Drug,RxNorm,Multiple Ingredients,107603,drug_exposure,185,155,0.12237486183483341,,0.49261083743842365,,,,,,,,
1350489,prazosin,Drug,RxNorm,Ingredient,8629,drug_exposure,185,14,0.011053213327017211,,,,0.05929732667885556,,,,,,
36030124,cilastatin / imipenem,Drug,RxNorm,Multiple Ingredients,34482,drug_exposure,185,5,0.003947576188220433,,,,,,,,0.006060973392326808,0.10468463752944256,
703244,paliperidone,Drug,RxNorm,Ingredient,679314,drug_exposure,183,19,0.015000789515237645,,0.0278836323078353,0.01971375625911761,,0.022321428571428572,,,0.006060973392326808,,
19129738,paraffin,Drug,RxNorm,Ingredient,7906,drug_exposure,179,41,0.03237012474340755,,,,,0.08928571428571429,0.24600246002460024,,0.06667070731559488,,
1790868,amikacin,Drug,RxNorm,Ingredient,641,drug_exposure,178,23,0.01815885046581399,,0.018589088205223533,,,,,,0.01818292017698042,0.02617115938236064,0.07545271629778671
978555,indapamide,Drug,RxNorm,Ingredient,5764,drug_exposure,177,32,0.02526448760461077,,0.018589088205223533,0.01971375625911761,,,,,,,
19136626,sulpiride,Drug,RxNorm,Ingredient,10239,drug_exposure,176,14,0.011053213327017211,,,0.023656507510941133,,,,,0.024243893569307232,,
1836430,sulfamethoxazole,Drug,RxNorm,Ingredient,10180,drug_exposure,176,25,0.019737880941102164,,,,,,,,,0.654278984559016,
1559684,glyburide,Drug,RxNorm,Ingredient,4815,drug_exposure,175,22,0.017369335228169903,,,,,,,,,,0.01006036217303823
19041933,tibolone,Drug,RxNorm,Ingredient,38260,drug_exposure,175,15,0.011842728564661297,,,0.01577100500729409,,0.022321428571428572,0.06150061500615006,,0.01818292017698042,,
1366428,caplacizumab,Drug,RxNorm,Ingredient,2110605,drug_exposure,173,13,0.010263698089373125,,0.018589088205223533,0.03154201001458818,,,,,0.006060973392326808,,
19012925,silodosin,Drug,RxNorm,Ingredient,720825,drug_exposure,173,38,0.03000157903047529,,0.009294544102611766,0.0039427512518235225,,0.022321428571428572,0.06150061500615006,,0.03030486696163404,,
36030766,dydrogesterone / estradiol,Drug,RxNorm,Multiple Ingredients,729536,drug_exposure,172,21,0.016579819990525817,,0.018589088205223533,0.01971375625911761,,0.06696428571428571,0.06150061500615006,,0.012121946784653616,,
1352141,factor VIIa,Drug,RxNorm,Ingredient,4256,drug_exposure,172,57,0.045002368545712934,,,0.06308402002917636,,,,,0.048487787138614465,,0.11066398390342053
986117,ketotifen,Drug,RxNorm,Ingredient,6146,drug_exposure,170,10,0.007895152376440865,,0.009294544102611766,0.007885502503647045,,,,,0.01818292017698042,,
1153428,fexofenadine,Drug,RxNorm,Ingredient,87636,drug_exposure,167,31,0.024474972366966684,,0.018589088205223533,0.007885502503647045,,0.06696428571428571,0.24600246002460024,,0.06060973392326808,,
2000000578,cold cream,Drug,ICUdata,Observable Entity,2000000578,drug_exposure,167,40,0.03158060950576346,,,,,0.29017857142857145,1.2300123001230012,,0.012121946784653616,,
1396131,ferrous sulfate,Drug,RxNorm,Ingredient,24947,drug_exposure,167,35,0.027633033317543028,,0.009294544102611766,0.0039427512518235225,,0.022321428571428572,,,0.05454876053094127,,
36027018,dutasteride / tamsulosin,Drug,RxNorm,Multiple Ingredients,1001472,drug_exposure,167,46,0.03631770093162798,,0.018589088205223533,0.007885502503647045,,0.26785714285714285,0.6150061500615006,,,0.05234231876472128,
778827,efavirenz / emtricitabine / tenofovir disoproxil,Drug,RxNorm,Multiple Ingredients,1007761,drug_exposure,163,17,0.013421759039949471,,,0.03154201001458818,,,,,0.006060973392326808,,0.01006036217303823
778946,cobicistat / elvitegravir / emtricitabine / tenofovir alafenamide,Drug,RxNorm,Multiple Ingredients,1721612,drug_exposure,162,12,0.009474182851729039,,,0.03154201001458818,,0.022321428571428572,,,,,
778919,fluticasone / vilanterol,Drug,RxNorm,Multiple Ingredients,1424888,drug_exposure,162,32,0.02526448760461077,,0.046472720513058834,0.0039427512518235225,,0.13392857142857142,0.12300123001230012,,,,
1304565,rasburicase,Drug,RxNorm,Ingredient,283821,drug_exposure,161,78,0.06158218853623875,,0.06506180871828236,0.01577100500729409,0.22730641893561299,,,,,0.15702695629416383,
45775396,nintedanib,Drug,RxNorm,Ingredient,1592737,drug_exposure,161,12,0.009474182851729039,,,0.023656507510941133,,0.022321428571428572,,,0.012121946784653616,,
44507848,ibrutinib,Drug,RxNorm,Ingredient,1442981,drug_exposure,160,14,0.011053213327017211,,,0.01577100500729409,,,,,0.012121946784653616,,
43012169,propylene glycol alginate,Drug,RxNorm,Ingredient,1361656,drug_exposure,157,32,0.02526448760461077,,,,0.15812620447694817,,,,,,
19044337,physostigmine,Drug,RxNorm,Ingredient,8299,drug_exposure,156,129,0.10184746565608717,,0.06506180871828236,0.04731301502188227,0.39037406730246577,,,,0.03636584035396084,,0.060362173038229376
911735,rabeprazole,Drug,RxNorm,Ingredient,114979,drug_exposure,156,34,0.026843518079898942,,0.0278836323078353,0.0039427512518235225,,0.044642857142857144,,,0.024243893569307232,,
1741309,terbinafine,Drug,RxNorm,Ingredient,37801,drug_exposure,156,20,0.01579030475288173,,,0.007885502503647045,,,,,0.012121946784653616,0.02617115938236064,
1139179,bromfenac,Drug,RxNorm,Ingredient,19737,drug_exposure,155,23,0.01815885046581399,,0.06506180871828236,0.011828253755470567,,0.022321428571428572,0.06150061500615006,,0.024243893569307232,,
1353776,felodipine,Drug,RxNorm,Ingredient,4316,drug_exposure,154,36,0.028422548555187114,,0.018589088205223533,0.0039427512518235225,,0.06696428571428571,,,,,
19097463,gadoteridol,Drug,RxNorm,Ingredient,25483,drug_exposure,152,141,0.1113216485078162,,0.1115345292313412,,,0.13392857142857142,,,,,
905518,methylene blue,Drug,RxNorm,Ingredient,6878,drug_exposure,152,116,0.09158376756671403,,0.1951854261548471,0.09068327879194102,0.15812620447694817,0.044642857142857144,0.06150061500615006,,0.04242681374628765,,
909841,methylnaltrexone,Drug,RxNorm,Ingredient,29899,drug_exposure,151,65,0.05131849044686562,,0.018589088205223533,0.01971375625911761,,0.06696428571428571,,,0.024243893569307232,0.7589636220884585,
19092139,lepirudin,Drug,RxNorm,Ingredient,237057,drug_exposure,150,6,0.0047370914258645196,,,,0.01976577555961852,,,,,,
19010652,moclobemide,Drug,RxNorm,Ingredient,30121,drug_exposure,148,4,0.0031580609505763462,,,0.007885502503647045,,,,,,,
19136207,"lymphocyte immune globulin, anti-thymocyte globulin",Drug,RxNorm,Ingredient,1011,drug_exposure,147,25,0.019737880941102164,,,0.02759925876276466,,,,,,,
1552310,progesterone,Drug,RxNorm,Ingredient,8727,drug_exposure,146,16,0.012632243802305385,,0.009294544102611766,0.01971375625911761,,0.022321428571428572,0.06150061500615006,,0.006060973392326808,,
2000000580,dexamethasone / framycetin / gramicidin,Drug,ICUdata,Observable Entity,2000000580,drug_exposure,146,16,0.012632243802305385,,,,0.07412165834856946,,,,,0.02617115938236064,
910232,cyclopentolate,Drug,RxNorm,Ingredient,3001,drug_exposure,145,11,0.008684667614084951,,,0.007885502503647045,,,,,,,
19043959,acamprosate,Drug,RxNorm,Ingredient,82819,drug_exposure,145,8,0.0063161219011526925,,,0.011828253755470567,,,,,0.01818292017698042,,
1518148,colesevelam,Drug,RxNorm,Ingredient,141626,drug_exposure,145,6,0.0047370914258645196,,,0.007885502503647045,,,,,0.006060973392326808,,
42904177,perampanel,Drug,RxNorm,Ingredient,1356552,drug_exposure,144,9,0.0071056371387967785,,0.009294544102611766,0.02759925876276466,,,,,,,
1797258,cilastatin,Drug,RxNorm,Ingredient,2540,drug_exposure,144,4,0.0031580609505763462,,,,,,,,,0.10468463752944256,
932815,levobunolol,Drug,RxNorm,Ingredient,1813,drug_exposure,144,3,0.0023685457129322598,,0.009294544102611766,,,,,,0.006060973392326808,,
40239056,abiraterone,Drug,RxNorm,Ingredient,1100072,drug_exposure,144,18,0.014211274277593557,,0.009294544102611766,0.011828253755470567,,0.11160714285714286,0.12300123001230012,,0.006060973392326808,,
19122137,vildagliptin,Drug,RxNorm,Ingredient,596554,drug_exposure,143,25,0.019737880941102164,,,0.007885502503647045,,,,,0.006060973392326808,,
1503501,lanreotide,Drug,RxNorm,Ingredient,68092,drug_exposure,142,107,0.08447813042791726,,,0.007885502503647045,,,,,0.04242681374628765,,
1308473,tinzaparin,Drug,RxNorm,Ingredient,69646,drug_exposure,142,18,0.014211274277593557,,,0.011828253755470567,0.01976577555961852,,,,0.006060973392326808,,
40226742,olmesartan,Drug,RxNorm,Ingredient,321064,drug_exposure,140,32,0.02526448760461077,,,0.007885502503647045,,0.06696428571428571,0.3075030750307503,,0.01818292017698042,,
42904205,tofacitinib,Drug,RxNorm,Ingredient,1357536,drug_exposure,137,6,0.0047370914258645196,,0.009294544102611766,0.007885502503647045,,,,,,,
19136187,streptokinase,Drug,RxNorm,Ingredient,10106,drug_exposure,136,34,0.026843518079898942,,,,0.09388743390818798,,,,,,0.07042253521126761
44785066,sucroferric oxyhydroxide,Drug,RxNorm,Ingredient,1484283,drug_exposure,136,13,0.010263698089373125,,,0.023656507510941133,,,,,0.006060973392326808,,
1335606,disopyramide,Drug,RxNorm,Ingredient,3541,drug_exposure,135,16,0.012632243802305385,,0.009294544102611766,0.01577100500729409,,,,,0.006060973392326808,,
929887,lansoprazole,Drug,RxNorm,Ingredient,17128,drug_exposure,134,34,0.026843518079898942,,0.037178176410447066,,,0.08928571428571429,0.12300123001230012,,0.024243893569307232,,
778911,azelastine / fluticasone,Drug,RxNorm,Multiple Ingredients,1291859,drug_exposure,133,19,0.015000789515237645,,,,,0.24553571428571427,0.43050430504305043,,,,
36030125,acetaminophen / tramadol,Drug,RxNorm,Multiple Ingredients,352362,drug_exposure,132,33,0.026054002842254856,,0.018589088205223533,,,0.022321428571428572,0.06150061500615006,,0.03030486696163404,,
19022956,bezafibrate,Drug,RxNorm,Ingredient,1525,drug_exposure,131,23,0.01815885046581399,,0.009294544102611766,0.02759925876276466,,,,,0.01818292017698042,,
1777417,rifabutin,Drug,RxNorm,Ingredient,55672,drug_exposure,130,8,0.0063161219011526925,,,0.01577100500729409,0.01976577555961852,,,,,,
40798859,General Nutrients,Drug,RxNorm Extension,Ingredient,OMOP2721192,drug_exposure,130,6,0.0047370914258645196,,,,,,,,0.01818292017698042,,
793143,semaglutide,Drug,RxNorm,Ingredient,1991302,drug_exposure,128,49,0.03868624664456024,,0.046472720513058834,,,0.022321428571428572,0.06150061500615006,,,,
35604680,tetanus immune globulin,Drug,RxNorm,Ingredient,1727875,drug_exposure,128,124,0.09789988946786674,,0.06506180871828236,0.0709695225328234,,,,,0.06667070731559488,,0.32193158953722334
1547504,rosiglitazone,Drug,RxNorm,Ingredient,84108,drug_exposure,127,7,0.005526606663508606,,,,,,,,,,0.035211267605633804
1786617,daptomycin,Drug,RxNorm,Ingredient,22299,drug_exposure,127,15,0.011842728564661297,,0.018589088205223533,,,,,,0.03030486696163404,,0.01006036217303823
1140123,acrivastine,Drug,RxNorm,Ingredient,19959,drug_exposure,126,6,0.0047370914258645196,,,0.0039427512518235225,,,,,0.012121946784653616,,
1152631,cromolyn,Drug,RxNorm,Ingredient,42612,drug_exposure,126,8,0.0063161219011526925,,,0.011828253755470567,,,,,0.01818292017698042,,
1516800,risedronate,Drug,RxNorm,Ingredient,73056,drug_exposure,125,65,0.05131849044686562,,0.10223998512872944,0.03154201001458818,,,,,,,
36027314,"insulin aspart protamine, human / insulin aspart, human",Drug,RxNorm,Multiple Ingredients,1007184,drug_exposure,125,53,0.04184430759513658,,,,0.13836042891732964,,,,,,0.1056338028169014
1711759,dapsone,Drug,RxNorm,Ingredient,3108,drug_exposure,124,17,0.013421759039949471,,0.018589088205223533,0.01971375625911761,,,,,0.012121946784653616,,0.01006036217303823
779005,aclidinium / formoterol,Drug,RxNorm,Multiple Ingredients,2205093,drug_exposure,124,19,0.015000789515237645,,0.018589088205223533,0.0039427512518235225,,0.08928571428571429,0.18450184501845018,,0.01818292017698042,,
1711947,deferoxamine,Drug,RxNorm,Ingredient,3131,drug_exposure,123,9,0.0071056371387967785,,,0.011828253755470567,,,,,,0.02617115938236064,
1727223,atazanavir,Drug,RxNorm,Ingredient,343047,drug_exposure,122,10,0.007895152376440865,,,0.01577100500729409,,,,,,,0.015090543259557344
45774613,naloxegol,Drug,RxNorm,Ingredient,1551777,drug_exposure,122,19,0.015000789515237645,,,0.01971375625911761,,,,,0.03030486696163404,,
778971,fluticasone / umeclidinium / vilanterol,Drug,RxNorm,Multiple Ingredients,1945038,drug_exposure,121,27,0.021316911416390336,,,0.007885502503647045,,0.17857142857142858,0.3075030750307503,,0.012121946784653616,,
1314273,rituximab,Drug,RxNorm,Ingredient,121191,drug_exposure,119,44,0.034738670456339805,,0.0278836323078353,0.08279777628829398,,0.022321428571428572,,,,0.07851347814708191,0.01006036217303823
780442,varenicline,Drug,RxNorm,Ingredient,591622,drug_exposure,119,17,0.013421759039949471,,0.018589088205223533,0.0039427512518235225,,,,,0.01818292017698042,,
1703069,emtricitabine,Drug,RxNorm,Ingredient,276237,drug_exposure,118,16,0.012632243802305385,,,0.007885502503647045,,,,,0.006060973392326808,0.26171159382360637,0.005030181086519115
1309068,minoxidil,Drug,RxNorm,Ingredient,6984,drug_exposure,118,21,0.016579819990525817,,0.046472720513058834,0.0039427512518235225,,,,,0.01818292017698042,,0.01006036217303823
1353256,propafenone,Drug,RxNorm,Ingredient,8754,drug_exposure,117,9,0.0071056371387967785,,,0.011828253755470567,,,,,0.024243893569307232,,
1786055,deferasirox,Drug,RxNorm,Ingredient,614373,drug_exposure,116,15,0.011842728564661297,,0.009294544102611766,0.011828253755470567,,0.022321428571428572,0.06150061500615006,,0.012121946784653616,,
19080512,articaine,Drug,RxNorm,Ingredient,592464,drug_exposure,115,99,0.07816200852676457,,,0.16953830382841145,,,,,,,
42904285,alanylglutamine,Drug,RxNorm,Ingredient,1359422,drug_exposure,113,13,0.010263698089373125,,0.009294544102611766,0.0039427512518235225,,,,,0.024243893569307232,0.15702695629416383,
1140643,sumatriptan,Drug,RxNorm,Ingredient,37418,drug_exposure,113,39,0.030791094268119375,,0.018589088205223533,0.01577100500729409,,0.022321428571428572,,,0.012121946784653616,0.02617115938236064,
40239216,linagliptin,Drug,RxNorm,Ingredient,1100699,drug_exposure,108,31,0.024474972366966684,,,0.007885502503647045,,0.06696428571428571,0.12300123001230012,,,,
1356018,prucalopride,Drug,RxNorm,Ingredient,2107310,drug_exposure,103,10,0.007895152376440865,,,0.007885502503647045,,,,,0.006060973392326808,,
1360332,glucosamine,Drug,RxNorm,Ingredient,4845,drug_exposure,102,13,0.010263698089373125,,,,,,,,0.04242681374628765,,
1398399,exemestane,Drug,RxNorm,Ingredient,258494,drug_exposure,102,16,0.012632243802305385,,,0.02759925876276466,,0.044642857142857144,,,,,0.005030181086519115
19062817,riboflavin,Drug,RxNorm,Ingredient,9346,drug_exposure,99,6,0.0047370914258645196,,,,0.01976577555961852,,,,0.006060973392326808,,
2000000574,Blood product - unknown,Drug,ICUdata,Observable Entity,2000000574,drug_exposure,99,64,0.05052897520922154,,,,,0.8035714285714286,,,,0.7327924627060979,
1396012,ferrous gluconate,Drug,RxNorm,Ingredient,24942,drug_exposure,99,13,0.010263698089373125,,,0.0039427512518235225,,,,,0.024243893569307232,,
19026972,lenalidomide,Drug,RxNorm,Ingredient,342369,drug_exposure,98,21,0.016579819990525817,,,0.0354847612664117,,,,,,,
916230,darifenacin,Drug,RxNorm,Ingredient,136198,drug_exposure,98,21,0.016579819990525817,,,,,0.044642857142857144,,,0.04242681374628765,,
1507705,cortisone,Drug,RxNorm,Ingredient,2878,drug_exposure,98,6,0.0047370914258645196,,0.009294544102611766,,,,,,0.006060973392326808,,
37498010,cefiderocol,Drug,RxNorm,Ingredient,2265702,drug_exposure,96,2,0.0015790304752881731,,,,,,,,,0.02617115938236064,
1525215,pioglitazone,Drug,RxNorm,Ingredient,33738,drug_exposure,95,21,0.016579819990525817,,,0.007885502503647045,,,,,,,
19049145,celiprolol,Drug,RxNorm,Ingredient,20498,drug_exposure,94,30,0.023685457129322594,,,,,,,,0.01818292017698042,,
911064,zinc oxide,Drug,RxNorm,Ingredient,11423,drug_exposure,94,15,0.011842728564661297,,,,0.02470721944952315,0.044642857142857144,0.18450184501845018,,,0.05234231876472128,
915981,neomycin,Drug,RxNorm,Ingredient,7299,drug_exposure,93,3,0.0023685457129322598,,,,,,,,,,0.015090543259557344
1436169,antithrombin III,Drug,RxNorm,Ingredient,1009,drug_exposure,93,45,0.035528185693983895,,,0.011828253755470567,0.02470721944952315,,,,0.07273168070792169,,
1309161,mitotane,Drug,RxNorm,Ingredient,7004,drug_exposure,92,3,0.0023685457129322598,,,,,,,,0.006060973392326808,,
1703603,famciclovir,Drug,RxNorm,Ingredient,68099,drug_exposure,92,5,0.003947576188220433,,0.009294544102611766,0.0039427512518235225,,,,,,,
19055982,flupenthixol,Drug,RxNorm,Ingredient,4495,drug_exposure,92,9,0.0071056371387967785,,,0.0039427512518235225,,,,,0.006060973392326808,,
45775116,olodaterol,Drug,RxNorm,Ingredient,1546059,drug_exposure,92,19,0.015000789515237645,,0.009294544102611766,,,,,,0.006060973392326808,0.07851347814708191,
917336,desoximetasone,Drug,RxNorm,Ingredient,3255,drug_exposure,92,17,0.013421759039949471,,0.009294544102611766,0.01971375625911761,,,,,,0.05234231876472128,0.005030181086519115
36030258,brimonidine / timolol,Drug,RxNorm,Multiple Ingredients,597142,drug_exposure,91,9,0.0071056371387967785,,,,,0.044642857142857144,,,0.024243893569307232,,
19046654,piracetam,Drug,RxNorm,Ingredient,8351,drug_exposure,90,6,0.0047370914258645196,,0.009294544102611766,0.007885502503647045,,,,,,,
1300978,megestrol,Drug,RxNorm,Ingredient,6703,drug_exposure,90,4,0.0031580609505763462,,,0.007885502503647045,,0.022321428571428572,,,,,
1529331,acarbose,Drug,RxNorm,Ingredient,16681,drug_exposure,89,6,0.0047370914258645196,,,,,,,,0.01818292017698042,,
19036781,calcium chloride,Drug,RxNorm,Ingredient,1901,drug_exposure,87,10,0.007895152376440865,,0.009294544102611766,,,,,,0.03030486696163404,0.02617115938236064,
1758536,etravirine,Drug,RxNorm,Ingredient,475969,drug_exposure,87,4,0.0031580609505763462,,,0.007885502503647045,,,,,0.012121946784653616,,
42873639,aclidinium,Drug,RxNorm,Ingredient,1303098,drug_exposure,86,12,0.009474182851729039,,0.018589088205223533,,,,,,0.01818292017698042,,
19006410,arginine,Drug,RxNorm,Ingredient,1091,drug_exposure,86,10,0.007895152376440865,,0.046472720513058834,0.0039427512518235225,,,,,0.01818292017698042,,
1730370,pentamidine,Drug,RxNorm,Ingredient,7994,drug_exposure,84,53,0.04184430759513658,,,0.03154201001458818,,,,,0.006060973392326808,0.02617115938236064,
785649,ketamine,Drug,RxNorm,Ingredient,6130,drug_exposure,84,46,0.03631770093162798,,,,0.11859465335771112,,,,,,0.08551307847082495
37499271,remdesivir,Drug,RxNorm,Ingredient,2284718,drug_exposure,84,15,0.011842728564661297,,,,,,,,0.01818292017698042,,
1391889,Ginkgo biloba extract,Drug,RxNorm,Ingredient,236809,drug_exposure,83,5,0.003947576188220433,,,,,,,,0.01818292017698042,,
40170680,dalfampridine,Drug,RxNorm,Ingredient,897018,drug_exposure,83,8,0.0063161219011526925,,0.018589088205223533,0.011828253755470567,,0.044642857142857144,,,,,
1354698,mesna,Drug,RxNorm,Ingredient,44,drug_exposure,82,21,0.016579819990525817,,0.018589088205223533,0.01971375625911761,,,,,0.006060973392326808,,
1724869,didanosine,Drug,RxNorm,Ingredient,3364,drug_exposure,82,7,0.005526606663508606,,,,0.02470721944952315,,,,,,0.01006036217303823
19115051,risedronic acid,Drug,RxNorm,Ingredient,55685,drug_exposure,81,40,0.03158060950576346,,,,,,,,0.0787926541002485,,
1714319,naltrexone,Drug,RxNorm,Ingredient,7243,drug_exposure,80,16,0.012632243802305385,,0.018589088205223533,0.011828253755470567,,0.022321428571428572,,,0.012121946784653616,,
1715117,aztreonam,Drug,RxNorm,Ingredient,1272,drug_exposure,80,3,0.0023685457129322598,,,0.0039427512518235225,,,,,0.006060973392326808,,
908921,calcipotriene,Drug,RxNorm,Ingredient,29365,drug_exposure,79,20,0.01579030475288173,,0.009294544102611766,0.01577100500729409,,0.06696428571428571,0.18450184501845018,,,,
19069131,ioversol,Drug,RxNorm,Ingredient,27792,drug_exposure,79,71,0.056055581872730145,,0.037178176410447066,0.011828253755470567,,,,,0.01818292017698042,,
35604205,venetoclax,Drug,RxNorm,Ingredient,1747556,drug_exposure,79,6,0.0047370914258645196,,,0.011828253755470567,,,,,0.012121946784653616,,
36030139,ethinyl estradiol / norethindrone,Drug,RxNorm,Multiple Ingredients,384410,drug_exposure,79,2,0.0015790304752881731,,,0.0039427512518235225,,,,,,,
991382,amiloride,Drug,RxNorm,Ingredient,644,drug_exposure,79,17,0.013421759039949471,,,0.0039427512518235225,,,,,0.012121946784653616,,
45775206,pirfenidone,Drug,RxNorm,Ingredient,1592254,drug_exposure,79,6,0.0047370914258645196,,,0.011828253755470567,,,,,0.006060973392326808,,
19137042,thalidomide,Drug,RxNorm,Ingredient,10432,drug_exposure,78,7,0.005526606663508606,,,,,,,,,,0.01006036217303823
1751310,primaquine,Drug,RxNorm,Ingredient,8687,drug_exposure,78,19,0.015000789515237645,,,0.0039427512518235225,,,,,0.048487787138614465,,
750119,ethosuximide,Drug,RxNorm,Ingredient,4135,drug_exposure,77,3,0.0023685457129322598,,,0.0039427512518235225,,,,,0.006060973392326808,,
1537655,salmon calcitonin,Drug,RxNorm,Ingredient,36118,drug_exposure,77,9,0.0071056371387967785,,,0.01971375625911761,,,,,,,
1358436,dasatinib,Drug,RxNorm,Ingredient,475342,drug_exposure,76,6,0.0047370914258645196,,0.009294544102611766,0.011828253755470567,,,,,,,
1135710,phenylbutazone,Drug,RxNorm,Ingredient,8160,drug_exposure,76,2,0.0015790304752881731,,,,,,,,0.006060973392326808,,
778934,cobicistat / darunavir,Drug,RxNorm,Multiple Ingredients,1598380,drug_exposure,75,10,0.007895152376440865,,,0.01971375625911761,,,,,0.012121946784653616,,
1436650,mercaptopurine,Drug,RxNorm,Ingredient,103,drug_exposure,75,13,0.010263698089373125,,,0.0039427512518235225,,,,,0.006060973392326808,0.02617115938236064,
44785907,umeclidinium,Drug,RxNorm,Ingredient,1487514,drug_exposure,75,20,0.01579030475288173,,0.018589088205223533,0.0039427512518235225,,0.06696428571428571,0.24600246002460024,,0.012121946784653616,,
19017742,febuxostat,Drug,RxNorm,Ingredient,73689,drug_exposure,75,17,0.013421759039949471,,,,,0.022321428571428572,0.06150061500615006,,0.01818292017698042,,
19039262,brotizolam,Drug,RxNorm,Ingredient,19790,drug_exposure,74,7,0.005526606663508606,,,0.0039427512518235225,,,,,,,
836208,succinylcholine,Drug,RxNorm,Ingredient,10154,drug_exposure,74,69,0.05447655139744197,,0.018589088205223533,0.0039427512518235225,,,,,0.006060973392326808,0.05234231876472128,0.12575452716297786
19008339,vitamin A,Drug,RxNorm,Ingredient,11246,drug_exposure,73,9,0.0071056371387967785,,0.009294544102611766,,,,,,,,
36030095,hydrochlorothiazide / triamterene,Drug,RxNorm,Multiple Ingredients,258337,drug_exposure,73,23,0.01815885046581399,,,,,,,,0.03636584035396084,,0.015090543259557344
45892599,ceftolozane,Drug,RxNorm,Ingredient,1597609,drug_exposure,72,4,0.0031580609505763462,,,,,,,,,0.07851347814708191,
35605522,osimertinib,Drug,RxNorm,Ingredient,1721560,drug_exposure,72,7,0.005526606663508606,,,0.007885502503647045,,0.022321428571428572,,,0.012121946784653616,,
36878783,Agomelatine,Drug,RxNorm Extension,Ingredient,OMOP997499,drug_exposure,71,11,0.008684667614084951,,0.009294544102611766,,,,,,0.006060973392326808,,
910888,cysteamine,Drug,RxNorm,Ingredient,3022,drug_exposure,71,1,0.0007895152376440866,,,,,,,,,,
19026710,capreomycin,Drug,RxNorm,Ingredient,78903,drug_exposure,71,1,0.0007895152376440866,,,,,,,,0.006060973392326808,,
19005570,trimeprazine,Drug,RxNorm,Ingredient,10825,drug_exposure,70,9,0.0071056371387967785,,,0.0039427512518235225,,,,,,0.02617115938236064,
778933,ceftolozane / tazobactam,Drug,RxNorm,Multiple Ingredients,1597614,drug_exposure,70,3,0.0023685457129322598,,,,,,,,,0.07851347814708191,
709567,lisdexamfetamine,Drug,RxNorm,Ingredient,700810,drug_exposure,70,4,0.0031580609505763462,,0.018589088205223533,0.0039427512518235225,,,,,,,
19073699,hyaluronidase,Drug,RxNorm,Ingredient,5464,drug_exposure,70,69,0.05447655139744197,,0.018589088205223533,0.13405354256199975,,0.022321428571428572,,,0.024243893569307232,,
1337068,ambrisentan,Drug,RxNorm,Ingredient,358274,drug_exposure,70,7,0.005526606663508606,,,0.01577100500729409,,,,,0.006060973392326808,,
43560392,ferric carboxymaltose,Drug,RxNorm,Ingredient,1433693,drug_exposure,69,53,0.04184430759513658,,,,,0.044642857142857144,0.36900369003690037,,0.012121946784653616,0.02617115938236064,
42900250,enzalutamide,Drug,RxNorm,Ingredient,1307298,drug_exposure,68,12,0.009474182851729039,,0.009294544102611766,,,0.022321428571428572,,,0.006060973392326808,,
19018322,tocophersolan,Drug,RxNorm,Ingredient,159151,drug_exposure,68,6,0.0047370914258645196,,,0.011828253755470567,,,,,,0.07851347814708191,
1784444,ivermectin,Drug,RxNorm,Ingredient,6069,drug_exposure,68,24,0.018948365703458078,,,0.03942751251823522,,,,,0.01818292017698042,,
740560,carbidopa,Drug,RxNorm,Ingredient,2019,drug_exposure,68,6,0.0047370914258645196,,,,,,,,,0.15702695629416383,
36030770,metformin / sitagliptin,Drug,RxNorm,Multiple Ingredients,729717,drug_exposure,68,12,0.009474182851729039,,,0.0039427512518235225,,,,,,,
36029277,hydrocortisone / miconazole,Drug,RxNorm,Multiple Ingredients,106967,drug_exposure,68,13,0.010263698089373125,,,,0.02964866333942778,,,,0.012121946784653616,0.02617115938236064,
1753745,albendazole,Drug,RxNorm,Ingredient,430,drug_exposure,67,4,0.0031580609505763462,,,0.007885502503647045,,,,,0.006060973392326808,,
19028044,penfluridol,Drug,RxNorm,Ingredient,7974,drug_exposure,66,19,0.015000789515237645,,,0.023656507510941133,,,,,0.012121946784653616,,
40241937,vemurafenib,Drug,RxNorm,Ingredient,1147220,drug_exposure,66,4,0.0031580609505763462,,,0.007885502503647045,,,,,0.012121946784653616,,
36030083,factor VIII / von Willebrand factor,Drug,RxNorm,Multiple Ingredients,226623,drug_exposure,66,16,0.012632243802305385,,,0.01971375625911761,,,,,0.012121946784653616,,
710650,modafinil,Drug,RxNorm,Ingredient,30125,drug_exposure,64,8,0.0063161219011526925,,,,,,,,0.024243893569307232,,
528986,Streptococcus pneumoniae serotype 14 capsular antigen diphtheria CRM197 protein conjugate vaccine,Drug,RxNorm,Ingredient,798220,drug_exposure,63,62,0.04894994473393337,,,0.01577100500729409,,,,,0.006060973392326808,,
46221507,avibactam,Drug,RxNorm,Ingredient,1603834,drug_exposure,63,5,0.003947576188220433,,,,,,,,,0.13085579691180318,
36029713,avibactam / ceftazidime,Drug,RxNorm,Multiple Ingredients,1603839,drug_exposure,63,5,0.003947576188220433,,,,,,,,,0.13085579691180318,
19027958,fesoterodine,Drug,RxNorm,Ingredient,797195,drug_exposure,63,16,0.012632243802305385,,,0.0039427512518235225,,0.044642857142857144,,,0.012121946784653616,,
929638,acitretin,Drug,RxNorm,Ingredient,16818,drug_exposure,63,17,0.013421759039949471,,0.009294544102611766,0.011828253755470567,,,,,0.012121946784653616,,
1588000,desogestrel,Drug,RxNorm,Ingredient,22656,drug_exposure,62,4,0.0031580609505763462,,0.009294544102611766,0.0039427512518235225,,,,,0.006060973392326808,,
1325608,pegfilgrastim,Drug,RxNorm,Ingredient,338036,drug_exposure,62,47,0.03710721616927207,,0.018589088205223533,0.0354847612664117,,0.022321428571428572,,,0.03636584035396084,,
1787101,maraviroc,Drug,RxNorm,Ingredient,620216,drug_exposure,62,5,0.003947576188220433,,0.009294544102611766,0.007885502503647045,,,,,0.006060973392326808,,
729855,botulinum toxin type A,Drug,RxNorm,Ingredient,1712,drug_exposure,60,55,0.04342333807042476,,0.009294544102611766,0.11433978630288215,0.07906310223847408,,,,0.006060973392326808,,
1105775,aminophylline,Drug,RxNorm,Ingredient,689,drug_exposure,60,12,0.009474182851729039,,,,,,,,,,0.060362173038229376
1151422,probenecid,Drug,RxNorm,Ingredient,8698,drug_exposure,60,7,0.005526606663508606,,,0.011828253755470567,,,,,,0.05234231876472128,
1750087,povidone-iodine,Drug,RxNorm,Ingredient,8611,drug_exposure,60,17,0.013421759039949471,,,0.01577100500729409,,,,,0.01818292017698042,,0.005030181086519115
36030295,ethinyl estradiol / gestodene,Drug,RxNorm,Multiple Ingredients,608868,drug_exposure,59,3,0.0023685457129322598,,0.009294544102611766,0.0039427512518235225,,,,,,,
1341238,terazosin,Drug,RxNorm,Ingredient,37798,drug_exposure,58,6,0.0047370914258645196,,,0.007885502503647045,,,,,0.006060973392326808,,
1836948,tetracycline,Drug,RxNorm,Ingredient,10395,drug_exposure,58,2,0.0015790304752881731,,,,,,,,,,0.005030181086519115
19101849,urapidil,Drug,RxNorm,Ingredient,39230,drug_exposure,58,25,0.019737880941102164,,,0.007885502503647045,,,,,,,
778783,artemether / lumefantrine,Drug,RxNorm,Multiple Ingredients,282448,drug_exposure,58,13,0.010263698089373125,,,0.01577100500729409,,,,,,,
515671,Neisseria meningitidis,Drug,RxNorm,Ingredient,7288,drug_exposure,58,55,0.04342333807042476,,,0.011828253755470567,,,,,0.006060973392326808,,
1558471,cabergoline,Drug,RxNorm,Ingredient,47579,drug_exposure,57,20,0.01579030475288173,,,0.023656507510941133,,0.022321428571428572,,,0.006060973392326808,,0.02012072434607646
1150871,misoprostol,Drug,RxNorm,Ingredient,42331,drug_exposure,57,19,0.015000789515237645,,0.009294544102611766,0.01577100500729409,,,,,0.012121946784653616,,
19039227,bromperidol,Drug,RxNorm,Ingredient,19777,drug_exposure,56,7,0.005526606663508606,,,0.007885502503647045,,,,,,,0.01006036217303823
1394023,nilotinib,Drug,RxNorm,Ingredient,662281,drug_exposure,56,2,0.0015790304752881731,,,0.007885502503647045,,,,,,,
46287466,evolocumab,Drug,RxNorm,Ingredient,1665684,drug_exposure,55,39,0.030791094268119375,,0.009294544102611766,0.007885502503647045,,,,,0.006060973392326808,,
1511449,danazol,Drug,RxNorm,Ingredient,3102,drug_exposure,54,7,0.005526606663508606,,,0.0039427512518235225,,,,,,,
36030315,lauromacrogols / urea,Drug,RxNorm,Multiple Ingredients,644563,drug_exposure,54,12,0.009474182851729039,,,,,0.06696428571428571,0.5535055350553506,,,,
36029281,hydrocortisone / oxytetracycline,Drug,RxNorm,Multiple Ingredients,106986,drug_exposure,54,2,0.0015790304752881731,,,,,,,,,0.05234231876472128,
1331247,pentoxifylline,Drug,RxNorm,Ingredient,8013,drug_exposure,54,7,0.005526606663508606,,,0.007885502503647045,,,,,0.012121946784653616,,
36029861,dolutegravir / lamivudine,Drug,RxNorm,Multiple Ingredients,2122518,drug_exposure,53,3,0.0023685457129322598,,,,,,,,0.006060973392326808,,
735850,disulfiram,Drug,RxNorm,Ingredient,3554,drug_exposure,53,13,0.010263698089373125,,,0.01577100500729409,,,,,0.01818292017698042,,
36027059,miconazole / zinc oxide,Drug,RxNorm,Multiple Ingredients,1006920,drug_exposure,53,8,0.0063161219011526925,,,,,0.044642857142857144,0.18450184501845018,,0.006060973392326808,,
40242675,crizotinib,Drug,RxNorm,Ingredient,1148495,drug_exposure,53,5,0.003947576188220433,,,0.007885502503647045,,,,,0.01818292017698042,,
948582,polymyxin B,Drug,RxNorm,Ingredient,8536,drug_exposure,53,3,0.0023685457129322598,,,,,,,,,0.07851347814708191,
925952,oxytetracycline,Drug,RxNorm,Ingredient,7821,drug_exposure,53,3,0.0023685457129322598,,,,,,,,,0.07851347814708191,
778948,insulin degludec / liraglutide,Drug,RxNorm,Multiple Ingredients,1727493,drug_exposure,52,10,0.007895152376440865,,0.009294544102611766,,,,,,,,
939881,capsaicin,Drug,RxNorm,Ingredient,1992,drug_exposure,52,2,0.0015790304752881731,,,,,,,,,,
19084670,bivalirudin,Drug,RxNorm,Ingredient,60819,drug_exposure,52,50,0.03947576188220433,,,,,,,,,,0.2515090543259557
1345858,pindolol,Drug,RxNorm,Ingredient,8332,drug_exposure,52,2,0.0015790304752881731,,,,,,,,0.006060973392326808,,
1336825,bortezomib,Drug,RxNorm,Ingredient,358258,drug_exposure,52,15,0.011842728564661297,,,0.01971375625911761,,,,,,,0.01006036217303823
1327256,treprostinil,Drug,RxNorm,Ingredient,343048,drug_exposure,51,3,0.0023685457129322598,,,,,,,,0.01818292017698042,,
733008,perphenazine,Drug,RxNorm,Ingredient,8076,drug_exposure,51,4,0.0031580609505763462,,0.018589088205223533,0.0039427512518235225,,,,,0.006060973392326808,,
1154077,rizatriptan,Drug,RxNorm,Ingredient,88014,drug_exposure,51,15,0.011842728564661297,,,0.01971375625911761,,,,,,,
19035856,distigmine,Drug,RxNorm,Ingredient,3551,drug_exposure,49,6,0.0047370914258645196,,0.009294544102611766,0.007885502503647045,,,,,,,
35894860,Psyllium husks,Drug,RxNorm Extension,Ingredient,OMOP5042941,drug_exposure,48,4,0.0031580609505763462,,,,,0.022321428571428572,0.18450184501845018,,,,
1521987,teriparatide,Drug,RxNorm,Ingredient,32915,drug_exposure,48,6,0.0047370914258645196,,,0.0039427512518235225,,0.022321428571428572,0.06150061500615006,,0.006060973392326808,,
990499,"sodium phosphate, monobasic",Drug,RxNorm,Ingredient,235496,drug_exposure,48,11,0.008684667614084951,,,,,,,,0.012121946784653616,,
43012315,carbomer-974P,Drug,RxNorm,Ingredient,1363568,drug_exposure,47,4,0.0031580609505763462,,,,,,,,,0.10468463752944256,
757627,galantamine,Drug,RxNorm,Ingredient,4637,drug_exposure,47,8,0.0063161219011526925,,0.018589088205223533,0.0039427512518235225,,0.06696428571428571,,,,,
744798,zonisamide,Drug,RxNorm,Ingredient,39998,drug_exposure,47,8,0.0063161219011526925,,0.009294544102611766,0.0039427512518235225,,,,,,0.05234231876472128,0.015090543259557344
1312706,alemtuzumab,Drug,RxNorm,Ingredient,117055,drug_exposure,46,21,0.016579819990525817,,,0.011828253755470567,,,,,0.03030486696163404,,0.005030181086519115
36029393,emtricitabine / rilpivirine / tenofovir disoproxil,Drug,RxNorm,Multiple Ingredients,1145801,drug_exposure,45,5,0.003947576188220433,,,0.011828253755470567,,,,,,,
1151789,etanercept,Drug,RxNorm,Ingredient,214555,drug_exposure,44,19,0.015000789515237645,,,0.007885502503647045,,,,,0.01818292017698042,,
42898758,chamomile extract,Drug,RxNorm,Ingredient,1309226,drug_exposure,44,3,0.0023685457129322598,,,,,,,,,,0.015090543259557344
45775550,thiosulfate,Drug,RxNorm,Ingredient,1546411,drug_exposure,44,5,0.003947576188220433,,,0.0039427512518235225,,,,,0.012121946784653616,,0.005030181086519115
778975,cobicistat / darunavir / emtricitabine / tenofovir alafenamide,Drug,RxNorm,Multiple Ingredients,1996260,drug_exposure,43,6,0.0047370914258645196,,,0.007885502503647045,,,,,,0.02617115938236064,
1337620,capecitabine,Drug,RxNorm,Ingredient,194000,drug_exposure,43,7,0.005526606663508606,,0.009294544102611766,,,,,,0.012121946784653616,,
19003570,parecoxib,Drug,RxNorm,Ingredient,279950,drug_exposure,43,34,0.026843518079898942,,,,,,,,0.012121946784653616,0.2093692750588851,
1134439,caffeine,Drug,RxNorm,Ingredient,1886,drug_exposure,42,6,0.0047370914258645196,,,,,0.022321428571428572,,,0.006060973392326808,,0.01006036217303823
19024140,quinagolide,Drug,RxNorm,Ingredient,76887,drug_exposure,41,7,0.005526606663508606,,,0.011828253755470567,,,,,0.006060973392326808,,
44816294,apremilast,Drug,RxNorm,Ingredient,1492727,drug_exposure,41,1,0.0007895152376440866,,,0.0039427512518235225,,,,,,,
36029745,lidocaine / prilocaine,Drug,RxNorm,Multiple Ingredients,166283,drug_exposure,40,9,0.0071056371387967785,,,,,0.044642857142857144,0.24600246002460024,,,0.02617115938236064,
43532497,trametinib,Drug,RxNorm,Ingredient,1425099,drug_exposure,39,7,0.005526606663508606,,,0.0039427512518235225,,,,,,,
1559930,binimetinib,Drug,RxNorm,Ingredient,2049122,drug_exposure,39,4,0.0031580609505763462,,,0.007885502503647045,,,,,,,
19058092,gelatin,Drug,RxNorm,Ingredient,4716,drug_exposure,39,27,0.021316911416390336,,,,,0.3125,0.6765067650676507,,,,
19102107,zofenopril,Drug,RxNorm,Ingredient,39990,drug_exposure,38,8,0.0063161219011526925,,,0.007885502503647045,,,,,,,
1510417,cannabidiol,Drug,RxNorm,Ingredient,2045371,drug_exposure,37,1,0.0007895152376440866,,,,,,,,0.006060973392326808,,
955632,fluorouracil,Drug,RxNorm,Ingredient,4492,drug_exposure,37,21,0.016579819990525817,,,0.0039427512518235225,,,,,,0.02617115938236064,
1397059,valerian root extract,Drug,RxNorm,Ingredient,253206,drug_exposure,37,11,0.008684667614084951,,,,,,,,0.012121946784653616,,
40238930,rilpivirine,Drug,RxNorm,Ingredient,1102270,drug_exposure,37,3,0.0023685457129322598,,,0.007885502503647045,,,,,0.006060973392326808,,
1717963,ertapenem,Drug,RxNorm,Ingredient,325642,drug_exposure,36,2,0.0015790304752881731,,0.009294544102611766,,,,,,,,
1391248,devil's claw preparation,Drug,RxNorm,Ingredient,236279,drug_exposure,36,2,0.0015790304752881731,,,,,,,,0.006060973392326808,,
19092433,ebastine,Drug,RxNorm,Ingredient,23796,drug_exposure,36,2,0.0015790304752881731,,,,,,,,0.006060973392326808,,
19014977,nicorandil,Drug,RxNorm,Ingredient,31748,drug_exposure,36,7,0.005526606663508606,,,0.007885502503647045,,,,,0.006060973392326808,,
36849343,COAGULATION FACTOR VIIA HUMAN,Drug,RxNorm Extension,Ingredient,OMOP5166960,drug_exposure,35,3,0.0023685457129322598,,,,,,,,,0.07851347814708191,
1560278,glucagon,Drug,RxNorm,Ingredient,4832,drug_exposure,35,25,0.019737880941102164,,0.009294544102611766,0.007885502503647045,,,,,,,0.05533199195171026
1119119,adalimumab,Drug,RxNorm,Ingredient,327361,drug_exposure,35,24,0.018948365703458078,,,0.007885502503647045,,,,,0.024243893569307232,,
970011,sorbitol,Drug,RxNorm,Ingredient,9945,drug_exposure,35,10,0.007895152376440865,,,,,,,,,0.26171159382360637,
44507700,vortioxetine,Drug,RxNorm,Ingredient,1455099,drug_exposure,34,6,0.0047370914258645196,,0.009294544102611766,0.007885502503647045,,,,,,,
44785020,factor VII,Drug,RxNorm,Ingredient,4254,drug_exposure,34,17,0.013421759039949471,,,,0.06918021445866482,,,,,,
528295,Neisseria meningitidis serogroup C capsular polysaccharide diphtheria toxoid protein conjugate vaccine,Drug,RxNorm,Ingredient,797631,drug_exposure,34,33,0.026054002842254856,,,0.011828253755470567,,,,,,,
36027680,alendronate / cholecalciferol,Drug,RxNorm,Multiple Ingredients,1007560,drug_exposure,34,24,0.018948365703458078,,,,,,,,0.03636584035396084,,
954853,flavoxate,Drug,RxNorm,Ingredient,4440,drug_exposure,34,2,0.0015790304752881731,,,,,,,,,,
1594333,safinamide,Drug,RxNorm,Ingredient,1922448,drug_exposure,33,2,0.0015790304752881731,,0.009294544102611766,,,,,,0.006060973392326808,,
1381253,anagrelide,Drug,RxNorm,Ingredient,596724,drug_exposure,33,5,0.003947576188220433,,,0.0039427512518235225,,,,,0.006060973392326808,,
1188114,dexchlorpheniramine,Drug,RxNorm,Ingredient,22697,drug_exposure,33,10,0.007895152376440865,,,,,,,,0.012121946784653616,,
19047076,pizotyline,Drug,RxNorm,Ingredient,8373,drug_exposure,33,3,0.0023685457129322598,,,,,,,,0.006060973392326808,,
916282,olsalazine,Drug,RxNorm,Ingredient,32385,drug_exposure,32,2,0.0015790304752881731,,,,,,,,0.012121946784653616,,
19018511,artesunate,Drug,RxNorm,Ingredient,18346,drug_exposure,32,8,0.0063161219011526925,,0.009294544102611766,,,,,,0.03030486696163404,,
702774,mepivacaine,Drug,RxNorm,Ingredient,6759,drug_exposure,32,26,0.02052739617874625,,0.12082907333395297,,,,,,0.012121946784653616,,
1113648,nabumetone,Drug,RxNorm,Ingredient,31448,drug_exposure,31,6,0.0047370914258645196,,,,,,,,0.006060973392326808,,
19020002,vigabatrin,Drug,RxNorm,Ingredient,14851,drug_exposure,30,2,0.0015790304752881731,,0.009294544102611766,0.0039427512518235225,,,,,,,
990678,chlordiazepoxide,Drug,RxNorm,Ingredient,2356,drug_exposure,30,6,0.0047370914258645196,,,,,,,,0.006060973392326808,,0.01006036217303823
980867,clioquinol,Drug,RxNorm,Ingredient,5942,drug_exposure,30,1,0.0007895152376440866,,,,,,,,,,
19050016,ethiodized oil,Drug,RxNorm,Ingredient,4125,drug_exposure,30,29,0.02289594189167851,,,0.03942751251823522,,,,,0.03030486696163404,,
1319193,gefitinib,Drug,RxNorm,Ingredient,328134,drug_exposure,30,2,0.0015790304752881731,,,,,,,,0.006060973392326808,,
779032,budesonide / formoterol / glycopyrronium,Drug,RxNorm,Multiple Ingredients,2387330,drug_exposure,30,8,0.0063161219011526925,,,,,,,,,0.15702695629416383,
19122136,atosiban,Drug,RxNorm,Ingredient,59639,drug_exposure,30,11,0.008684667614084951,,,0.0039427512518235225,,,,,0.012121946784653616,,
19030059,alginic acid,Drug,RxNorm,Ingredient,17305,drug_exposure,29,5,0.003947576188220433,,,,,,,,,,
778918,atorvastatin / ezetimibe,Drug,RxNorm,Multiple Ingredients,1422085,drug_exposure,29,7,0.005526606663508606,,,0.0039427512518235225,,,,,0.006060973392326808,,
19027015,dihydrotachysterol,Drug,RxNorm,Ingredient,3429,drug_exposure,29,4,0.0031580609505763462,,,0.007885502503647045,,,,,0.006060973392326808,,
35200286,stiripentol,Drug,RxNorm,Ingredient,2054968,drug_exposure,28,1,0.0007895152376440866,,,,,,,,0.006060973392326808,,
1001419,cocaine,Drug,RxNorm,Ingredient,2653,drug_exposure,28,24,0.018948365703458078,,,0.0039427512518235225,,,,,,,
19055224,flunitrazepam,Drug,RxNorm,Ingredient,4460,drug_exposure,28,5,0.003947576188220433,,,0.0039427512518235225,,,,,,,0.01006036217303823
1516766,repaglinide,Drug,RxNorm,Ingredient,73044,drug_exposure,27,2,0.0015790304752881731,,,,,0.022321428571428572,,,,,
1379969,interferon alfa-2a,Drug,RxNorm,Ingredient,5879,drug_exposure,27,1,0.0007895152376440866,,,0.0039427512518235225,,,,,,,
904351,aminolevulinic acid,Drug,RxNorm,Ingredient,683,drug_exposure,27,26,0.02052739617874625,,,,,,,,,,
1524674,zoledronic acid,Drug,RxNorm,Ingredient,77655,drug_exposure,27,26,0.02052739617874625,,,0.011828253755470567,,,,,0.012121946784653616,,
19016463,benserazide,Drug,RxNorm,Ingredient,1374,drug_exposure,27,5,0.003947576188220433,,,,,,,,,0.13085579691180318,
36029832,polyethylene glycol 3350 / potassium chloride / sodium chloride / sodium sulfate,Drug,RxNorm,Multiple Ingredients,2045232,drug_exposure,27,8,0.0063161219011526925,,,,,,,,,0.2093692750588851,
1341149,temozolomide,Drug,RxNorm,Ingredient,37776,drug_exposure,27,2,0.0015790304752881731,,,0.007885502503647045,,,,,,,
935529,benoxinate,Drug,RxNorm,Ingredient,18889,drug_exposure,27,11,0.008684667614084951,,,0.0039427512518235225,,,,,,,
19078612,indocyanine green,Drug,RxNorm,Ingredient,5775,drug_exposure,27,27,0.021316911416390336,,,0.03154201001458818,,,,,0.006060973392326808,,
915855,olopatadine,Drug,RxNorm,Ingredient,135391,drug_exposure,27,4,0.0031580609505763462,,0.009294544102611766,,,,,,0.01818292017698042,,
36029221,amlodipine / perindopril,Drug,RxNorm,Multiple Ingredients,1033889,drug_exposure,26,5,0.003947576188220433,,,,,,,,,,
19070224,soybean oil,Drug,RxNorm,Ingredient,9949,drug_exposure,26,13,0.010263698089373125,,,,,,,,,,0.060362173038229376
928980,dimethyl sulfoxide,Drug,RxNorm,Ingredient,3455,drug_exposure,26,3,0.0023685457129322598,,,0.007885502503647045,,,,,,,
36030019,lamivudine / zidovudine,Drug,RxNorm,Multiple Ingredients,214671,drug_exposure,26,3,0.0023685457129322598,,0.009294544102611766,0.0039427512518235225,,,,,,,
36030001,hydrochlorothiazide / losartan,Drug,RxNorm,Multiple Ingredients,214619,drug_exposure,26,13,0.010263698089373125,,,,,0.044642857142857144,,,0.012121946784653616,,
1380068,interferon alfa-2b,Drug,RxNorm,Ingredient,5880,drug_exposure,26,1,0.0007895152376440866,,,0.0039427512518235225,,,,,,,
36027929,cyproterone / ethinyl estradiol,Drug,RxNorm,Multiple Ingredients,1007814,drug_exposure,26,4,0.0031580609505763462,,0.009294544102611766,,,,,,,,
1360890,Spirulina,Drug,RxNorm,Ingredient,487252,drug_exposure,25,1,0.0007895152376440866,,,,,,,,,,
906914,urea,Drug,RxNorm,Ingredient,11002,drug_exposure,25,12,0.009474182851729039,,,0.01577100500729409,,,,,,,
42900505,linaclotide,Drug,RxNorm,Ingredient,1307404,drug_exposure,25,3,0.0023685457129322598,,0.009294544102611766,,,,,,0.012121946784653616,,
2000000581,dexamethasone / gentamicin,Drug,ICUdata,Observable Entity,2000000581,drug_exposure,24,2,0.0015790304752881731,,,,,,,,0.012121946784653616,,
1325363,erlotinib,Drug,RxNorm,Ingredient,337525,drug_exposure,24,4,0.0031580609505763462,,,0.0039427512518235225,,,,,0.006060973392326808,,
36028258,Fluoride Ion / Sodium Fluoride,Drug,RxNorm,Multiple Ingredients,1008159,drug_exposure,24,4,0.0031580609505763462,,,,,,,,0.012121946784653616,,
36030761,amlodipine / valsartan,Drug,RxNorm,Multiple Ingredients,729455,drug_exposure,24,5,0.003947576188220433,,,,,,,,,,
901656,menthol,Drug,RxNorm,Ingredient,6750,drug_exposure,23,6,0.0047370914258645196,,,,,,,,,0.15702695629416383,
1513876,"insulin lispro protamine, human",Drug,RxNorm,Ingredient,314684,drug_exposure,23,3,0.0023685457129322598,,,,,,,,,,
40222444,denosumab,Drug,RxNorm,Ingredient,993449,drug_exposure,23,16,0.012632243802305385,,,0.011828253755470567,,,,,0.012121946784653616,,
46275719,sacubitril,Drug,RxNorm,Ingredient,1656328,drug_exposure,23,4,0.0031580609505763462,,,,,,,,,0.10468463752944256,
1776430,hydrogen peroxide,Drug,RxNorm,Ingredient,5499,drug_exposure,23,4,0.0031580609505763462,,0.0278836323078353,,,,,,,,
19021930,noscapine,Drug,RxNorm,Ingredient,7533,drug_exposure,23,8,0.0063161219011526925,,,0.0039427512518235225,,,,,,,
36878617,"Influenza Virus Fragmented, Inactivated, Strain A / Switzerland / 9715293/2013 H3N2 - Analogue Strain A / South Australia / 55/2014 Ivr-175",Drug,RxNorm Extension,Ingredient,OMOP999126,drug_exposure,23,22,0.017369335228169903,,,0.007885502503647045,,,,,,,
715710,rasagiline,Drug,RxNorm,Ingredient,134748,drug_exposure,22,4,0.0031580609505763462,,,0.007885502503647045,,,,,,,
1786621,cephalexin,Drug,RxNorm,Ingredient,2231,drug_exposure,22,5,0.003947576188220433,,,,,,,,0.006060973392326808,,
1729720,penicillin V,Drug,RxNorm,Ingredient,7984,drug_exposure,22,3,0.0023685457129322598,,,,,,,,,,
19010876,uridine,Drug,RxNorm,Ingredient,11017,drug_exposure,21,1,0.0007895152376440866,,,,0.00494144388990463,,,,,,
36027766,ACETIC / Hydrocortisone,Drug,RxNorm,Multiple Ingredients,1007647,drug_exposure,21,5,0.003947576188220433,,,,,0.044642857142857144,0.06150061500615006,,0.012121946784653616,,
1559914,encorafenib,Drug,RxNorm,Ingredient,2049106,drug_exposure,21,4,0.0031580609505763462,,,0.007885502503647045,,,,,,,
1389885,red yeast rice,Drug,RxNorm,Ingredient,232540,drug_exposure,21,5,0.003947576188220433,,,,,,,,0.01818292017698042,,
46274289,nonacog alfa,Drug,RxNorm,Precise Ingredient,1300488,drug_exposure,20,3,0.0023685457129322598,,,,,,,,0.006060973392326808,0.02617115938236064,
1768849,cefaclor,Drug,RxNorm,Ingredient,2176,drug_exposure,20,2,0.0015790304752881731,,,,,,,,0.006060973392326808,,
1726228,aminosalicylic acid,Drug,RxNorm,Ingredient,7833,drug_exposure,20,1,0.0007895152376440866,,,,,,,,,,
43012292,cabozantinib,Drug,RxNorm,Ingredient,1363268,drug_exposure,20,1,0.0007895152376440866,,,,,,,,0.006060973392326808,,
42900359,calcitonin,Drug,RxNorm,Ingredient,1311287,drug_exposure,20,4,0.0031580609505763462,,,,,,,,0.012121946784653616,0.02617115938236064,
778917,brimonidine / brinzolamide,Drug,RxNorm,Multiple Ingredients,1421450,drug_exposure,20,7,0.005526606663508606,,,,,0.08928571428571429,0.12300123001230012,,,,
19013759,chloride hexahydrate,Drug,RxNorm,Ingredient,314553,drug_exposure,20,4,0.0031580609505763462,,,,,0.044642857142857144,,,0.012121946784653616,,
1366310,goserelin,Drug,RxNorm,Ingredient,50610,drug_exposure,20,15,0.011842728564661297,,0.009294544102611766,0.011828253755470567,,,,,0.006060973392326808,,
779006,elexacaftor / ivacaftor / tezacaftor,Drug,RxNorm,Multiple Ingredients,2257010,drug_exposure,20,1,0.0007895152376440866,,,0.0039427512518235225,,,,,,,
19040606,carbimazole,Drug,RxNorm,Ingredient,2020,drug_exposure,20,7,0.005526606663508606,,,0.007885502503647045,,,,,0.012121946784653616,,0.01006036217303823
837027,apomorphine,Drug,RxNorm,Ingredient,1043,drug_exposure,20,2,0.0015790304752881731,,,0.0039427512518235225,,,,,0.006060973392326808,,
36029071,amlodipine / olmesartan,Drug,RxNorm,Multiple Ingredients,1009015,drug_exposure,20,9,0.0071056371387967785,,0.009294544102611766,,,,,,,,
1381661,iron-dextran complex,Drug,RxNorm,Ingredient,5992,drug_exposure,19,3,0.0023685457129322598,,,,0.00988288777980926,,,,0.006060973392326808,,
36027305,factor VIII (Human) / von Willebrand Factor (Human),Drug,RxNorm,Multiple Ingredients,1007175,drug_exposure,19,4,0.0031580609505763462,,,,0.01976577555961852,,,,,,
1503184,mestranol,Drug,RxNorm,Ingredient,6782,drug_exposure,19,2,0.0015790304752881731,,,0.0039427512518235225,,,,,,,
36031103,amlodipine / hydrochlorothiazide / valsartan,Drug,RxNorm,Multiple Ingredients,852897,drug_exposure,19,6,0.0047370914258645196,,,,,,,,,,
36029227,dextromethorphan / quinidine,Drug,RxNorm,Multiple Ingredients,1040053,drug_exposure,18,3,0.0023685457129322598,,,,,0.022321428571428572,,,0.006060973392326808,,
36878723,Neisseria meningitidis Group B Membrane vesicles External Omv,Drug,RxNorm Extension,Ingredient,OMOP990054,drug_exposure,18,16,0.012632243802305385,,0.009294544102611766,0.0039427512518235225,,,,,,,
36030084,aspirin / dipyridamole,Drug,RxNorm,Multiple Ingredients,226716,drug_exposure,18,6,0.0047370914258645196,,,,,,,,0.01818292017698042,,
21060563,bimatoprost / Timolol Ophthalmic Solution,Drug,RxNorm Extension,Clinical Drug Form,OMOP272237,drug_exposure,18,7,0.005526606663508606,,,,,0.06696428571428571,0.12300123001230012,,,,
1750461,praziquantel,Drug,RxNorm,Ingredient,8628,drug_exposure,18,4,0.0031580609505763462,,,,,,,,,,
1760616,quinine,Drug,RxNorm,Ingredient,9071,drug_exposure,18,3,0.0023685457129322598,,,0.0039427512518235225,,,,,,,0.005030181086519115
535714,Rho(D) immune globulin,Drug,RxNorm,Ingredient,35465,drug_exposure,18,16,0.012632243802305385,,0.0278836323078353,0.007885502503647045,,,,,0.012121946784653616,0.05234231876472128,
19027080,potassium bicarbonate,Drug,RxNorm,Ingredient,34296,drug_exposure,18,10,0.007895152376440865,,,,,,,,,,0.05030181086519115
36031101,drospirenone / ethinyl estradiol,Drug,RxNorm,Multiple Ingredients,840781,drug_exposure,18,5,0.003947576188220433,,,0.0039427512518235225,,0.022321428571428572,,,,,
1344905,carboplatin,Drug,RxNorm,Ingredient,40048,drug_exposure,17,13,0.010263698089373125,,0.009294544102611766,,,,,,0.012121946784653616,,
19042550,triazulenone,Drug,RxNorm,Ingredient,38555,drug_exposure,17,4,0.0031580609505763462,,,,,0.022321428571428572,0.06150061500615006,,0.006060973392326808,,
46275447,alirocumab,Drug,RxNorm,Ingredient,1659152,drug_exposure,17,14,0.011053213327017211,,,0.0039427512518235225,,,,,,,
35602981,idarucizumab,Drug,RxNorm,Ingredient,1716191,drug_exposure,17,13,0.010263698089373125,,0.009294544102611766,0.0039427512518235225,,0.044642857142857144,,,0.006060973392326808,,
36030113,hydrochlorothiazide / telmisartan,Drug,RxNorm,Multiple Ingredients,284636,drug_exposure,17,5,0.003947576188220433,,,,,,,,0.006060973392326808,,
46274210,ceftaroline fosamil,Drug,RxNorm,Ingredient,1040004,drug_exposure,17,1,0.0007895152376440866,,,,,,,,,,
934075,azelastine,Drug,RxNorm,Ingredient,18603,drug_exposure,17,3,0.0023685457129322598,,0.009294544102611766,,,,,,0.006060973392326808,,
1308290,vincristine,Drug,RxNorm,Ingredient,11202,drug_exposure,17,13,0.010263698089373125,,0.018589088205223533,,,,,,,,0.01006036217303823
778913,cobicistat / elvitegravir / emtricitabine / tenofovir disoproxil,Drug,RxNorm,Multiple Ingredients,1306291,drug_exposure,17,4,0.0031580609505763462,,,0.0039427512518235225,,,,,0.006060973392326808,,
1510627,baricitinib,Drug,RxNorm,Ingredient,2047232,drug_exposure,17,2,0.0015790304752881731,,,0.0039427512518235225,,,,,,,
35602991,patiromer,Drug,RxNorm,Ingredient,1716203,drug_exposure,16,5,0.003947576188220433,,,0.0039427512518235225,,,,,0.012121946784653616,,
19086100,mizolastine,Drug,RxNorm,Ingredient,61455,drug_exposure,16,6,0.0047370914258645196,,,,,,,,,,
738156,doxepin,Drug,RxNorm,Ingredient,3638,drug_exposure,16,2,0.0015790304752881731,,,0.0039427512518235225,,,,,0.006060973392326808,,
1338512,doxorubicin,Drug,RxNorm,Ingredient,3639,drug_exposure,16,11,0.008684667614084951,,0.0278836323078353,,,,,,,,
19112563,calcium polystyrene sulfonate product,Drug,RxNorm,Ingredient,47630,drug_exposure,15,9,0.0071056371387967785,,,,,0.044642857142857144,,,,0.13085579691180318,
903893,emedastine,Drug,RxNorm,Ingredient,28144,drug_exposure,15,2,0.0015790304752881731,,,,,,,,0.006060973392326808,,
40166035,saxagliptin,Drug,RxNorm,Ingredient,857974,drug_exposure,15,4,0.0031580609505763462,,,,,,,,,,
36029291,epinephrine / lidocaine,Drug,RxNorm,Multiple Ingredients,107602,drug_exposure,15,12,0.009474182851729039,,,,,,,,0.006060973392326808,,
19056157,levomenthol,Drug,RxNorm,Ingredient,236388,drug_exposure,15,4,0.0031580609505763462,,,,,0.022321428571428572,,,0.006060973392326808,0.02617115938236064,
941052,alitretinoin,Drug,RxNorm,Ingredient,81864,drug_exposure,15,3,0.0023685457129322598,,,0.0039427512518235225,,,,,,,
2000000590,pantoprazol / amoxicilline / claritromycine,Drug,ICUdata,Observable Entity,2000000590,drug_exposure,15,3,0.0023685457129322598,,,,,,,,0.006060973392326808,,
36249974,dotatate,Drug,RxNorm,Ingredient,1797118,drug_exposure,15,6,0.0047370914258645196,,,,,0.13392857142857142,,,,,
1351541,leuprolide,Drug,RxNorm,Ingredient,42375,drug_exposure,15,13,0.010263698089373125,,,,,,,,,,
794147,maprotiline,Drug,RxNorm,Ingredient,6646,drug_exposure,14,5,0.003947576188220433,,,,,,,,0.012121946784653616,,
36028821,Calcium Carbonate / Magnesium Oxide / Zinc Sulfate,Drug,RxNorm,Multiple Ingredients,1008749,drug_exposure,14,2,0.0015790304752881731,,,,,,,,0.006060973392326808,,
1346686,eprosartan,Drug,RxNorm,Ingredient,83515,drug_exposure,14,1,0.0007895152376440866,,,0.0039427512518235225,,,,,,,
36030222,acetic acid / hydrocortisone,Drug,RxNorm,Multiple Ingredients,466530,drug_exposure,14,3,0.0023685457129322598,,,,,0.022321428571428572,0.06150061500615006,,0.006060973392326808,,
1189697,eletriptan,Drug,RxNorm,Ingredient,231049,drug_exposure,14,3,0.0023685457129322598,,,0.0039427512518235225,,,,,0.012121946784653616,,
1036884,tetracaine,Drug,RxNorm,Ingredient,10391,drug_exposure,14,9,0.0071056371387967785,,,,,0.11160714285714286,,,0.006060973392326808,,
778969,glecaprevir / pibrentasvir,Drug,RxNorm,Multiple Ingredients,1940702,drug_exposure,14,2,0.0015790304752881731,,,0.0039427512518235225,,,,,,,
35200446,doravirine,Drug,RxNorm,Ingredient,2055755,drug_exposure,14,2,0.0015790304752881731,,,,,,,,,,
767410,lithium citrate,Drug,RxNorm,Ingredient,52105,drug_exposure,14,1,0.0007895152376440866,,,,,0.022321428571428572,,,,,
19124477,lithium,Drug,RxNorm,Ingredient,6448,drug_exposure,13,6,0.0047370914258645196,,,,,0.06696428571428571,,,0.012121946784653616,,
977421,rimexolone,Drug,RxNorm,Ingredient,55681,drug_exposure,13,2,0.0015790304752881731,,,,,,,,,,
1514412,nandrolone,Drug,RxNorm,Ingredient,7244,drug_exposure,13,8,0.0063161219011526925,,,0.0039427512518235225,,,,,,,0.035211267605633804
19055183,flunarizine,Drug,RxNorm,Ingredient,4459,drug_exposure,13,3,0.0023685457129322598,,0.009294544102611766,,,,,,,,
36030275,calcium carbonate / risedronate,Drug,RxNorm,Multiple Ingredients,607278,drug_exposure,12,3,0.0023685457129322598,,,,,,,,0.006060973392326808,,
19098548,tenecteplase,Drug,RxNorm,Ingredient,259280,drug_exposure,12,11,0.008684667614084951,,0.06506180871828236,0.0039427512518235225,,,,,,,
1304044,fulvestrant,Drug,RxNorm,Ingredient,282357,drug_exposure,12,1,0.0007895152376440866,,,0.0039427512518235225,,,,,,,
42874220,cobicistat,Drug,RxNorm,Ingredient,1306284,drug_exposure,12,2,0.0015790304752881731,,,,,,,,,0.02617115938236064,
19015523,bendamustine,Drug,RxNorm,Ingredient,134547,drug_exposure,12,7,0.005526606663508606,,,0.0039427512518235225,,,,,,,
36852843,OREPTACOG ALFA (ACTIVATED),Drug,RxNorm Extension,Ingredient,OMOP5170459,drug_exposure,12,5,0.003947576188220433,,,,,0.08928571428571429,,,0.006060973392326808,,
19008012,tiapride,Drug,RxNorm,Ingredient,10588,drug_exposure,12,2,0.0015790304752881731,,0.009294544102611766,,,,,,,,
1351935,factor IX,Drug,RxNorm,Ingredient,4249,drug_exposure,12,4,0.0031580609505763462,,,0.0039427512518235225,,,,,0.006060973392326808,,
36029787,insulin glargine / lixisenatide,Drug,RxNorm,Multiple Ingredients,1858994,drug_exposure,12,2,0.0015790304752881731,,,,,,,,,,
1329241,bleomycin,Drug,RxNorm,Ingredient,1622,drug_exposure,12,6,0.0047370914258645196,,,0.007885502503647045,,,,,,,
1110942,omalizumab,Drug,RxNorm,Ingredient,302379,drug_exposure,12,5,0.003947576188220433,,,0.011828253755470567,,,,,,,
46275300,brexpiprazole,Drug,RxNorm,Ingredient,1658314,drug_exposure,12,1,0.0007895152376440866,,0.009294544102611766,,,,,,,,
19086712,peppermint oil,Drug,RxNorm,Ingredient,33094,drug_exposure,12,1,0.0007895152376440866,,,,,,,,,,
19050461,prazepam,Drug,RxNorm,Ingredient,8627,drug_exposure,12,2,0.0015790304752881731,,,,,,,,,,
1390051,chlorambucil,Drug,RxNorm,Ingredient,2346,drug_exposure,11,3,0.0023685457129322598,,,,,,,,0.006060973392326808,,
940535,sulconazole,Drug,RxNorm,Ingredient,37319,drug_exposure,11,1,0.0007895152376440866,,,0.0039427512518235225,,,,,,,
1729323,adefovir,Drug,RxNorm,Ingredient,16521,drug_exposure,11,1,0.0007895152376440866,,,,,,,,0.006060973392326808,,
1336539,sunitinib,Drug,RxNorm,Ingredient,357977,drug_exposure,11,3,0.0023685457129322598,,,,,,,,0.012121946784653616,,
37496482,pretomanid,Drug,RxNorm,Ingredient,2198359,drug_exposure,11,1,0.0007895152376440866,,,,,,,,,,
792844,axicabtagene ciloleucel,Drug,RxNorm,Ingredient,1987398,drug_exposure,11,11,0.008684667614084951,,,,,,,,,,
37499009,bempedoic acid,Drug,RxNorm,Ingredient,2282403,drug_exposure,11,2,0.0015790304752881731,,,,,,,,,,
42709324,vitamin D3,Drug,RxNorm,Ingredient,1244014,drug_exposure,11,3,0.0023685457129322598,,,,,,,,0.01818292017698042,,
45775351,bicarbonate ion,Drug,RxNorm,Ingredient,1546277,drug_exposure,11,2,0.0015790304752881731,,,,,,,,0.012121946784653616,,
1792429,proguanil,Drug,RxNorm,Ingredient,2382,drug_exposure,11,2,0.0015790304752881731,,,0.0039427512518235225,,,,,,,
19010871,tuberculin,Drug,RxNorm,Ingredient,10908,drug_exposure,10,10,0.007895152376440865,,,0.007885502503647045,,,,,,,
1309188,mitoxantrone,Drug,RxNorm,Ingredient,7005,drug_exposure,10,3,0.0023685457129322598,,,,,,,,,,
1311799,daunorubicin,Drug,RxNorm,Ingredient,3109,drug_exposure,10,4,0.0031580609505763462,,0.0278836323078353,,,,,,,0.02617115938236064,
36859517,SUXETHONIUM,Drug,RxNorm Extension,Ingredient,OMOP5177134,drug_exposure,10,9,0.0071056371387967785,,,,,0.20089285714285715,,,,,
1503432,pegvisomant,Drug,RxNorm,Ingredient,278739,drug_exposure,10,3,0.0023685457129322598,,,0.0039427512518235225,,0.022321428571428572,,,,,0.005030181086519115
19012598,vecuronium,Drug,RxNorm,Ingredient,71535,drug_exposure,10,8,0.0063161219011526925,,,,,,,,,,0.04024144869215292
19053979,fenoterol,Drug,RxNorm,Ingredient,4333,drug_exposure,10,3,0.0023685457129322598,,,,,,,,,0.07851347814708191,
792649,abemaciclib,Drug,RxNorm,Ingredient,1946825,drug_exposure,10,1,0.0007895152376440866,,,0.0039427512518235225,,,,,,,
1315286,nilutamide,Drug,RxNorm,Ingredient,31805,drug_exposure,10,1,0.0007895152376440866,,0.009294544102611766,,,,,,,,
1301267,melphalan,Drug,RxNorm,Ingredient,6718,drug_exposure,10,8,0.0063161219011526925,,,,,,,,,,
37497667,nicotinamide ribotide,Drug,RxNorm,Ingredient,2262276,drug_exposure,10,2,0.0015790304752881731,,,,,,,,0.012121946784653616,,
19032407,romiplostim,Drug,RxNorm,Ingredient,805452,drug_exposure,10,4,0.0031580609505763462,,0.009294544102611766,0.0039427512518235225,,,,,,,
937368,infliximab,Drug,RxNorm,Ingredient,191831,drug_exposure,10,6,0.0047370914258645196,,0.009294544102611766,0.0039427512518235225,,,,,,,
766209,selegiline,Drug,RxNorm,Ingredient,9639,drug_exposure,10,4,0.0031580609505763462,,,,,,,,0.006060973392326808,,0.015090543259557344
701322,memantine,Drug,RxNorm,Ingredient,6719,drug_exposure,9,3,0.0023685457129322598,,,,,,,,0.012121946784653616,,
908523,mineral oil,Drug,RxNorm,Ingredient,6972,drug_exposure,9,9,0.0071056371387967785,,,,,,,,,,
19031583,gadoxetate,Drug,RxNorm,Ingredient,802624,drug_exposure,9,9,0.0071056371387967785,,,,,,,,,,
19078097,idarubicin,Drug,RxNorm,Ingredient,5650,drug_exposure,9,3,0.0023685457129322598,,0.0278836323078353,,,,,,,,
40242044,icatibant,Drug,RxNorm,Ingredient,1148138,drug_exposure,9,5,0.003947576188220433,,,0.0039427512518235225,,,,,0.006060973392326808,,
779050,ezetimibe / rosuvastatin,Drug,RxNorm,Multiple Ingredients,2535748,drug_exposure,9,1,0.0007895152376440866,,,0.0039427512518235225,,,,,,,
949279,carboxymethylcellulose,Drug,RxNorm,Ingredient,2062,drug_exposure,9,1,0.0007895152376440866,,,,,,,,,,0.005030181086519115
44818461,siltuximab,Drug,RxNorm,Ingredient,1535218,drug_exposure,9,1,0.0007895152376440866,,,,,,,,,,
36029841,doravirine / lamivudine / tenofovir disoproxil,Drug,RxNorm,Multiple Ingredients,2055808,drug_exposure,9,2,0.0015790304752881731,,,0.007885502503647045,,,,,,,
40226579,fingolimod,Drug,RxNorm,Ingredient,1012892,drug_exposure,8,1,0.0007895152376440866,,,,,,,,0.006060973392326808,,
1319998,acebutolol,Drug,RxNorm,Ingredient,149,drug_exposure,8,2,0.0015790304752881731,,,,,,,,,,
1378382,paclitaxel,Drug,RxNorm,Ingredient,56946,drug_exposure,8,6,0.0047370914258645196,,,,,,,,,,
1714165,peginterferon alfa-2a,Drug,RxNorm,Ingredient,120608,drug_exposure,8,4,0.0031580609505763462,,,0.011828253755470567,,,,,,,
1593861,niraparib,Drug,RxNorm,Ingredient,1918231,drug_exposure,8,1,0.0007895152376440866,,,0.0039427512518235225,,,,,,,
36030052,Calcium Carbonate / Vitamin D,Drug,RxNorm,Multiple Ingredients,215830,drug_exposure,8,2,0.0015790304752881731,,,,,,,,0.012121946784653616,,
586491,cytomegalovirus immune globulin,Drug,RxNorm,Ingredient,22178,drug_exposure,8,4,0.0031580609505763462,,,,,,,,0.012121946784653616,,
1314924,gemcitabine,Drug,RxNorm,Ingredient,12574,drug_exposure,8,5,0.003947576188220433,,,,,,,,,,
1594587,sarilumab,Drug,RxNorm,Ingredient,1923319,drug_exposure,8,8,0.0063161219011526925,,,0.0039427512518235225,,,,,,,
1146633,remimazolam,Drug,RxNorm,Ingredient,2383941,drug_exposure,8,3,0.0023685457129322598,,,,,0.022321428571428572,,,0.006060973392326808,,
19024249,clodronic acid,Drug,RxNorm,Ingredient,3350,drug_exposure,8,2,0.0015790304752881731,,,,,,,,,,
36029447,linagliptin / metformin,Drug,RxNorm,Multiple Ingredients,1243019,drug_exposure,8,1,0.0007895152376440866,,,,,,,,,,
742594,trichloroacetaldehyde,Drug,RxNorm,Ingredient,38574,drug_exposure,8,3,0.0023685457129322598,,,0.007885502503647045,,,,,,,
1305637,methylergonovine,Drug,RxNorm,Ingredient,6883,drug_exposure,8,7,0.005526606663508606,,,,,,,,,,
36029257,aluminum hydroxide / dimethicone / magnesium hydroxide,Drug,RxNorm,Multiple Ingredients,1049912,drug_exposure,7,3,0.0023685457129322598,,,,,,,,0.006060973392326808,,
19095002,chlorprothixene,Drug,RxNorm,Ingredient,2406,drug_exposure,7,1,0.0007895152376440866,,0.009294544102611766,,,,,,,,
40798876,Human Alpha1 Proteinase Inhibitor,Drug,RxNorm Extension,Ingredient,OMOP2721220,drug_exposure,7,1,0.0007895152376440866,,,,,,,,,,
36028499,lidocaine / zinc sulfate,Drug,RxNorm,Multiple Ingredients,1008415,drug_exposure,7,1,0.0007895152376440866,,,,,,,,0.006060973392326808,,
43013182,ponatinib,Drug,RxNorm,Ingredient,1364347,drug_exposure,7,2,0.0015790304752881731,,,,,,,,,,
922868,permethrin,Drug,RxNorm,Ingredient,33199,drug_exposure,7,4,0.0031580609505763462,,,0.0039427512518235225,,,,,,,
19058410,degarelix,Drug,RxNorm,Ingredient,475230,drug_exposure,7,5,0.003947576188220433,,,,,,,,,,
501343,hepatitis B immune globulin,Drug,RxNorm,Ingredient,26744,drug_exposure,7,7,0.005526606663508606,,,0.0039427512518235225,,,,,0.006060973392326808,,
19090761,regadenoson,Drug,RxNorm,Ingredient,640062,drug_exposure,7,7,0.005526606663508606,,,,,,,,,,
44506753,lipegfilgrastim,Drug,RxNorm,Ingredient,1440046,drug_exposure,7,7,0.005526606663508606,,0.046472720513058834,,,,,,,,
1361614,fedratinib,Drug,RxNorm,Ingredient,2197490,drug_exposure,7,1,0.0007895152376440866,,,,,,,,,,
1119510,dextromethorphan,Drug,RxNorm,Ingredient,3289,drug_exposure,7,1,0.0007895152376440866,,,,,,,,0.006060973392326808,,
1708748,zanamivir,Drug,RxNorm,Ingredient,69722,drug_exposure,7,1,0.0007895152376440866,,,,,,,,0.006060973392326808,,
36030789,aliskiren / hydrochlorothiazide,Drug,RxNorm,Multiple Ingredients,802519,drug_exposure,7,2,0.0015790304752881731,,,,,,,,,,
1512480,ibandronate,Drug,RxNorm,Ingredient,115264,drug_exposure,7,4,0.0031580609505763462,,,,,,,,0.006060973392326808,,
19037989,dothiepin,Drug,RxNorm,Ingredient,3634,drug_exposure,7,1,0.0007895152376440866,,,,,,,,,,
1508439,mifepristone,Drug,RxNorm,Ingredient,6964,drug_exposure,7,7,0.005526606663508606,,,0.0039427512518235225,,,,,0.006060973392326808,,
45775584,picosulfurate,Drug,RxNorm,Ingredient,1546458,drug_exposure,7,3,0.0023685457129322598,,,,,,,,0.006060973392326808,0.02617115938236064,
19018910,cannabinol,Drug,RxNorm,Ingredient,1976,drug_exposure,7,1,0.0007895152376440866,,,,,0.022321428571428572,,,,,
19027339,potassium perchlorate,Drug,RxNorm,Ingredient,34318,drug_exposure,7,1,0.0007895152376440866,,,,,,,,,,
1501309,thyroid (USP),Drug,RxNorm,Ingredient,10572,drug_exposure,6,1,0.0007895152376440866,,,0.0039427512518235225,,,,,,,
35605744,daratumumab,Drug,RxNorm,Ingredient,1721947,drug_exposure,6,4,0.0031580609505763462,,,,,,,,,,
36878602,Taurolidine,Drug,RxNorm Extension,Ingredient,OMOP997401,drug_exposure,6,1,0.0007895152376440866,,,,,,,,,,
528323,hepatitis B surface antigen vaccine,Drug,RxNorm,Ingredient,797752,drug_exposure,6,6,0.0047370914258645196,,,0.0039427512518235225,,,,,0.006060973392326808,,
19066274,selenite,Drug,RxNorm,Ingredient,9640,drug_exposure,6,1,0.0007895152376440866,,,,,,,,,,
43532326,dimethicone 200,Drug,RxNorm,Ingredient,1426664,drug_exposure,6,1,0.0007895152376440866,,,,,,,,0.006060973392326808,,
19092061,zinc citrate,Drug,RxNorm,Ingredient,236911,drug_exposure,6,1,0.0007895152376440866,,,,,,,,0.006060973392326808,,
1318011,oxaliplatin,Drug,RxNorm,Ingredient,32592,drug_exposure,6,6,0.0047370914258645196,,,,,,,,,,
36029671,naloxone / oxycodone,Drug,RxNorm,Multiple Ingredients,1545902,drug_exposure,6,3,0.0023685457129322598,,,,,,,,,,
36029967,diclofenac / misoprostol,Drug,RxNorm,Multiple Ingredients,214502,drug_exposure,6,2,0.0015790304752881731,,,,,,,,,,
40167554,pazopanib,Drug,RxNorm,Ingredient,714438,drug_exposure,6,2,0.0015790304752881731,,,,,,,,0.006060973392326808,,
36030995,hydrochlorothiazide / ramipril,Drug,RxNorm,Multiple Ingredients,818284,drug_exposure,6,2,0.0015790304752881731,,,,,,,,,,
964008,bictegravir,Drug,RxNorm,Ingredient,1999660,drug_exposure,6,3,0.0023685457129322598,,,,,,,,,0.07851347814708191,
36030133,ethinyl estradiol / norelgestromin,Drug,RxNorm,Multiple Ingredients,352377,drug_exposure,6,1,0.0007895152376440866,,,0.0039427512518235225,,,,,,,
19078187,ifosfamide,Drug,RxNorm,Ingredient,5657,drug_exposure,6,2,0.0015790304752881731,,0.009294544102611766,,,,,,,,
1312007,prasterone,Drug,RxNorm,Ingredient,3143,drug_exposure,6,3,0.0023685457129322598,,0.009294544102611766,0.0039427512518235225,,,,,,,
1311409,dacarbazine,Drug,RxNorm,Ingredient,3098,drug_exposure,6,4,0.0031580609505763462,,,0.0039427512518235225,,,,,,,
19006586,rufinamide,Drug,RxNorm,Ingredient,69036,drug_exposure,6,1,0.0007895152376440866,,,,,,,,,0.02617115938236064,
1307542,mexiletine,Drug,RxNorm,Ingredient,6926,drug_exposure,6,1,0.0007895152376440866,,0.009294544102611766,,,,,,,,
1387104,trastuzumab,Drug,RxNorm,Ingredient,224905,drug_exposure,5,4,0.0031580609505763462,,,,,,,,,,0.005030181086519115
40230597,ceftaroline,Drug,RxNorm,Ingredient,1040005,drug_exposure,5,1,0.0007895152376440866,,,,,,,,0.006060973392326808,,
19071967,creatine,Drug,RxNorm,Ingredient,2907,drug_exposure,5,1,0.0007895152376440866,,,,,,,,0.006060973392326808,,
44785094,sofosbuvir,Drug,RxNorm,Ingredient,1484911,drug_exposure,5,1,0.0007895152376440866,,,0.0039427512518235225,,,,,,,
1749083,ceftibuten,Drug,RxNorm,Ingredient,20492,drug_exposure,5,3,0.0023685457129322598,,,,,,,,,,
45774435,dulaglutide,Drug,RxNorm,Ingredient,1551291,drug_exposure,5,4,0.0031580609505763462,,,,,,,,,,
19004724,methionine,Drug,RxNorm,Ingredient,6837,drug_exposure,5,2,0.0015790304752881731,,0.009294544102611766,,,,,,,,
36028870,amlodipine / hydrochlorothiazide / olmesartan,Drug,RxNorm,Multiple Ingredients,1008801,drug_exposure,5,3,0.0023685457129322598,,,,,0.022321428571428572,,,,,
42900401,bosutinib,Drug,RxNorm,Ingredient,1307619,drug_exposure,5,1,0.0007895152376440866,,,,,,,,,,
37497691,zanubrutinib,Drug,RxNorm,Ingredient,2262435,drug_exposure,5,1,0.0007895152376440866,,,0.0039427512518235225,,,,,,,
1589505,levonorgestrel,Drug,RxNorm,Ingredient,6373,drug_exposure,5,3,0.0023685457129322598,,,,,,,,,0.05234231876472128,
44818466,ceritinib,Drug,RxNorm,Ingredient,1535457,drug_exposure,5,1,0.0007895152376440866,,,0.0039427512518235225,,,,,,,
1397599,cisplatin,Drug,RxNorm,Ingredient,2555,drug_exposure,5,3,0.0023685457129322598,,0.009294544102611766,,,,,,,,
1794280,mebendazole,Drug,RxNorm,Ingredient,6672,drug_exposure,5,5,0.003947576188220433,,0.009294544102611766,0.0039427512518235225,,,,,,0.02617115938236064,
42874054,oxidronate,Drug,RxNorm,Ingredient,1306068,drug_exposure,5,5,0.003947576188220433,,,,,,,,0.006060973392326808,,
778931,ledipasvir / sofosbuvir,Drug,RxNorm,Multiple Ingredients,1591942,drug_exposure,5,1,0.0007895152376440866,,,0.0039427512518235225,,,,,,,
1351779,procarbazine,Drug,RxNorm,Ingredient,8702,drug_exposure,5,3,0.0023685457129322598,,,,,,,,,,
36028482,meningococcal group A polysaccharide / meningococcal group C polysaccharide / meningococcal polysaccharide vaccine group W-135 / meningococcal polysaccharide vaccine group Y,Drug,RxNorm,Multiple Ingredients,1008395,drug_exposure,5,4,0.0031580609505763462,,,,,,,,,,
36858293,HYDROMETHYLTHIONINE,Drug,RxNorm Extension,Ingredient,OMOP5175910,drug_exposure,5,4,0.0031580609505763462,,,,,,,,,,0.02012072434607646
795661,felbamate,Drug,RxNorm,Ingredient,24812,drug_exposure,5,1,0.0007895152376440866,,,0.0039427512518235225,,,,,,,
2997891,Rurioctocog Alfa Pegol,Drug,RxNorm Extension,Ingredient,OMOP5154905,drug_exposure,5,1,0.0007895152376440866,,,,,,,,,,
36030008,hydrochlorothiazide / valsartan,Drug,RxNorm,Multiple Ingredients,214626,drug_exposure,5,4,0.0031580609505763462,,,,,0.022321428571428572,,,0.006060973392326808,,
35891916,Filgotinib,Drug,RxNorm Extension,Ingredient,OMOP5036197,drug_exposure,5,2,0.0015790304752881731,,,,,,,,,,
950370,carteolol,Drug,RxNorm,Ingredient,2116,drug_exposure,5,2,0.0015790304752881731,,,0.0039427512518235225,,,,,0.006060973392326808,,
19054825,cladribine,Drug,RxNorm,Ingredient,44157,drug_exposure,5,1,0.0007895152376440866,,0.009294544102611766,,,,,,,,
36030575,acetic acid / salicylic acid,Drug,RxNorm,Multiple Ingredients,690205,drug_exposure,5,1,0.0007895152376440866,,,,,,,,0.006060973392326808,,
35197905,freeze-dried pepsin-treated human normal immunoglobulin,Drug,RxNorm Extension,Ingredient,OMOP4819270,drug_exposure,4,1,0.0007895152376440866,,,,,,,,,,
19022479,fomepizole,Drug,RxNorm,Ingredient,15226,drug_exposure,4,2,0.0015790304752881731,,,,,,,,0.006060973392326808,,
981691,imiquimod,Drug,RxNorm,Ingredient,59943,drug_exposure,4,1,0.0007895152376440866,,0.009294544102611766,,,,,,,,
1510687,sodium zirconium cyclosilicate,Drug,RxNorm,Ingredient,2047628,drug_exposure,4,3,0.0023685457129322598,,,,,0.022321428571428572,0.12300123001230012,,,,
19106287,vitamin K2,Drug,RxNorm,Ingredient,42781,drug_exposure,4,2,0.0015790304752881731,,,,,,,,0.006060973392326808,,
35197852,landiolol hydrochloride,Drug,RxNorm Extension,Ingredient,OMOP4819217,drug_exposure,4,1,0.0007895152376440866,,0.009294544102611766,,,,,,,,
904356,methenamine,Drug,RxNorm,Ingredient,6832,drug_exposure,4,1,0.0007895152376440866,,,,,,,,,,
1718850,rucaparib,Drug,RxNorm,Ingredient,1862579,drug_exposure,4,1,0.0007895152376440866,,,,,,,,0.006060973392326808,,
1543229,laronidase,Drug,RxNorm,Ingredient,392509,drug_exposure,4,1,0.0007895152376440866,,,0.0039427512518235225,,,,,,,
1397141,bevacizumab,Drug,RxNorm,Ingredient,253337,drug_exposure,4,4,0.0031580609505763462,,,0.0039427512518235225,,,,,,,0.005030181086519115
1549786,ethinyl estradiol,Drug,RxNorm,Ingredient,4124,drug_exposure,4,2,0.0015790304752881731,,,,,,,,,0.05234231876472128,
19020068,nitric oxide,Drug,RxNorm,Ingredient,7442,drug_exposure,4,3,0.0023685457129322598,,,,,,,,0.012121946784653616,,
36031123,dienogest / estradiol,Drug,RxNorm,Multiple Ingredients,994203,drug_exposure,4,1,0.0007895152376440866,,,,,,,,,,
950435,citric acid,Drug,RxNorm,Ingredient,21183,drug_exposure,4,1,0.0007895152376440866,,,,,,,,,0.02617115938236064,
938061,selenium sulfide,Drug,RxNorm,Ingredient,36345,drug_exposure,4,2,0.0015790304752881731,,,,,,,,,,
19050087,ibutilide,Drug,RxNorm,Ingredient,41289,drug_exposure,4,3,0.0023685457129322598,,,,,,,,,,0.01006036217303823
19136066,somatostatin,Drug,RxNorm,Ingredient,9939,drug_exposure,4,2,0.0015790304752881731,,,0.0039427512518235225,,,,,,,
36029814,dolutegravir / rilpivirine,Drug,RxNorm,Multiple Ingredients,1989499,drug_exposure,4,1,0.0007895152376440866,,,,,,,,,,
1510363,andexanet alfa,Drug,RxNorm,Ingredient,2045114,drug_exposure,4,2,0.0015790304752881731,,,,,,,,0.012121946784653616,,
37498615,ferric derisomaltose,Drug,RxNorm,Ingredient,2274394,drug_exposure,4,4,0.0031580609505763462,,,,,0.022321428571428572,,,,0.07851347814708191,
36029516,citric acid / magnesium oxide / picosulfurate,Drug,RxNorm,Multiple Ingredients,1304093,drug_exposure,4,1,0.0007895152376440866,,,,,,,,,0.02617115938236064,
44785885,von Willebrand factor,Drug,RxNorm,Ingredient,11274,drug_exposure,3,2,0.0015790304752881731,,,,,,,,,,0.01006036217303823
43014237,pomalidomide,Drug,RxNorm,Ingredient,1369713,drug_exposure,3,1,0.0007895152376440866,,,,,,,,,,
36030110,candesartan / hydrochlorothiazide,Drug,RxNorm,Multiple Ingredients,284628,drug_exposure,3,2,0.0015790304752881731,,,,,0.022321428571428572,,,,,
19008264,vinblastine,Drug,RxNorm,Ingredient,11198,drug_exposure,3,3,0.0023685457129322598,,,,,,,,,,
19007737,mianserin,Drug,RxNorm,Ingredient,6929,drug_exposure,3,2,0.0015790304752881731,,,,,,,,,,
1315942,docetaxel,Drug,RxNorm,Ingredient,72962,drug_exposure,3,2,0.0015790304752881731,,,,,,,,,,
36027261,meclizine / vitamin B6,Drug,RxNorm,Multiple Ingredients,1007131,drug_exposure,3,2,0.0015790304752881731,,,,,,,,,,0.005030181086519115
1586640,nitisinone,Drug,RxNorm,Ingredient,61805,drug_exposure,3,1,0.0007895152376440866,,,,,,,,,,
35834902,roxadustat,Drug,RxNorm Extension,Ingredient,OMOP5040509,drug_exposure,3,1,0.0007895152376440866,,,0.0039427512518235225,,,,,,,
45774701,tafamidis,Drug,RxNorm,Ingredient,1545063,drug_exposure,3,1,0.0007895152376440866,,,,,0.022321428571428572,,,,,
984232,isotretinoin,Drug,RxNorm,Ingredient,6064,drug_exposure,3,1,0.0007895152376440866,,,,,,,,,,
40175900,polidocanol,Drug,RxNorm,Ingredient,968170,drug_exposure,3,3,0.0023685457129322598,,,,,,,,,,
36028635,Calcium Carbonate / Magnesium Oxide / Vitamin D,Drug,RxNorm,Multiple Ingredients,1008556,drug_exposure,3,2,0.0015790304752881731,,,,,,,,0.006060973392326808,,
1593467,dupilumab,Drug,RxNorm,Ingredient,1876376,drug_exposure,3,1,0.0007895152376440866,,0.009294544102611766,,,,,,,,
44816298,Mycobacterium tuberculosis,Drug,RxNorm,Ingredient,1492936,drug_exposure,3,3,0.0023685457129322598,,,,0.01482433166971389,,,,,,
45775965,pembrolizumab,Drug,RxNorm,Ingredient,1547545,drug_exposure,3,3,0.0023685457129322598,,,,,0.022321428571428572,,,,,
45775370,2-mercaptoethanesulfonic acid,Drug,RxNorm,Ingredient,1546354,drug_exposure,3,1,0.0007895152376440866,,,,,,,,,0.02617115938236064,
36030888,estradiol / progesterone,Drug,RxNorm,Multiple Ingredients,815024,drug_exposure,3,1,0.0007895152376440866,,,,,,,,,,
40244266,aflibercept,Drug,RxNorm,Ingredient,1232150,drug_exposure,2,2,0.0015790304752881731,,,0.0039427512518235225,,,,,,,
1398039,St. John's wort extract,Drug,RxNorm,Ingredient,258326,drug_exposure,2,1,0.0007895152376440866,,,,,,,,0.006060973392326808,,
1389036,mitomycin,Drug,RxNorm,Ingredient,632,drug_exposure,2,2,0.0015790304752881731,,,,,,,,,,
35604657,alectinib,Drug,RxNorm,Ingredient,1727455,drug_exposure,2,1,0.0007895152376440866,,,,,,,,0.006060973392326808,,
1186087,abatacept,Drug,RxNorm,Ingredient,614391,drug_exposure,2,1,0.0007895152376440866,,,,,,,,,,
19008867,cromoglycate,Drug,RxNorm,Ingredient,2921,drug_exposure,2,1,0.0007895152376440866,,,,,,,,,,
916662,dimethicone,Drug,RxNorm,Ingredient,324072,drug_exposure,2,1,0.0007895152376440866,,,,,,,,,0.02617115938236064,
19080458,eculizumab,Drug,RxNorm,Ingredient,591781,drug_exposure,2,2,0.0015790304752881731,,,0.0039427512518235225,,,,,,,
792993,benralizumab,Drug,RxNorm,Ingredient,1989100,drug_exposure,2,2,0.0015790304752881731,,0.018589088205223533,,,,,,,,
36030141,indapamide / perindopril,Drug,RxNorm,Multiple Ingredients,388499,drug_exposure,2,2,0.0015790304752881731,,,,,0.022321428571428572,,,,,
19053171,obidoxime,Drug,RxNorm,Ingredient,42826,drug_exposure,2,1,0.0007895152376440866,,0.009294544102611766,,,,,,,,
19106100,factor XIII,Drug,RxNorm,Ingredient,4271,drug_exposure,2,2,0.0015790304752881731,,,0.007885502503647045,,,,,,,
36030289,lidocaine / tetracaine,Drug,RxNorm,Multiple Ingredients,608568,drug_exposure,2,2,0.0015790304752881731,,,,,,,,,,
40161669,canakinumab,Drug,RxNorm,Ingredient,853491,drug_exposure,2,2,0.0015790304752881731,,,,,,,,,,
40230761,lurasidone,Drug,RxNorm,Ingredient,1040028,drug_exposure,2,1,0.0007895152376440866,,,,,,,,,,
36852971,KRYPTON KR-81M,Drug,RxNorm Extension,Ingredient,OMOP5170587,drug_exposure,2,2,0.0015790304752881731,,,,,,,,,,
35198039,polyethylene glycol-treated human normal immunoglobulin,Drug,RxNorm Extension,Ingredient,OMOP4819404,drug_exposure,2,1,0.0007895152376440866,,,,,,,,,0.02617115938236064,
37493805,Nicomorphine,Drug,RxNorm Extension,Ingredient,OMOP4873905,drug_exposure,2,2,0.0015790304752881731,,,,,,,,,,0.01006036217303823
35606631,mepolizumab,Drug,RxNorm,Ingredient,1720597,drug_exposure,2,2,0.0015790304752881731,,,,,,,,,,
912263,certolizumab pegol,Drug,RxNorm,Ingredient,709271,drug_exposure,2,1,0.0007895152376440866,,,0.0039427512518235225,,,,,,,
713196,interferon beta-1b,Drug,RxNorm,Ingredient,72257,drug_exposure,2,2,0.0015790304752881731,,,0.0039427512518235225,,,,,,,
19048699,corticotropin-releasing hormone,Drug,RxNorm,Ingredient,214461,drug_exposure,2,2,0.0015790304752881731,,,0.0039427512518235225,,,,,,,
1536976,sotrovimab,Drug,RxNorm,Ingredient,2550731,drug_exposure,2,2,0.0015790304752881731,,,,,,,,,,
1315027,cranberry preparation,Drug,RxNorm,Ingredient,125933,drug_exposure,2,1,0.0007895152376440866,,,,,,,,,,
45892833,sulfur hexafluoride,Drug,RxNorm,Ingredient,1599276,drug_exposure,2,2,0.0015790304752881731,,,,,,,,,,
792777,varicella zoster virus glycoprotein E,Drug,RxNorm,Ingredient,1986821,drug_exposure,2,2,0.0015790304752881731,,,0.0039427512518235225,,,,,,,
36029883,amiloride / hydrochlorothiazide,Drug,RxNorm,Multiple Ingredients,214212,drug_exposure,2,1,0.0007895152376440866,,,,,0.022321428571428572,,,,,
19072030,curcumin,Drug,RxNorm,Ingredient,2955,drug_exposure,2,1,0.0007895152376440866,,,,,,,,0.006060973392326808,,
742185,atomoxetine,Drug,RxNorm,Ingredient,38400,drug_exposure,2,1,0.0007895152376440866,,,,,,,,,,
979096,zinc acetate,Drug,RxNorm,Ingredient,58295,drug_exposure,2,1,0.0007895152376440866,,,,,,,,0.006060973392326808,,
1329415,dinoprostone,Drug,RxNorm,Ingredient,3478,drug_exposure,2,1,0.0007895152376440866,,,,,,,,,,
19000498,mefloquine,Drug,RxNorm,Ingredient,6694,drug_exposure,2,1,0.0007895152376440866,,,0.0039427512518235225,,,,,,,
36029293,bupivacaine / epinephrine,Drug,RxNorm,Multiple Ingredients,107606,drug_exposure,2,2,0.0015790304752881731,,,,,0.044642857142857144,,,,,
36029298,acetaminophen / caffeine,Drug,RxNorm,Multiple Ingredients,108038,drug_exposure,2,2,0.0015790304752881731,,,,,,,,,,
40241969,brentuximab vedotin,Drug,RxNorm,Ingredient,1147320,drug_exposure,2,2,0.0015790304752881731,,0.009294544102611766,,,,,,,,
19015768,methoxy polyethylene glycol-epoetin beta,Drug,RxNorm,Ingredient,729596,drug_exposure,2,2,0.0015790304752881731,,,,,,,,,,
36027963,triamcinolone / urea,Drug,RxNorm,Multiple Ingredients,1007849,drug_exposure,2,2,0.0015790304752881731,,,,,,,,0.006060973392326808,,
19076414,potassium acetate,Drug,RxNorm,Ingredient,54987,drug_exposure,2,2,0.0015790304752881731,,,,,,,,,0.05234231876472128,
996625,fluorescein,Drug,RxNorm,Ingredient,25138,drug_exposure,1,1,0.0007895152376440866,,,,,,,,,,
36854399,DOTA-NOC GA-68,Drug,RxNorm Extension,Ingredient,OMOP5172014,drug_exposure,1,1,0.0007895152376440866,,,,,,,,,,
35603983,reslizumab,Drug,RxNorm,Ingredient,1746889,drug_exposure,1,1,0.0007895152376440866,,,0.0039427512518235225,,,,,,,
1593331,etelcalcetide,Drug,RxNorm,Ingredient,1876119,drug_exposure,1,1,0.0007895152376440866,,,,,,,,,,
19055156,flumethasone,Drug,RxNorm,Ingredient,4458,drug_exposure,1,1,0.0007895152376440866,,,,,,,,0.006060973392326808,,
19112524,aluminum acetotartrate,Drug,RxNorm,Ingredient,46239,drug_exposure,1,1,0.0007895152376440866,,,,,,,,,,
19066894,silicones,Drug,RxNorm,Ingredient,9778,drug_exposure,1,1,0.0007895152376440866,,,,,,,,,,
1116031,zolmitriptan,Drug,RxNorm,Ingredient,135775,drug_exposure,1,1,0.0007895152376440866,,,,,,,,,,
35603277,cariprazine,Drug,RxNorm,Ingredient,1667655,drug_exposure,1,1,0.0007895152376440866,,,,,0.022321428571428572,,,,,
35606016,cytisine,Drug,RxNorm,Ingredient,1723152,drug_exposure,1,1,0.0007895152376440866,,,,,,,,,,
963742,gramicidin,Drug,RxNorm,Ingredient,5011,drug_exposure,1,1,0.0007895152376440866,,,,,,,,,0.02617115938236064,
1146810,piroxicam,Drug,RxNorm,Ingredient,8356,drug_exposure,1,1,0.0007895152376440866,,,,,,,,0.006060973392326808,,
19006047,tromethamine,Drug,RxNorm,Ingredient,10865,drug_exposure,1,1,0.0007895152376440866,,,,,,,,,0.02617115938236064,
792737,tisagenlecleucel,Drug,RxNorm,Ingredient,1986438,drug_exposure,1,1,0.0007895152376440866,,,,,,,,,,
779231,cranberry seed extract,Drug,RxNorm,Ingredient,2596443,drug_exposure,1,1,0.0007895152376440866,,,,,,,,,,
915935,pimecrolimus,Drug,RxNorm,Ingredient,321952,drug_exposure,1,1,0.0007895152376440866,,,,,,,,,,
1344354,epirubicin,Drug,RxNorm,Ingredient,3995,drug_exposure,1,1,0.0007895152376440866,,,,,,,,,,
36027520,glucosamine hydrochloride / glucosamine sulfate,Drug,RxNorm,Multiple Ingredients,1007397,drug_exposure,1,1,0.0007895152376440866,,,,,,,,,,
19005129,clobetasone,Drug,RxNorm,Ingredient,108074,drug_exposure,1,1,0.0007895152376440866,,,,,,,,,,
37493796,Epithiazide,Drug,RxNorm Extension,Ingredient,OMOP4873896,drug_exposure,1,1,0.0007895152376440866,,,,,,,,,,
1315411,cetuximab,Drug,RxNorm,Ingredient,318341,drug_exposure,1,1,0.0007895152376440866,,,,,,,,,,
19056694,framycetin,Drug,RxNorm,Ingredient,4556,drug_exposure,1,1,0.0007895152376440866,,,,,,,,,0.02617115938236064,
986790,azelate,Drug,RxNorm,Ingredient,618278,drug_exposure,1,1,0.0007895152376440866,,,,,,,,,,
19016670,docosahexaenoate,Drug,RxNorm,Ingredient,73,drug_exposure,1,1,0.0007895152376440866,,,,,,,,,,
36029284,lidocaine / methylprednisolone,Drug,RxNorm,Multiple Ingredients,106991,drug_exposure,1,1,0.0007895152376440866,,,,,,,,,,
45775368,"2,3-dimercapto-1-propanesulfonic acid",Drug,RxNorm,Ingredient,1546352,drug_exposure,1,1,0.0007895152376440866,,,,,,,,,,0.005030181086519115
45892579,olaparib,Drug,RxNorm,Ingredient,1597582,drug_exposure,1,1,0.0007895152376440866,,,,,0.022321428571428572,,,,,
36029924,captopril / hydrochlorothiazide,Drug,RxNorm,Multiple Ingredients,214357,drug_exposure,1,1,0.0007895152376440866,,,,,,,,,,
756018,fluphenazine,Drug,RxNorm,Ingredient,4496,drug_exposure,1,1,0.0007895152376440866,,,,,,,,,,
36850694,METHYLMETHIONINE,Drug,RxNorm Extension,Ingredient,OMOP5168311,drug_exposure,1,1,0.0007895152376440866,,,,,,,,0.006060973392326808,,
1355650,emapalumab,Drug,RxNorm,Ingredient,2104604,drug_exposure,1,1,0.0007895152376440866,,,,,,,,,0.02617115938236064,
45775146,peginterferon beta-1a,Drug,RxNorm,Ingredient,1546168,drug_exposure,1,1,0.0007895152376440866,,0.009294544102611766,,,,,,,,
19039298,sevoflurane,Drug,RxNorm,Ingredient,36453,drug_exposure,1,1,0.0007895152376440866,,,,,,,,,,
36030859,phenylephrine / tropicamide,Drug,RxNorm,Multiple Ingredients,814303,drug_exposure,1,1,0.0007895152376440866,,,,,0.022321428571428572,,,,,
1360067,iron,Drug,RxNorm,Ingredient,90176,drug_exposure,1,1,0.0007895152376440866,,,,,,,,,,
1189458,frovatriptan,Drug,RxNorm,Ingredient,228783,drug_exposure,1,1,0.0007895152376440866,,,,,,,,,,
1156378,flurbiprofen,Drug,RxNorm,Ingredient,4502,drug_exposure,1,1,0.0007895152376440866,,,,,,,,0.006060973392326808,,
925636,oxymetazoline,Drug,RxNorm,Ingredient,7812,drug_exposure,1,1,0.0007895152376440866,,,,,,,,,,
36027016,betamethasone / salicylic acid,Drug,RxNorm,Multiple Ingredients,1000711,drug_exposure,1,1,0.0007895152376440866,,,,,0.022321428571428572,,,,,
778873,Streptococcus pneumoniae serotype 1 capsular antigen diphtheria CRM197 protein conjugate vaccine / Streptococcus pneumoniae serotype 14 capsular antigen diphtheria CRM197 protein conjugate vaccine / Streptococcus pneumoniae serotype 18C capsular antige...,Drug,RxNorm,Multiple Ingredients,1008803,drug_exposure,1,1,0.0007895152376440866,,,,,,,,,,
1520218,betaine,Drug,RxNorm,Ingredient,1512,drug_exposure,1,1,0.0007895152376440866,,,,,,,,,,
35200405,lanadelumab,Drug,RxNorm,Ingredient,2055641,drug_exposure,1,1,0.0007895152376440866,,,,,,,,,,
19056154,dopexamine,Drug,RxNorm,Ingredient,23638,drug_exposure,1,1,0.0007895152376440866,,,,,,,,,,0.005030181086519115
1343039,triptorelin,Drug,RxNorm,Ingredient,38782,drug_exposure,1,1,0.0007895152376440866,,,,,,,,,,
19088167,ambroxol,Drug,RxNorm,Ingredient,625,drug_exposure,1,1,0.0007895152376440866,,,,,,,,,,
43526465,canagliflozin,Drug,RxNorm,Ingredient,1373458,drug_exposure,1,1,0.0007895152376440866,,,,,,,,,,
1304919,pemetrexed,Drug,RxNorm,Ingredient,68446,drug_exposure,1,1,0.0007895152376440866,,,,,,,,,,
40161532,ustekinumab,Drug,RxNorm,Ingredient,847083,drug_exposure,1,1,0.0007895152376440866,,,,,,,,,,
40239665,belatacept,Drug,RxNorm,Ingredient,1112973,drug_exposure,1,1,0.0007895152376440866,,,,,,,,,,
951279,prilocaine,Drug,RxNorm,Ingredient,8686,drug_exposure,1,1,0.0007895152376440866,,,,,,,,,,
40799192,Vernakalant,Drug,RxNorm Extension,Ingredient,OMOP2721528,drug_exposure,1,1,0.0007895152376440866,,,,,,,,,,
1593457,ocrelizumab,Drug,RxNorm,Ingredient,1876366,drug_exposure,1,1,0.0007895152376440866,,,,,,,,,,
19022170,patent blue violet,Drug,RxNorm,Ingredient,32950,drug_exposure,1,1,0.0007895152376440866,,,,,,,,,,
40762499,Oxygen saturation in Arterial blood by Pulse oximetry,Measurement,LOINC,Clinical Observation,59408-5,measurement,49401321,62822,49.5989262592768,", %, mol/mol",99.25643647179106,96.1282182707093,,99.375,98.70848708487085,,94.92696527062246,99.50274797173515,
3004921,Ventilation mode Ventilator,Measurement,LOINC,Clinical Observation,20124-4,measurement,45584944,92573,73.08779409442602,,,78.05464653235028,81.30157632060087,60.02232142857143,96.55596555965559,84.671966374269,66.08279289653919,4.422925935618948,75.07042253521126
42527086,Mean airway pressure,Measurement,LOINC,Clinical Observation,60949-5,measurement,38540900,78276,61.80009474182852,"cm H2O, cm-H2O, mbar, , cmH2O",,75.14883885975634,0.3310767406236102,68.19196428571429,66.11316113161132,82.62518274853801,66.05854900296988,77.78068568437581,71.65492957746478
3017453,ST deviation,Measurement,LOINC,Clinical Observation,30935-1,measurement,35505062,57016,45.015000789515234,"mm, ",17.99423738265638,79.02062058904704,,,,98.16337719298245,3.503242620764895,,
3035357,Carbon dioxide [Partial pressure] in Exhaled gas --at end expiration,Measurement,LOINC,Clinical Observation,19891-1,measurement,31024037,98377,77.6701405337123,"mmHg, kPa, Geen, mm Hg, %",77.52579235988475,75.07392658597169,78.28235410386915,11.361607142857142,30.688806888068882,80.54641812865498,24.16510091520698,86.2339701648783,58.64185110663984
21490852,Invasive Mean blood pressure,Measurement,LOINC,Clinical Observation,76214-6,measurement,29722428,112332,88.68782567503553,"mmHG/lsb., , mm Hg, mmHG, mmHg",97.42541128357654,91.24314946969996,95.36492563126946,,,95.93384502923976,76.23492332868659,95.05365087673384,94.13983903420524
3027018,Heart rate,Measurement,LOINC,Clinical Observation,8867-4,measurement,29282852,97338,76.84983420180009,"/min, bpm, , ./min, sl/min",38.36787805558137,0.5835271852698813,99.69363047882591,99.33035714285714,98.76998769987699,99.20047514619883,94.70270925510637,,99.71830985915493
3020716,Inhaled oxygen concentration,Measurement,LOINC,Clinical Observation,3150-0,measurement,25919870,52223,41.23085425548713,"%, Geen, ",0.0278836323078353,14.367385561644916,,,,85.26589912280701,21.655857930783682,,72.13782696177063
3022875,Positive end expiratory pressure setting Ventilator,Measurement,LOINC,Clinical Observation,20077-4,measurement,24963948,96881,76.48902573819674,"mbar, cm H2O, , cmH2O",10.800260247234872,77.71951267594527,78.24776399663982,58.794642857142854,67.09717097170972,66.02247807017544,61.258258076247046,78.22559539387595,71.84607645875252
2000000238,Vent mechanics peak airway pressure,Measurement,ICUdata,Observable Entity,2000000238,measurement,23971359,100206,79.11416390336333,"mbar, cm H2O, , cmH2O, mmHg",75.42522539269449,74.58108267949375,81.3262835400504,68.30357142857143,67.40467404674047,82.76681286549707,61.05824595430026,77.78068568437581,71.66498993963782
3001376,Heart rate by Pulse oximetry,Measurement,LOINC,Clinical Observation,8889-8,measurement,21325162,77778,61.40691615348176,", 1/min, sl/min, bpm",99.47021098615113,98.99065567953318,,,,93.97386695906432,94.44814837262865,99.2672075372939,
21490724,Inspiration/Expiration time Ratio,Measurement,LOINC,Clinical Observation,75931-6,measurement,17896117,45072,35.58503079109427,"Geen, ",42.150757505344366,42.191381145763515,,,,11.271016081871345,58.221710406691315,0.02617115938236064,
21490753,Volume expired per minute Respiratory system,Measurement,LOINC,Clinical Observation,75959-7,measurement,17436417,69415,54.804200221064264,"l, ml, l/min, L/min",,74.2380633205851,0.02964866333942778,50.982142857142854,27.736777367773676,82.7531067251462,61.22795320928541,,74.95975855130784
21490853,Invasive Systolic blood pressure,Measurement,LOINC,Clinical Observation,76215-3,measurement,17051978,112100,88.5046581399021,", mmHg, mm Hg",97.27669857793475,91.1012104246343,95.23150664624204,,,95.92927631578948,75.99248439299352,95.02747971735148,94.14486921529175
36303816,Tidal volume.inspired,Measurement,LOINC,Clinical Observation,76221-1,measurement,16984952,81616,64.43707563555976,"l, ml, mL, ",,72.70039033237393,28.823442209813706,47.767857142857146,57.19557195571956,83.71253654970761,71.73162009818778,14.812876210416121,71.77062374245473
3024171,Respiratory rate,Measurement,LOINC,Clinical Observation,9279-1,measurement,16660641,61576,48.615190273172274,"bpm, /min, , ./min, PER MINUTE",99.10772376614928,98.6082088081063,,,,98.45577485380117,,98.97932478408794,
1175625,Breath rate spontaneous,Measurement,LOINC,Clinical Observation,76528-9,measurement,16161798,46967,37.08116216642981,"br/min, bpm, , 1/min, sl/min",,74.69147971454481,99.33784651875278,53.325892857142854,31.61131611316113,,15.679738165949452,,
21490563,Gas delivery system inspiratory Oxygen setting [VFr/PPres],Measurement,LOINC,Clinical Observation,60799-4,measurement,15676934,17053,13.463603347544607,"%, ",,,,89.28571428571429,83.33333333333333,35.800438596491226,19.546639190253956,,
3009603,Volume expired 1 minute,Measurement,LOINC,Clinical Observation,20139-2,measurement,15466913,3217,2.5398705195010263,,,,,,,,17.891993454148736,,
21490851,Invasive Diastolic blood pressure,Measurement,LOINC,Clinical Observation,76213-8,measurement,14418785,92743,73.22201168482552,", mmHg, mm Hg",97.27669857793475,69.0415171706817,95.23150664624204,,,95.92013888888889,0.06667070731559488,95.02747971735148,94.13983903420524
3043148,Breath rate mechanical --on ventilator,Measurement,LOINC,Clinical Observation,33438-3,measurement,14358810,50558,39.916311384809724,"sl/min, , l/min, /min, bpm",,,78.39106586944705,69.73214285714286,32.103321033210335,83.75822368421052,61.24613612946239,,4.336016096579477
3022318,Heart rate rhythm,Measurement,LOINC,Clinical Observation,8884-9,measurement,13686620,119441,94.30048949944734,,99.03336741332838,98.47021251429247,99.56021149379849,,,98.78929093567251,94.17540456997394,99.0054959434703,99.1851106639839
3016226,PEEP Respiratory system,Measurement,LOINC,Clinical Observation,20075-8,measurement,11768564,77217,60.96399810516343,"cm-H20, mmHg, , cmH2O, cm H2O, mbar",,5.6026495288412255,80.90626080940851,68.32589285714286,49.7539975399754,83.98665935672514,62.84623310503667,14.786705051033762,75.18108651911469
21490696,Oxygen [VFr/PPres] Gas delivery system,Measurement,LOINC,Clinical Observation,61018-8,measurement,11420978,33725,26.626401389546817,", Geen, %",99.7676363974347,3.138429996451524,,9.84375,,3.193530701754386,23.625674283289896,,75.3420523138833
21490872,Heart rate.beat-to-beat by EKG,Measurement,LOINC,Clinical Observation,76282-3,measurement,9788072,25885,20.43660192641718,"/min, ",0.2509526907705177,98.83688838071205,,,,,,,
3008828,Urine output 8 hour,Measurement,LOINC,Clinical Observation,9189-2,measurement,9625218,21697,17.130112111163747,ml,,85.34479359697197,,,,,,,
3020891,Body temperature,Measurement,LOINC,Clinical Observation,8310-5,measurement,9543495,56888,44.9139428390968,"ºC, , °C",60.637605725439165,61.23486969207113,,96.16071428571429,,3.0290570175438596,5.042729862415904,96.49306464276367,15.90543259557344
3026238,Oxygen/Inspired gas Respiratory system --on ventilator,Measurement,LOINC,Clinical Observation,19996-8,measurement,9261511,36820,29.069951050055266,"%, fractie, ",,79.61203327682057,,,,,63.428086550700044,,
3032445,Ideal body weight,Measurement,LOINC,Clinical Observation,50064-5,measurement,8976946,50986,40.254223906521396,"Kg, kg, ",94.02360814202063,52.88017978945708,,,,13.240131578947368,62.80380629129038,,
3017485,Carbon dioxide/Gas.total.at end expiration in Exhaled gas,Measurement,LOINC,Clinical Observation,19889-5,measurement,8646288,1082,0.8542554871309016,%,,,,0.29017857142857145,63.53013530135301,,,,
3012410,Tidal volume setting Ventilator,Measurement,LOINC,Clinical Observation,20112-9,measurement,8526455,47996,37.89357334596558,"mL, L, , ml",9.907984013384144,14.812916453100973,0.0988288777980926,,,,66.93739014485726,1.3870714472651138,32.32897384305835
3007469,Breath rate setting Ventilator,Measurement,LOINC,Clinical Observation,19834-1,measurement,8520569,68769,54.29417337754619,"p/min, , ./min, br/min, /min, bpm",6.84078445952226,76.72199660923393,45.70835598161783,48.973214285714285,47.355473554735546,19.49470029239766,,1.674954200471081,71.94668008048289
3000333,Central venous pressure (CVP) Mean,Measurement,LOINC,Clinical Observation,8591-0,measurement,7828765,67739,53.48097268277278,"mm Hg, mmHg",72.56250580909007,58.73516539841501,76.97287147304442,,,83.31962719298245,2.7941087338626582,68.2805548285789,2.4346076458752517
42527140,Total PEEP Respiratory system,Measurement,LOINC,Clinical Observation,76247-6,measurement,7351336,12819,10.120795831359546,"cm H2O, cmH2O, ",1.9332651733432475,5.287229428695343,,29.665178571428573,49.44649446494465,2.768640350877193,7.448936299169647,,8.626760563380282
21490581,Lung compliance,Measurement,LOINC,Clinical Observation,60826-5,measurement,6962522,45572,35.97978840991631,"mL/cmH20, , ml/cmH20, ml/cmH2O, ml/mbar, mL/cm H2O",,49.09908133895833,25.586796461926173,0.11160714285714286,1.968019680196802,71.10745614035088,,76.91703742475792,
3022060,Rectal temperature,Measurement,LOINC,Clinical Observation,8332-9,measurement,6502172,53159,41.969840517921995,"°C, , C'",46.379775072032714,26.018215510783424,41.4092997974008,44.24107142857143,,87.71472953216374,0.9030850354566944,0.287882753205967,8.943661971830986
21490754,Inspired minute Volume,Measurement,LOINC,Clinical Observation,75960-5,measurement,6203387,50449,39.83025422390652,"mL, l/min, L/min",,,81.28675198893117,,,16.260051169590643,62.90684283895994,,71.64989939637827
36304439,Pressure.plateau Respiratory system airway,Measurement,LOINC,Clinical Observation,60829-9,measurement,5924317,40010,31.588504658139904,"cm H2O, cmH2O, , cmH20, mbar",3.4018031415559067,54.28774198635808,,19.598214285714285,42.435424354243544,27.275219298245613,6.691314625128796,14.629678094739598,3.3048289738430583
3009065,Inspiration/Expiration setting Ventilator,Measurement,LOINC,Clinical Observation,19974-5,measurement,5868898,28115,22.197220906363494,"cmH2O, , Geen, %",,,0.09388743390818798,38.705357142857146,42.55842558425584,12.111659356725147,56.130674586338564,,62.469818913480886
3003841,Heart rate Peripheral artery by palpation,Measurement,LOINC,Clinical Observation,8893-0,measurement,5638654,17593,13.889941575872415,"/min, 1/min",,14.229389267831092,,0.022321428571428572,0.06150061500615006,,,,
3005629,Inhaled oxygen flow rate,Measurement,LOINC,Clinical Observation,3151-8,measurement,5529669,112305,88.66650876361913,"cmH2O, , l/min, Geen, l, L/min",86.24407472813459,85.12399952686985,87.24119187626624,63.90625,68.26568265682657,87.78326023391813,85.34456633735378,85.89374509290762,89.30080482897384
21490752,Tidal volume expired Respiratory system airway,Measurement,LOINC,Clinical Observation,75958-9,measurement,5453954,55610,43.904942365387654,"mL, ml, L/min",,73.79647518038087,72.15990512427732,,,77.03764619883042,,77.91154148128763,
36304672,Inspiratory time setting Ventilator,Measurement,LOINC,Clinical Observation,76334-2,measurement,5392971,47050,37.14669193115427,"s, msec, sec",,41.94298781689863,,,,59.38870614035088,,0.6804501439413766,63.440643863179076
3045410,Minute volume setting Ventilator,Measurement,LOINC,Clinical Observation,33425-0,measurement,5387614,37586,29.674719722090636,"l/min, bpm, /min, L/min, ",11.57170740775165,64.43638370855183,5.974205662894698,,,14.565058479532164,,0.49725202826485215,32.57545271629779
2000000211,Inspiratory Pressure Above PEEP,Measurement,ICUdata,Observable Entity,2000000211,measurement,5211713,18008,14.21759039949471,", cmH2O",,21.708788392540313,,,,3.686951754385965,,,
3027315,Oxygen [Partial pressure] in Blood,Measurement,LOINC,Lab Test,11556-8,measurement,5010476,69739,55.06000315806095,"kPa, mm Hg, mmHg, ",99.7583418533321,67.2317943460947,,,,96.72880116959064,,0.05234231876472128,92.34406438631791
4353622,Expiratory time,Measurement,SNOMED,Observable Entity,250820008,measurement,4860817,13970,11.02952786988789,"sec, s",0.9945162189794591,35.902692899105,0.15318476058704353,,,,,,
21492241,Mean blood pressure by Noninvasive,Measurement,LOINC,Clinical Observation,76536-2,measurement,4787524,86714,68.46202431706932,"mmHG, mm Hg, , mmHg",23.83121107909657,56.62579347868943,62.35608044670653,,,49.02686403508772,91.33886902236499,42.397278199424235,46.31287726358149
2000000114,peripheral_flow_index,Measurement,ICUdata,Observable Entity,2000000114,measurement,4743757,14035,11.080846360334755,,99.11701831025188,1.5337302369593502,,,,,,,
3013290,Carbon dioxide [Partial pressure] in Blood,Measurement,LOINC,Lab Test,11557-6,measurement,4726658,62918,49.674719722090636,"kPa, , mmHg",99.7583418533321,37.357568111027874,,,,97.22679093567251,,,92.53018108651912
21490580,Carbon dioxide production (VCO2) in Respiratory system,Measurement,LOINC,Clinical Observation,60825-7,measurement,4664239,40561,32.023527554081795,"ml/min, , mL/min, ml",1.5243052328283297,28.58888932697236,,,,68.3296783625731,2.4789381174616643,,62.02213279678068
3014315,Urine output,Measurement,LOINC,Clinical Observation,9187-6,measurement,4539808,71199,56.212695405021314,", ml, mL",99.71186913281903,4.139888814414698,,95.80357142857143,95.63345633456335,97.8938230994152,,98.06333420570532,98.68209255533199
21490740,Airway resistance,Measurement,LOINC,Clinical Observation,75946-4,measurement,4423920,27095,21.391915363966525,"cmH2O/l/s, mbar/L/s, , cmH2O",,10.771596419981863,,0.044642857142857144,0.18450184501845018,51.79550438596491,,,3.3400402414486923
3039856,Temperature of Skin,Measurement,LOINC,Clinical Observation,39106-0,measurement,4333708,38457,30.362387494078636,"C', , °C",68.0081791988103,31.238418168197768,68.80466472303208,32.65625,,,2.3455967028304747,9.186076943208585,5.648893360160966
21490648,Oxygen [VFr/PPres] Airway adaptor --at end expiration,Measurement,LOINC,Clinical Observation,60943-8,measurement,4152034,13799,10.89452076425075,%,,,,,,,11.988605370022425,,
21490789,Tidal volume expired Respiratory system airway --on ventilator,Measurement,LOINC,Clinical Observation,76007-4,measurement,4128874,23848,18.828359387336175,"mL, ml",75.29510177525792,,,,,,,,71.7102615694165
21490582,Dynamic lung compliance,Measurement,LOINC,Clinical Observation,60827-3,measurement,4017891,37574,29.665245539238907,"ml/cmH20, ml/cmH2O",73.80797471884004,,,29.285714285714285,,13.029970760233919,58.73083217164677,,65.04527162977867
2000000217,Inspiratory rise time perc set,Measurement,ICUdata,Observable Entity,2000000217,measurement,3964597,30639,24.18995736617717,"Geen, %",10.103169439538991,20.916295390923786,,,,15.314327485380117,,,65.71931589537223
3010421,pH of Blood,Measurement,LOINC,Lab Test,11558-4,measurement,3924859,34914,27.56513500710564,"., Geen, ",99.7583418533321,3.5524188778929937,,35.3125,,,,0.02617115938236064,92.54024144869216
36306157,Pressure.max Respiratory system airway --on ventilator,Measurement,LOINC,Clinical Observation,76531-3,measurement,3920623,12938,10.214748144639191,", cmH2O, mbar",,10.862279698773804,,,,,,,3.4808853118712273
2000000209,Inspiratory Pressure Above PEEP Set,Measurement,ICUdata,Observable Entity,2000000209,measurement,3750307,48071,37.95278698878889,"cm H2O, , cmH2O",53.796821265916904,53.86192485116114,44.31486880466473,0.6919642857142857,0.6765067650676507,5.962171052631579,3.097157403478999,,71.87122736418512
21490675,Central venous pressure (CVP),Measurement,LOINC,Clinical Observation,60985-9,measurement,3692885,32813,25.906363492815412,", mmHg",,4.482908173323345,,62.63392857142857,0.7380073800738007,,37.09921813443239,,66.73038229376257
21490906,Nasal temperature,Measurement,LOINC,Clinical Observation,76010-8,measurement,3590849,18231,14.393652297489341,"C', ",5.028348359512966,5.795844340180578,8.33621584226911,,,,,,
2000000213,Inspiratory Pressure Set,Measurement,ICUdata,Observable Entity,2000000213,measurement,3468580,13351,10.5408179377862,"cm H2O, cm-H2O, cmH2O",,,,,,6.332236842105263,10.70973998424147,0.05234231876472128,
3035822,Intrinsic PEEP Respiratory system,Measurement,LOINC,Clinical Observation,38199-6,measurement,3433695,23429,18.497552502763302,"cm H2O, mbar, cmH20, cmH2O, ",1.0131053071846825,43.84733667152939,,65.3125,41.20541205412054,25.584795321637426,,,0.613682092555332
3012255,ST wave end displacement in lead V5,Measurement,LOINC,Clinical Observation,10116-2,measurement,3357290,30188,23.833885993999683,", mm",55.78585370387582,1.8254938295942909,,,,88.33150584795321,,,
21490588,Esophageal temperature,Measurement,LOINC,Clinical Observation,60836-4,measurement,3098658,14978,11.825359229433127,"°C, ",0.278836323078353,12.561605488309743,,,,6.163194444444445,0.06060973392326808,,6.584507042253521
3001179,ST wave end displacement in lead II,Measurement,LOINC,Clinical Observation,10110-5,measurement,3001007,9522,7.517764092846992,,58.22102425876011,,,,,,,,
42527120,Expired minute Volume during Mechanical ventilation,Measurement,LOINC,Clinical Observation,76008-2,measurement,2940492,12593,9.942365387651982,"L/min, ",74.66307277628033,,,,,,16.558579307836837,,
42527121,Inspired minute Volume during Mechanical ventilation,Measurement,LOINC,Clinical Observation,76009-0,measurement,2876386,9543,7.534343912837517,L/min,74.6444836880751,,,,,,,,
3033780,Tidal volume inspired spontaneous+mechanical --on ventilator,Measurement,LOINC,Clinical Observation,20110-3,measurement,2865438,9556,7.5446076109268905,mL,75.28580723115532,,,,,,,,
3005456,Potassium [Moles/volume] in Blood,Measurement,LOINC,Lab Test,6298-4,measurement,2845231,103814,81.9627348807832,"mmol/l, mmol/L, ",97.73213123896272,15.349130623348973,98.09260265849682,38.950892857142854,88.99138991389914,97.61970029239767,,95.44621826746925,98.62676056338029
40493498,AVPU - alert voice pain unresponsive scale,Measurement,SNOMED,Staging / Scales,449159002,measurement,2781280,31588,24.939207326701407,,8.374384236453203,,,62.96875,88.37638376383764,,93.89659979392691,,
21490558,Expiratory gas flow Respiratory system airway --on ventilator,Measurement,LOINC,Clinical Observation,60792-9,measurement,2768345,20330,16.050844781304278,L/min,73.83585835114788,,,,,,58.70052730468513,,
2000000220,Inspiratory time setting Ventilator perc,Measurement,ICUdata,Observable Entity,2000000220,measurement,2686108,10113,7.984367598294647,"Geen, %",72.42308764755089,,,,,2.919407894736842,,,0.035211267605633804
3043415,Inspiratory breath [Time] --on ventilator,Measurement,LOINC,Clinical Observation,33435-9,measurement,2590310,12193,9.626559292594347,"s, sec",73.27818570499117,,,,,11.874086257309942,,,
40762351,Hemoglobin [Moles/volume] in Blood,Measurement,LOINC,Lab Test,59260-0,measurement,2565250,102540,80.95689246802463,"mmol/l, mmol/L, g/dL",98.55005111999256,21.10949020226314,98.02342244403815,39.0625,88.31488314883148,97.81615497076024,1.0243045033032305,96.15283957079299,79.2102615694165
3046338,Breath termination sensitivity setting Ventilator,Measurement,LOINC,Clinical Observation,33430-0,measurement,2467582,8290,6.545081320069477,cmH2O,9.740682219537131,,,,,,,,
36303772,Mean pressure Respiratory system airway --on ventilator,Measurement,LOINC,Clinical Observation,76530-5,measurement,2428389,9553,7.542239065213959,cmH2O,75.1928617901292,,,,,,,,
21492239,Systolic blood pressure by Noninvasive,Measurement,LOINC,Clinical Observation,76534-7,measurement,2417421,60422,47.704089688931,"mmHg, , mm Hg",2.063388790779812,,62.118891139991106,0.044642857142857144,0.06150061500615006,49.0999634502924,91.15097884720286,42.397278199424235,46.498993963782695
1447532,Richmond Agitation Sedation Scale,Measurement,SNOMED,Staging / Scales,1345048008,measurement,2401533,85600,67.5825043423338,"Geen, ",96.05911330049261,66.57335488704018,35.41038691505658,86.96428571428571,58.17958179581796,98.06743421052632,93.490514576641,91.8869405914682,22.997987927565394
21492238,Blood pressure by Noninvasive,Measurement,LOINC,Clinical Observation,76533-9,measurement,2326347,29476,23.271751144797094,"mmHg, ",0.8086253369272237,1.9516618696526435,,90.42410714285714,98.46248462484625,,91.16916176737985,,
21490855,PEEP Respiratory system --on ventilator,Measurement,LOINC,Clinical Observation,76248-4,measurement,2246384,9529,7.5232906995105004,cm H20,75.44381448089972,,,,,,,,
21490618,Sevoflurane [VFr/PPres] Airway adaptor,Measurement,LOINC,Clinical Observation,60863-8,measurement,2197700,9701,7.659087320385283,%,,,,,,,7.533789926662222,,
40760768,Flow trigger setting Ventilator,Measurement,LOINC,Clinical Observation,57656-1,measurement,2178413,37666,29.737880941102162,"l/min, L/min, , cmH2O",2.342225113858165,18.22339628592832,0.07412165834856946,40.669642857142854,14.637146371463714,56.76626461988304,54.94878477483484,0.5495943470295734,0.04527162977867203
3028074,Pulmonary artery Mean blood pressure,Measurement,LOINC,Clinical Observation,8414-5,measurement,2140631,21935,17.31801673772304,", mmHg, mmHG, mm Hg",28.60860674783902,6.793360406891929,22.799822108019963,,,5.35453216374269,4.230559427844112,8.243915205443601,37.05734406438632
21490744,Signal quality index EEG device Calculated,Measurement,LOINC,Clinical Observation,75950-6,measurement,2134070,7334,5.79030475288173,%,6.952318988753602,,,,,,,,
3026892,Breath rate spontaneous --on ventilator,Measurement,LOINC,Clinical Observation,19839-0,measurement,2108534,40173,31.71719564187589,"./min, /min, bpm",56.1576354679803,,66.96644759598755,,,77.29806286549707,,50.35331065166187,0.6438631790744467
3020491,Glucose [Moles/volume] in Blood,Measurement,LOINC,Lab Test,15074-8,measurement,2102168,77303,61.03189641560082,"mmol/L, mmol/l",17.41797564829445,9.147182904230572,98.01848100014824,38.080357142857146,77.79827798277982,81.2454312865497,,96.30986652708715,98.46579476861167
2000000628,inspiratory pressure on pressure support,Measurement,ICUdata,Observable Entity,2000000628,measurement,2094165,41012,32.37959892625928,"cm H2O, mbar, cmH2O",,,61.950882047734346,,,74.80354532163743,54.76695557306503,0.36639623135304894,3.3148893360160967
21490586,Blood temperature,Measurement,LOINC,Clinical Observation,60834-9,measurement,2057512,30772,24.29496289278383,"°, °C, C', ",37.89385630634818,9.494145014391043,23.526214359835944,,,8.150584795321638,0.4606339778168374,0.4710808688824915,70.19114688128772
3008223,Glasgow coma score motor,Measurement,LOINC,Clinical Observation,9268-4,measurement,2042812,84241,66.5095531343755,,99.32149828050935,77.80231045223357,51.91975095122795,,,47.26334064327485,73.51960724892417,88.27532059670243,62.469818913480886
40492202,Modified early warning score scale,Measurement,SNOMED,Staging / Scales,445661000,measurement,1998253,37020,29.227854097584082,,,8.220636360052044,,,,,92.55712467422268,,
3003396,Base excess in Arterial blood by calculation,Measurement,LOINC,Lab Test,1925-7,measurement,1978016,60571,47.82172745933997,"mEq/L, mmol/L, mmol/l",97.0722186076773,91.96861570003549,95.75035825468201,35.29017857142857,,,,92.7505888510861,
21493955,Temperature of Extremity,Measurement,LOINC,Clinical Observation,81673-6,measurement,1974289,34545,27.27380388441497,", °C",67.98959011060508,,,71.78571428571429,10.885608856088561,89.31834795321637,,,19.456740442655935
21491763,Left pupil Pupillary response,Measurement,LOINC,Clinical Observation,79899-1,measurement,1961725,89652,70.78162008526765,,79.62635932707501,75.01478531719434,72.53545485991006,79.84375,8.671586715867159,42.66264619883041,83.37474998484757,89.74090552211463,62.80181086519115
21490963,Right pupil Pupillary response,Measurement,LOINC,Clinical Observation,79815-7,measurement,1948371,89487,70.65135007105637,,79.59847569476717,74.95958679966881,72.51074764046054,79.79910714285714,8.487084870848708,42.68092105263158,83.32020122431662,89.84559015964408,62.61569416498994
21490711,Bispectral index Cerebral cortex Electroencephalogram (EEG),Measurement,LOINC,Clinical Observation,75918-3,measurement,1947583,7314,5.774514448128849,,5.790500975927131,,,,,,,,
21490690,Burst suppression ratio [Ratio] Cerebral cortex Electroencephalogram (EEG),Measurement,LOINC,Clinical Observation,61010-5,measurement,1945275,7313,5.773724932891205,%,5.790500975927131,,,,,,,,
3014835,Urine output 1 hour,Measurement,LOINC,Clinical Observation,9188-4,measurement,1923923,21009,16.586925627664613,ml,,,98.37426496022138,,,,,,
3009094,Glasgow coma score verbal,Measurement,LOINC,Clinical Observation,9270-0,measurement,1876914,82524,65.1539554713406,,99.32149828050935,77.77865394472262,51.880219400108714,,,47.27704678362573,63.75537911388569,88.27532059670243,62.42454728370221
3016335,Glasgow coma score eye opening,Measurement,LOINC,Clinical Observation,9267-6,measurement,1847608,87445,69.03915995578714,,99.32149828050935,77.94424949729921,52.25576913574147,37.276785714285715,93.60393603936039,47.63797514619883,70.98005939753925,88.27532059670243,62.816901408450704
3026611,Left eye Pupil diameter Manual,Measurement,LOINC,Clinical Observation,8641-3,measurement,1801261,85942,67.85251855360808,", mm",76.89376336090714,75.17249536726727,73.07901368779957,77.76785714285714,7.318573185731857,43.12408625730994,83.76871325534881,,63.56639839034205
3010321,Right eye Pupil diameter Manual,Measurement,LOINC,Clinical Observation,8643-9,measurement,1798184,85862,67.78935733459656,"mm, ",76.54986522911051,75.12123960099358,73.07407224390967,77.72321428571429,7.195571955719557,43.17434210526316,83.71416449481787,,63.501006036217305
2000000216,Inspiratory rise time sec,Measurement,ICUdata,Observable Entity,2000000216,measurement,1772195,36152,28.542554871309015,", s, ms, sec",,28.202499704293658,,,,78.39912280701755,58.86417358627796,0.654278984559016,0.04024144869215292
21490590,Nasopharyngeal temperature,Measurement,LOINC,Clinical Observation,60838-0,measurement,1712969,8794,6.942996999842097,", °C",5.028348359512966,,,,,2.6818347953216373,,,
3021119,Calcium.ionized [Moles/volume] in Blood,Measurement,LOINC,Lab Test,1994-3,measurement,1703792,72740,57.42933838623085,"mmol/l, mmol/L",97.62059670973139,0.5914126877735284,94.80160102782033,35.13392857142857,,91.85398391812865,,59.72258571054698,70.02012072434607
3027801,Oxygen [Partial pressure] in Arterial blood,Measurement,LOINC,Lab Test,2703-7,measurement,1682476,51907,40.9813674403916,"mmHg, mm Hg, kPa",97.10939678408774,58.7154516421559,95.70588525967288,,,,1.0182435299109036,92.69824653232138,3.7474849094567406
2000000956,Last validated PaO2/FiO2 ratio,Measurement,ICUdata,Observable Entity,2000000956,measurement,1682219,19451,15.356860887415127,"mmHg, ",76.40115252346872,44.07995899538698,,,,,,,
3027946,Carbon dioxide [Partial pressure] in Arterial blood,Measurement,LOINC,Lab Test,2019-8,measurement,1673222,51901,40.976630348965735,"kPa, mm Hg, mmHg",97.10939678408774,58.7154516421559,95.7305924791224,,,,1.0182435299109036,92.7505888510861,3.7474849094567406
2000000486,Chest drain air leakage,Measurement,ICUdata,Observable Entity,2000000486,measurement,1624596,56454,44.57129322595926,"ml/min, , mL, ml",56.1576354679803,34.42021842841935,58.85753817265405,0.15625,7.995079950799508,57.177448830409354,32.93532941390387,46.139753991101806,43.58651911468813
40762365,Oxygen content in Arterial blood by calculation,Measurement,LOINC,Lab Test,59274-1,measurement,1581222,5359,4.23101215853466,,49.65145459615206,,,,,,,,
40763791,Oxygen content in Venous blood by calculation,Measurement,LOINC,Lab Test,60841-4,measurement,1581219,5359,4.23101215853466,,49.65145459615206,,,,,,,,
43055141,Pain severity - 0-10 verbal numeric rating [Score] - Reported,Measurement,LOINC,Clinical Observation,72514-3,measurement,1572692,29240,23.08542554871309,", Geen",98.40133841435077,,,,,,64.24025698527184,78.591991625229,
3029880,Horowitz index in Blood,Measurement,LOINC,Lab Test,50982-8,measurement,1569636,8786,6.936680877940944,", mmHg",77.20048331629333,,,,,,2.460755197284684,,
3018572,Chloride [Moles/volume] in Blood,Measurement,LOINC,Lab Test,2069-3,measurement,1568648,64471,50.9008368861519,"mmol/L, mmol/l",4.52644297797193,5.646019792611284,97.21302564609378,,,95.60489766081871,,12.32661606909186,74.83903420523139
21490566,Minimum alveolar concentration (MAC) for anesthesia.XXX Anesthetic agent.XXX,Measurement,LOINC,Clinical Observation,60804-2,measurement,1560279,7861,6.206379283120164,,9.406078631843108,,,,,,,,
37030869,Rapid shallow breathing index,Measurement,LOINC,LOINC Hierarchy,LP188626-8,measurement,1519316,27771,21.925627664613927,"Geen, breaths/min/l, 1/L * min",,,,,,72.61970029239767,,,58.843058350100605
3008152,Bicarbonate [Moles/volume] in Arterial blood,Measurement,LOINC,Lab Test,1960-4,measurement,1484173,39965,31.55297647244592,"mmol/L, mmol/l, mEq/l",4.507853889766707,35.405906241375234,95.75529969857192,,,,,92.7505888510861,3.7474849094567406
2000000951,Last validated pH,Measurement,ICUdata,Observable Entity,2000000951,measurement,1448603,11223,8.860729512079583,,,44.103615502897924,,,,,,,
2000000952,Last validated paCO2,Measurement,ICUdata,Observable Entity,2000000952,measurement,1448582,11223,8.860729512079583,mmHg,,44.103615502897924,,,,,,,
2000000950,Last validated paO2,Measurement,ICUdata,Observable Entity,2000000950,measurement,1448567,11223,8.860729512079583,mmHg,,44.103615502897924,,,,,,,
21492228,Left ventricular Cardiac output by Continuous,Measurement,LOINC,Clinical Observation,76519-8,measurement,1441520,10815,8.538607295120796,"l/min, L/Min, L/min, ",37.85667812993773,3.690415171706817,0.02470721944952315,0.3794642857142857,3.075030750307503,9.62171052631579,3.8002303169889085,7.615807380266946,0.3873239436619718
21490634,Sevoflurane [VFr/PPres] Airway adaptor --at end expiration,Measurement,LOINC,Clinical Observation,60908-1,measurement,1439161,7671,6.056371387967788,%,9.127242308764755,,,,,,,,
21490633,Sevoflurane [VFr/PPres] Airway adaptor --during inspiration,Measurement,LOINC,Clinical Observation,60907-3,measurement,1438966,7671,6.056371387967788,%,9.127242308764755,,,,,,,,
3007194,Glasgow coma score total,Measurement,LOINC,Clinical Observation,9269-2,measurement,1419710,57279,45.22264329701563,"Geen, ",99.34938191281718,77.73134092970075,,82.03125,92.3739237392374,,90.69034486938602,88.27532059670243,
3044421,Heart rate rhythm palpation,Measurement,LOINC,Clinical Observation,44969-4,measurement,1417955,36547,28.85441339017843,,,11.627173441627567,,,,,89.53875992484393,,
21490839,Premature ventricular contractions [#],Measurement,LOINC,Clinical Observation,76126-2,measurement,1299980,17021,13.438338859939996,x,,,,,,76.96454678362574,,,
3006576,Bicarbonate [Moles/volume] in Blood,Measurement,LOINC,Lab Test,1959-6,measurement,1294467,56424,44.54760776882994,"mmol/L, mmol/l",92.94544102611766,3.0595749714150533,0.01976577555961852,35.267857142857146,6.273062730627307,96.73336988304094,,1.020675215912065,92.52012072434607
3000285,Sodium [Moles/volume] in Blood,Measurement,LOINC,Lab Test,2947-0,measurement,1281784,65733,51.89720511605874,"mmol/L, mmol/l",4.5822102425876015,11.134329535149627,98.0777783268271,,,97.62883771929825,,,
4108000,Spontaneous minute volume,Measurement,SNOMED,Observable Entity,250813001,measurement,1273684,21572,17.031422706458233,"L/min, l/min, ml",,33.44635886921894,,,,55.39108187134503,,,1.2072434607645874
3017188,Pulmonary artery Diastolic blood pressure,Measurement,LOINC,Clinical Observation,8385-7,measurement,1260347,19346,15.273961787462499,"mm Hg, mmHg, ",28.24611952783716,0.6071836927808224,21.76211889113999,,,5.2037646198830405,0.006060973392326808,8.16540172729652,37.017102615694164
2000000248,Ventilation mode Ventilator machine,Measurement,ICUdata,Observable Entity,2000000248,measurement,1254598,24575,19.402336965103427,,,,0.1976577555961852,,,56.848501461988306,62.50075762167404,,
3025315,Body weight,Measurement,LOINC,Clinical Observation,29463-7,measurement,1235873,104821,82.75777672509079,"PONDEN, , kg",88.78148526814759,90.72270630445925,99.1500716509364,20.803571428571427,71.40221402214023,99.21875,0.03636584035396084,99.58126144988223,98.30985915492958
3016502,Oxygen saturation in Arterial blood,Measurement,LOINC,Lab Test,2708-6,measurement,1192865,45726,36.1013737565135,"%, mol/mol, Geen, ",92.9640301143229,35.12202815124394,,1.0714285714285714,11.193111931119311,,,92.72441769170375,92.32394366197182
21490712,Left ventricular Cardiac index,Measurement,LOINC,Clinical Observation,75919-1,measurement,1176756,11339,8.952313279646297,", L/min, L/min/m2, l/min/m^2, l/min/m2",38.18198717352914,9.360091471829042,,0.42410714285714285,2.5215252152521526,9.0140716374269,6.915570640644887,,0.1659959758551308
3012996,ST wave end displacement in lead I,Measurement,LOINC,Clinical Observation,10109-7,measurement,1164256,7343,5.797410390020527,,56.064690026954175,,,,,,,,
3033640,ST wave end displacement in lead III,Measurement,LOINC,Clinical Observation,10111-3,measurement,1156440,7321,5.780041054792357,,55.96245004182545,,,,,,,,
2000000206,IPPV frequency,Measurement,ICUdata,Observable Entity,2000000206,measurement,1155304,4160,3.2843833885994,,,3.4617355991010528,,,,,,,
3033589,ST wave end displacement in lead AVF,Measurement,LOINC,Clinical Observation,10106-3,measurement,1149001,7279,5.746881414811305,,55.97174458592806,,,,,,,,
3022408,ST wave end displacement in lead AVR,Measurement,LOINC,Clinical Observation,10108-9,measurement,1148998,7279,5.746881414811305,,55.97174458592806,,,,,,,,
3034126,ST wave end displacement in lead AVL,Measurement,LOINC,Clinical Observation,10107-1,measurement,1148997,7279,5.746881414811305,,55.97174458592806,,,,,,,,
21494473,Pupil shape [Shape] of Left pupil,Measurement,LOINC,Clinical Observation,80311-4,measurement,1136057,57613,45.48634138638876,,78.70619946091644,75.05027007846076,72.82700004941444,,,41.79459064327485,,89.08662653755562,
21494990,Pupil shape [Shape] of Right pupil,Measurement,LOINC,Clinical Observation,80312-2,measurement,1133519,57577,45.45791883783357,,78.70619946091644,74.97535780467611,72.78252705440529,,,41.76260964912281,,89.26982465323213,
2000000186,Backup apnea frequency,Measurement,ICUdata,Observable Entity,2000000186,measurement,1133165,28548,22.539081004263384,"sl/min, , /min, bpm",,15.447699404644561,0.06918021445866482,,,51.29294590643275,52.28801745560337,,15.100603621730382
21490790,Sevoflurane liquid delivered.total [Volume] in Reporting period from Gas delivery system,Measurement,LOINC,Clinical Observation,76019-9,measurement,1131603,8263,6.523764408653087,mL,9.582674969792732,,,,,,,,
2000000200,expiratory trigger sensitivity,Measurement,ICUdata,Observable Entity,2000000200,measurement,1122049,21891,17.2832780672667,%,,28.63225959074242,,14.910714285714286,,62.54111842105263,,,
3009542,Hematocrit [Volume Fraction] of Blood by calculation,Measurement,LOINC,Lab Test,20570-8,measurement,1105000,71993,56.839570503710725,"L/L, l, l/l, Geen, %",98.19685844409332,8.264006623822103,2.2236497504570836,0.15625,1.2915129151291513,69.55409356725146,,40.04187385501178,95.7645875251509
3012501,Base excess in Blood by calculation,Measurement,LOINC,Lab Test,11555-0,measurement,1096839,45769,36.135322911732196,"mmol/L, mmol/l",,3.576075385403935,,,,96.71052631578948,,0.02617115938236064,95.31187122736418
3019550,Sodium [Moles/volume] in Serum or Plasma,Measurement,LOINC,Lab Test,2951-2,measurement,1089956,39385,31.09505763461235,", mmol/l, mmol/L",93.47523003996653,3.9269802468162283,,38.794642857142854,88.68388683886839,,,67.78330280031405,98.67203219315896
3027162,Color of Urine,Measurement,LOINC,Lab Test,5778-6,measurement,1084263,25535,20.16027159324175,,91.60702667534157,,,,,,83.46566458573247,,
3007882,Calorie intake total,Measurement,LOINC,Clinical Observation,9052-2,measurement,1079360,33674,26.58613611242697,"kcal, , Kcal",63.73268891160888,,,,,85.64967105263158,16.413115946420994,,
2000000221,Pressure.max Respiratory system airway --setting,Measurement,ICUdata,Observable Entity,2000000221,measurement,1065856,16112,12.720669508921523,"mbar, cmH2O, ",,2.286795726057643,0.08894599001828334,,,13.788377192982455,,,3.41046277665996
21490870,Bladder temperature via Foley,Measurement,LOINC,Clinical Observation,76278-1,measurement,1048783,5425,4.283120164219169,", °C",11.971372804163956,7.660765682293104,,,,,,,1.1167002012072436
3017594,Tidal volume.spontaneous --on ventilator,Measurement,LOINC,Clinical Observation,20116-0,measurement,1039532,17757,14.019422074846045,"mL, ml, L/min",74.53294915884376,34.629184244765995,,,,,,,
21490598,Oxygen consumption (VO2),Measurement,LOINC,Clinical Observation,60842-2,measurement,1034995,6537,5.161061108479394,,,12.313212159444861,,,,,,,
3013826,Glucose [Moles/volume] in Serum or Plasma,Measurement,LOINC,Lab Test,14749-6,measurement,1030974,24295,19.18127269856308,"mmol/l, mmol/L",1.4592434241100474,,,,,93.90990497076024,,,
3010813,Leukocytes [#/volume] in Blood,Measurement,LOINC,Lab Test,26464-8,measurement,1026923,121253,95.73109111005843,"x10^9, /nL, x10e9/L, x10^9/l, 10E9/L, x10^9/L, 10*9/L, /µL, 10^9/l, 10^9/L, 10**09/l",58.67645691978809,95.43823680164019,94.86089835449918,32.120535714285715,87.51537515375153,82.97240497076024,93.72083156554943,64.3548809212248,97.69617706237425
3019977,pH of Arterial blood,Measurement,LOINC,Lab Test,2744-1,measurement,1017833,30093,23.758882046423494,", [pH], ., Geen",97.0815131517799,58.73516539841501,,,,,,92.7505888510861,
42527131,Pressure.occlusion 100ms Respiratory system airway,Measurement,LOINC,Clinical Observation,76240-1,measurement,1007682,20293,16.021632717511448,", cmH2O, mbar, cm H2O",,15.13227930449868,,1.25,3.3825338253382533,20.211988304093566,56.70646705860961,28.788275320596703,
4353950,Train of four count,Measurement,SNOMED,Observable Entity,250832007,measurement,995569,14289,11.281383230696353,", %",1.9704433497536946,9.36797697433269,,,,,1.2424995454269956,,
3000461,Pressure support setting Ventilator,Measurement,LOINC,Clinical Observation,20079-0,measurement,977902,14043,11.087162482235907,"cmH2O, cm H2O, +PEEP",0.037178176410447066,47.9714544809368,0.10871176557790187,,,,,,0.1056338028169014
3038553,Body mass index (BMI) [Ratio],Measurement,LOINC,Clinical Observation,39156-5,measurement,963305,71853,56.72903837044055,"kg/m2, kg/m², kg*m^2, ",87.86132540198903,54.14974569254426,,25.3125,,99.21875,32.52318322322565,,
3036518,Left ventricular Stroke volume,Measurement,LOINC,Clinical Observation,20562-5,measurement,946910,10255,8.096478762040107,"ml, ml/slag",38.144808997118695,8.650396246500808,,0.4017857142857143,0.18450184501845018,6.396198830409356,6.309473301412207,,0.22132796780684105
21490516,Inspiration [Time] Respiratory system,Measurement,LOINC,Clinical Observation,60740-8,measurement,942427,13713,10.826622453813359,sec,,2.1290856759847023,,,,,55.99127219831505,,
3005606,Pulmonary artery Systolic blood pressure,Measurement,LOINC,Clinical Observation,8440-0,measurement,927008,17414,13.748618348334123,"mmHg, , mm Hg",28.24611952783716,,21.831299105598656,,,5.2037646198830405,0.006060973392326808,8.19157288667888,37.06740442655936
3026258,Q-T interval corrected,Measurement,LOINC,Clinical Observation,8636-3,measurement,920097,15592,12.310121585346597,"ms, msec",0.09294544102611767,,,3.0580357142857144,,63.811220760233915,1.0364264500878841,,
21494994,Pain scale [Type],Measurement,LOINC,Clinical Observation,80316-3,measurement,912930,22061,17.417495657666194,,5.67896644669579,,,,,,41.31765561549185,,
3047181,Lactate [Moles/volume] in Blood,Measurement,LOINC,Lab Test,32693-4,measurement,901669,68432,54.02810674246013,"mmol/L, mmol/l",93.2800446138117,5.582935772582108,59.653110638928695,35.17857142857143,5.535055350553505,90.94024122807018,,50.98141847683853,60.40744466800805
3020564,Creatinine [Moles/volume] in Serum or Plasma,Measurement,LOINC,Lab Test,14682-9,measurement,900178,105224,83.07595136586136,"µmol/L, umol/L, µmol/l, (umol/l), , µmol",97.59271307742355,95.48160706541024,94.59406038444433,33.058035714285715,88.00738007380073,95.38559941520468,,94.2161737764983,97.68108651911469
2000000021,Blood flow CVVH,Measurement,ICUdata,Observable Entity,2000000021,measurement,886607,6071,4.793147007737249,"ml/min, ml, mL/min",,5.9417261364980485,8.499283490635964,1.3839285714285714,1.968019680196802,6.3048245614035086,,3.9780162261188172,5.357142857142857
3007903,Breaths maximum setting Ventilator,Measurement,LOINC,Clinical Observation,19828-3,measurement,876071,16462,12.996999842096953,/min,,,,,,74.47459795321637,,,
3004249,Systolic blood pressure,Measurement,LOINC,Clinical Observation,8480-6,measurement,869016,10652,8.40991631138481,"mmHg, ",31.127428199646808,,,,,,,,
3012888,Diastolic blood pressure,Measurement,LOINC,Clinical Observation,8462-4,measurement,867617,10652,8.40991631138481,", mmHg",30.681290082721443,,,0.044642857142857144,0.06150061500615006,,,,
3026556,Fluid output chest tube,Measurement,LOINC,Clinical Observation,9129-8,measurement,837762,30183,23.829938417811462,"ml, mL",56.52941723208477,,0.8944013440727381,,,57.291666666666664,,46.741690656896104,46.58450704225352
3025809,Q-T interval,Measurement,LOINC,Clinical Observation,8634-8,measurement,832138,15010,11.850623717037738,"msec, ms, sec",0.20447997025745887,,,,,62.88377192982456,,,
21492240,Diastolic blood pressure by Noninvasive,Measurement,LOINC,Clinical Observation,76535-4,measurement,825983,43442,34.298120953734404,", mmHg, mm Hg",2.063388790779812,,62.1139496961012,,,49.072551169590646,,42.34493588065951,46.29778672032193
21490880,Left ventricular Stroke volume index,Measurement,LOINC,Clinical Observation,76297-1,measurement,820463,7460,5.889783672824885,"mL/slag/m2, ml/m2, ml/beat/m2, ml/beat/m^2, ",37.96821265916907,1.9634901234081141,,0.15625,1.845018450184502,6.026133040935672,3.309291472210437,,
36303360,Inspiratory gas flow Respiratory system airway,Measurement,LOINC,Clinical Observation,76264-1,measurement,809159,17282,13.644402336965104,"l/min, L/min",,5.61842053384852,0.6374462617976973,,,63.12591374269006,,,
3006552,Fluid intake oral Estimated,Measurement,LOINC,Clinical Observation,8999-5,measurement,803626,37116,29.303647560397916,", ml(MILLILITER), mL, ml",,0.0039427512518235225,69.34328210703167,72.52232142857143,86.77736777367774,15.885416666666666,45.96642220740651,77.93771264066999,
36305377,Minimum inspiratory pressure Respiratory system airway,Measurement,LOINC,Clinical Observation,76251-8,measurement,798899,15376,12.139586294015475,mbar,,,,,,69.50840643274854,,,
3007461,Platelets [#/volume] in Blood,Measurement,LOINC,Lab Test,26515-7,measurement,781732,91278,72.06537186167694,"x10e9/L, 10E9/L, x10^9/L, 10^9/l, 10^9/L",,95.41063754287742,95.20679942679251,0.3794642857142857,1.4760147601476015,95.63230994152046,,93.06464276367443,97.85714285714286
3011164,Constant gas flow setting Ventilator,Measurement,LOINC,Clinical Observation,19932-3,measurement,776354,8267,6.526922469603663,L/min,8.30932242773492,,,,,,,,
2000000076,Cumulative fluid balance,Measurement,ICUdata,Observable Entity,2000000076,measurement,758264,6076,4.79709458392547,ml,,,,,,27.156432748538013,,,
21490613,Isoflurane [VFr/PPres] Gas delivery system,Measurement,LOINC,Clinical Observation,60858-8,measurement,748418,2970,2.3448602558029368,%,,,,,,,1.9940602460755197,,
2000000210,Inspiratory Pressure Above PEEP Measured,Measurement,ICUdata,Observable Entity,2000000210,measurement,747046,10480,8.274119690510027,cmH2O,,,51.094529821613875,,,,,,
2000000059,Transmembrane pressure CVVH,Measurement,ICUdata,Observable Entity,2000000059,measurement,746045,4898,3.867045633980736,"mmHg, mm Hg",,2.6692425974845246,7.456638829866087,,,6.286549707602339,,5.208060717089767,4.969818913480886
1989498,Filter pressure Renal replacement therapy circuit,Measurement,LOINC,Clinical Observation,99719-7,measurement,738798,2226,1.7574609189957366,mmHg,,,7.466521717645896,1.40625,2.3985239852398523,,1.9758773258985394,,
2000000253,vtco2,Measurement,ICUdata,Observable Entity,2000000253,measurement,728718,9029,7.128533080688458,"mL, ml",1.5428943210335533,23.36080116705437,,,,12.490862573099415,,,0.015090543259557344
3044242,Glucose [Moles/volume] in Arterial blood,Measurement,LOINC,Lab Test,39481-7,measurement,697017,26774,21.13848097268277,mmol/L,,92.18152426763396,,34.53125,,,,1.0468463752944255,
3037253,Fluid intake intravascular Measured,Measurement,LOINC,Clinical Observation,8975-5,measurement,693830,21490,16.96668245697142,", ml",94.26526628868854,,,,,,,,55.37726358148893
722060,Critical Care Pain Observation Tool (CPOT): Vocalization score,Measurement,OMOP Extension,Staging / Scales,OMOP5214836,measurement,680581,31648,24.98657824096005,,,61.834167882348304,29.861145426693678,,,44.38048245614035,,,
3043409,Potassium [Moles/volume] in Arterial blood,Measurement,LOINC,Lab Test,32713-0,measurement,677305,23865,18.841781146376125,mmol/L,,92.22095178015219,,,,,,,
3006217,Methemoglobin/Hemoglobin.total in Arterial blood,Measurement,LOINC,Lab Test,2615-3,measurement,669701,31844,25.14132322753829,%,10.911794776466214,92.09478374009383,,,,,,,
3028653,Carboxyhemoglobin/Hemoglobin.total in Arterial blood,Measurement,LOINC,Lab Test,2030-5,measurement,667971,31830,25.130270014211273,%,10.865322055953156,92.03564247131648,,,,,,,
21490721,Hemoglobin [Moles/volume] in Arterial blood,Measurement,LOINC,Lab Test,75928-2,measurement,661291,25162,19.865782409600506,mmol/L,,92.11055474510113,,,,,,0.9945040565297043,
2000000048,Pre filter pressure CVVH,Measurement,ICUdata,Observable Entity,2000000048,measurement,658279,4756,3.7549344702352756,"mmHg, cmH2O",,2.64164333872176,7.461580273755992,,,6.295687134502924,,,5.221327967806841
2000000195,driving pressure,Measurement,ICUdata,Observable Entity,2000000195,measurement,632067,12694,10.022106426654034,"cmH2O, cm H2O",,42.88924811733628,,,,4.89766081871345,,14.263281863386547,
2000000041,Filter pressure CVVH,Measurement,ICUdata,Observable Entity,2000000041,measurement,623196,4760,3.7580925311858517,"mm Hg, mmHg",,2.6377005874699364,8.479517715076346,,,7.245979532163743,,3.9780162261188172,2.3843058350100605
3008984,Volume of Body fluid,Measurement,LOINC,Lab Test,12254-9,measurement,621987,12270,9.687351965892942,ml,,,,,,,61.852233468695076,,
3017878,Tidal volume.spontaneous+mechanical/Body weight [Volume/mass] --on ventilator,Measurement,LOINC,Clinical Observation,20117-8,measurement,619128,11101,8.764408653087004,"ml /kg, ",,,,,,8.36531432748538,49.31207951997091,,
3036453,Pain severity [Score] Visual analog score,Measurement,LOINC,Clinical Observation,38214-3,measurement,612835,15490,12.229591031106901,,,,,,,,64.16146433117159,,
3043706,Sodium [Moles/volume] in Arterial blood,Measurement,LOINC,Lab Test,32717-1,measurement,608271,25149,19.85551871151113,mmol/L,,92.07506998383472,,,,,,1.020675215912065,
2000000475,Chest tube suction,Measurement,ICUdata,Observable Entity,2000000475,measurement,597109,33123,26.15111321648508,", cmH2O",20.392229761130217,34.67255450853606,2.218708306567179,0.35714285714285715,2.337023370233702,57.26882309941521,33.183829322989276,46.76786181627846,
1616732,Quick SOFA score SOFA.quick,Measurement,LOINC,Clinical Observation,96791-9,measurement,574090,5569,4.396810358439918,,,,,,,,23.534759682404996,,
21490725,Inspiratory time percent,Measurement,LOINC,Clinical Observation,75932-4,measurement,571565,18984,14.98815727143534,%,51.06422529974905,,,,,,52.245590641857085,,
2000000063,Ultrafiltration set CVVH,Measurement,ICUdata,Observable Entity,2000000063,measurement,568258,3856,3.0443707563555975,"mL/uur, ml/uur, ml",,5.724874817647755,7.619706478232939,,,,,3.9780162261188172,2.8822937625754528
3020779,Urea [Moles/volume] in Serum or Plasma,Measurement,LOINC,Lab Test,22664-7,measurement,567291,86649,68.41070582662245,"mmol/l, mmol/L",97.42541128357654,56.744076016244136,71.087611800168,32.96875,87.69987699877,63.35434941520468,,64.59042135566605,70.91046277665995
1988717,Continuous renal replacement therapy mode Renal replacement therapy circuit,Measurement,LOINC,Clinical Observation,99708-0,measurement,566716,13590,10.729512079583136,", mL/uur",3.754995817455154,6.659306864329929,44.13697682462816,,,7.721125730994152,1.9698163525062125,3.9780162261188172,
1989079,Access pressure Renal replacement therapy circuit,Measurement,LOINC,Clinical Observation,99717-1,measurement,566611,1081,0.8534659718932576,mmHg,,,,1.40625,2.3985239852398523,,1.981938299290866,,2.3943661971830985
1989404,Body temperature - Foot surface,Measurement,LOINC,Clinical Observation,98663-8,measurement,564919,16323,12.887257224064424,,,,,,,,92.30862476513728,,
1988377,Body temperature - Hand surface,Measurement,LOINC,Clinical Observation,98657-0,measurement,563079,16331,12.893573345965578,,,,,,,,92.36923449906055,,
2000000057,Substitution flow CVVH,Measurement,ICUdata,Observable Entity,2000000057,measurement,558214,3002,2.3701247434075476,"ml, ml/uur, mL/uur, ml/u",1.0223998512872943,,8.494342046746059,1.2053571428571428,1.7220172201722017,,,0.05234231876472128,4.808853118712274
3005424,Body surface area,Measurement,LOINC,Clinical Observation,8277-6,measurement,551889,70688,55.80925311858519,"m^2, sq meters, m2",87.00622734454875,54.14974569254426,,,,99.21875,30.959452088005335,,
21490578,Apnea duration,Measurement,LOINC,Clinical Observation,60821-6,measurement,549244,11525,9.099163113848098,s,,,,,,51.9828216374269,,,
3018405,Lactate [Moles/volume] in Arterial blood,Measurement,LOINC,Lab Test,2518-9,measurement,540084,24074,19.00678983104374,mmol/L,4.507853889766707,89.8237590190435,,,,,,0.18319811567652447,
21490622,Physiological dead space [Volume] Respiratory system --on ventilator,Measurement,LOINC,Clinical Observation,60869-5,measurement,537736,10498,8.28833096478762,ml,,,,,,47.363852339181285,,,
3031248,Chloride [Moles/volume] in Arterial blood,Measurement,LOINC,Lab Test,41650-3,measurement,529169,23740,18.743091741670614,mmol/L,,91.76359263494066,,,,,,,
3002529,ABO group [Type] in Blood,Measurement,LOINC,Lab Test,883-9,measurement,521645,52712,41.61692720669509,,72.99934938191282,29.121160745968538,22.948065424717104,,,80.90734649122807,,,
2000000948,Nurse workload,Measurement,ICUdata,Observable Entity,2000000948,measurement,515758,21804,17.21459024159166,punt(en),,,,,,98.67050438596492,,,
21490784,Physiological dead space/Tidal volume Respiratory system,Measurement,LOINC,Clinical Observation,76002-5,measurement,496369,9726,7.678825201326386,%,,,,,,43.86421783625731,,,
3034976,Hematocrit [Volume Fraction] of Venous blood by calculation,Measurement,LOINC,Lab Test,41654-5,measurement,496001,22628,17.86515079741039,"L/L, Geen",,16.413673461341325,,,,,,,75.7394366197183
21490551,Gas delivery system inspiratory Sevoflurane setting [VFr/PPres],Measurement,LOINC,Clinical Observation,60779-6,measurement,495769,6447,5.090004737091426,%,5.130588344641695,,,,,,,,
1989190,Transmembrane pressure Renal replacement therapy circuit,Measurement,LOINC,Clinical Observation,99720-5,measurement,493366,591,0.46660350544765516,mmHg,,,,1.40625,2.3985239852398523,,1.9698163525062125,,
1988071,Return pressure Renal replacement therapy circuit,Measurement,LOINC,Clinical Observation,99721-3,measurement,493366,593,0.4681825359229433,mmHg,,,,1.40625,2.3985239852398523,,1.981938299290866,,
1988101,Effluent pressure Renal replacement therapy circuit,Measurement,LOINC,Clinical Observation,99718-9,measurement,493285,591,0.46660350544765516,mmHg,,,,1.40625,2.337023370233702,,1.9758773258985394,,
3036277,Body height,Measurement,LOINC,Clinical Observation,8302-2,measurement,491096,102917,81.25453971261645,"m, , cm",87.2850636676271,89.3900563813429,96.20991253644316,12.633928571428571,46.74046740467405,99.21875,2.054669979998788,88.66788798743784,96.1317907444668
2000000064,Ultrafiltration total CVVH,Measurement,ICUdata,Observable Entity,2000000064,measurement,482388,3656,2.8864677088267805,"ml, l",,5.85498560895793,1.0871176557790185,,,6.272843567251462,,,2.8118712273641853
21490907,Ear temperature,Measurement,LOINC,Clinical Observation,76011-6,measurement,476111,44578,35.19501026369809,"C', , °C",,41.89961755312857,53.34782823541039,,,49.278143274853804,,,26.438631790744466
43533607,Anion gap in Blood by Calculated.4Ions,Measurement,LOINC,Lab Test,73582-9,measurement,469283,21967,17.343281225327647,"mmol/l, mmol/L",,2.7678113787801126,,32.857142857142854,,10.67251461988304,,,66.20221327967806
42527138,Airway pressure delta --on ventilator,Measurement,LOINC,Clinical Observation,76154-4,measurement,464675,9181,7.248539396810359,,,,,,,,49.40905509424814,,
2000000614,Renal replacement therapy - venous pressure,Measurement,ICUdata,Observable Entity,2000000614,measurement,456635,3322,2.6227696194536554,mmHg,,5.823443598943343,8.479517715076346,,,,,,
3018677,aPTT in Platelet poor plasma by Coagulation assay,Measurement,LOINC,Lab Test,14979-9,measurement,455601,51138,40.3742302226433,"s, sec",,36.7582699207507,85.10154667193754,25.691964285714285,,,,64.9568175870191,87.62072434607646
2000000117,Left ventricular Stroke volume Variation,Measurement,ICUdata,Observable Entity,2000000117,measurement,454423,4275,3.3751776409284697,"Geen, %, ",1.1246398364160237,,1.161239314127588,0.33482142857142855,1.7220172201722017,7.68000730994152,3.085035456694345,,0.43762575452716296
3034484,ST wave end displacement in lead V1,Measurement,LOINC,Clinical Observation,10112-1,measurement,454310,10994,8.679930522659088,", mm",54.73557022028069,,,,,19.407894736842106,,,
3024561,Albumin [Mass/volume] in Serum or Plasma,Measurement,LOINC,Lab Test,1751-7,measurement,452513,81630,64.44812884888678,"g/L, g/l, Geen",50.31136722743749,60.48180420297283,69.13574146365568,16.584821428571427,73.98523985239852,62.8609283625731,,71.49960743260927,80.26659959758551
3003310,Rh [Type] in Blood,Measurement,LOINC,Lab Test,10331-7,measurement,452337,27322,21.571135322911733,,72.99934938191282,,,,,80.93019005847954,,,
2000000419,ecmo arterial temperature,Measurement,ICUdata,Observable Entity,2000000419,measurement,451790,2461,1.942996999842097,", Geen",,0.7530654890982927,,,,,,2.1460350693535726,
2000000202,fio2 --nice,Measurement,ICUdata,Observable Entity,2000000202,measurement,448907,10460,8.258329385757145,,88.92090342968677,,,,,,,,
2000000187,Backup apnea interval,Measurement,ICUdata,Observable Entity,2000000187,measurement,447054,9912,7.825675035528186,"s, sec, seconden",,16.949887631589323,,,,11.508589181286549,,,14.894366197183098
2000000955,Blood sampling site,Measurement,ICUdata,Observable Entity,2000000955,measurement,445651,21234,16.764566556134533,,,,,,,95.39016812865498,,,
1988373,Pressure drop Renal replacement therapy circuit,Measurement,LOINC,Clinical Observation,99731-2,measurement,444938,103,0.08132006947734091,mmHg,,,,1.40625,2.337023370233702,,,,
2000000256,RRT - Set temperature,Measurement,ICUdata,Observable Entity,2000000256,measurement,441029,3395,2.6804042318016736,"°C, , C'",3.5319267589924714,,7.471463161535801,,,6.25,,,
3013502,Oxygen saturation in Blood,Measurement,LOINC,Clinical Observation,20564-1,measurement,440424,22409,17.692246960366337,", %",,,,,,96.74250730994152,,,
21490673,Aorta Mean blood pressure,Measurement,LOINC,Clinical Observation,60983-4,measurement,438026,3761,2.9693668087794096,"mmHg, mmHG",12.594107259038944,,,,,,3.30323049881811,,
3005162,Calcium [Moles/volume] in Blood,Measurement,LOINC,Lab Test,1996-8,measurement,437905,63727,50.313437549344705,"mmol/l, mmol/L",5.762617343619295,39.90064266845405,70.46498987004003,,,56.026133040935676,,10.939544621826746,86.33299798792757
3014019,Protein intake Measured,Measurement,LOINC,Clinical Observation,9080-3,measurement,435709,7461,5.89057318806253,gram,63.714099823403664,,,,,,,,
2000000922,Fluid output faeces,Measurement,ICUdata,Observable Entity,2000000922,measurement,432268,31287,24.701563240170536,", ml",26.898410632958452,25.18235224539684,,,,27.234100877192983,,,
2000000940,Automatic tube compensation level,Measurement,ICUdata,Observable Entity,2000000940,measurement,432109,8682,6.854571293225959,%,,,,,,39.396016081871345,,,
3034426,Prothrombin time (PT),Measurement,LOINC,Lab Test,5902-2,measurement,431522,71673,56.58692562766461,"sec, sec., s, ratio",48.06208755460545,69.17162796199187,86.13924988881752,11.339285714285714,74.60024600246003,95.14345760233918,,77.88537032190526,3.4356136820925554
46236952,"Glomerular filtration rate [Volume Rate/Area] in Serum, Plasma or Blood by Creatinine-based formula (MDRD)/1.73 sq M",Measurement,LOINC,Lab Test,77147-7,measurement,431291,53431,42.18458866256119,"mL/min/m², ml/min/m, , mL/min/1.73_m2, ml/min, ml/min/1.73m2, mL/min/1.73m2",97.56482944511572,17.454559791822735,,,,88.07108918128655,,94.03297566082178,63.35010060362173
2000000631,work of breathing,Measurement,ICUdata,Observable Entity,2000000631,measurement,430902,8718,6.882993841781146,", J/insp",,7.384773094665458,,,,30.368238304093566,0.10303654766955574,,
2000000109,Global end diastolic volume index - PICCO,Measurement,ICUdata,Observable Entity,2000000109,measurement,406264,5896,4.654981841149534,"mL/m2, ml/m2, ",37.42912910121758,3.2330560264952886,0.9339328951919751,0.3125,2.5830258302583027,,3.2304988181101884,,0.3822937625754527
4105091,Ramsay sedation scale,Measurement,SNOMED,Staging / Scales,281400004,measurement,405666,24402,19.265750828991,,,,51.811039185650046,9.955357142857142,1.7220172201722017,2.905701754385965,0.3818413237165889,,50.28169014084507
3024928,Oxygen saturation in Venous blood,Measurement,LOINC,Clinical Observation,2711-0,measurement,404936,25743,20.32449076267172,", mol/mol, %",69.61613532856214,16.740921815242675,,35.223214285714285,,15.629568713450292,,54.8547500654279,
3015273,Consistency of Stool,Measurement,LOINC,Lab Test,11029-6,measurement,397213,29707,23.45412916469288,,,32.164964712376296,,,,28.632127192982455,32.29286623431723,,
3018465,Oxygen saturation in Mixed venous blood,Measurement,LOINC,Clinical Observation,19224-5,measurement,393840,5558,4.388125690825833,"mol/mol, %, ",27.325959661678596,5.551393762567519,,,,2.3483187134502925,0.315170616400994,8.296257524208322,
2000000233,Tracheobronchial toilet quantity,Measurement,ICUdata,Observable Entity,2000000233,measurement,389316,12157,9.59813674403916,,,,,17.34375,11.685116851168512,,10.703679010849143,35.069353572363255,37.99798792756539
2000000460,Blood gas sampling site,Measurement,ICUdata,Observable Entity,2000000460,measurement,383194,10528,8.312016421916942,", .",8.47662422158193,36.90020896581635,,,,,,,
3007220,Creatine kinase [Enzymatic activity/volume] in Serum or Plasma,Measurement,LOINC,Lab Test,2157-6,measurement,382199,68498,54.08021474814464,"U/l, IU/l, U/L, iu/l, E/l, IE/l",94.3953899061251,,67.18387112714335,30.267857142857142,83.21033210332104,95.60489766081871,,26.66841141062549,83.68712273641852
3035012,ST wave end displacement in lead V2,Measurement,LOINC,Clinical Observation,10113-9,measurement,375216,9322,7.3598610453181745,", mm",54.670508411562416,,,,,11.919773391812866,,,
2000000046,Postdilution flow CVVH,Measurement,ICUdata,Observable Entity,2000000046,measurement,375186,2484,1.961155850307911,"ml/uur, ml/u, ml",,3.6588731616922288,,0.5133928571428571,1.5990159901599017,6.281980994152047,,,0.5633802816901409
3010494,Fluid intake enteral tube Measured,Measurement,LOINC,Clinical Observation,8953-2,measurement,358996,3072,2.425390810042634,,26.284970722186078,,,,,,,,
3033956,Volume of Sputum,Measurement,LOINC,Lab Test,38200-2,measurement,357018,20081,15.854255487130901,,22.344084022678686,,,,,71.64656432748538,,,
3014218,Bicarbonate [Moles/volume] standard in Arterial blood,Measurement,LOINC,Lab Test,19230-2,measurement,356971,16817,13.277277751460604,mmol/L,,58.6484248708749,,35.267857142857146,,,,,
3007930,Methemoglobin/Hemoglobin.total in Blood,Measurement,LOINC,Lab Test,2614-6,measurement,355940,17018,13.435970314227065,"%, Geen",0.4461381169253648,3.781098450498758,,34.97767857142857,19.00369003690037,2.595029239766082,,0.7327924627060979,48.92857142857143
2000000949,Transfusion threshold,Measurement,ICUdata,Observable Entity,2000000949,measurement,355523,21898,17.28880467393021,,,,,,,98.93092105263158,,,
3016369,Premature ventricular contractions,Measurement,LOINC,Clinical Observation,8616-5,measurement,352525,19690,15.545555029212064,,,33.68686669558018,,,,,,,36.87122736418511
36305890,Inflation trigger pressure setting Ventilator,Measurement,LOINC,Clinical Observation,76224-5,measurement,342623,7544,5.956102952786988,"cmH2O, cm H2O",,19.64278673658479,,,,,1.7394993635977938,,10.352112676056338
3026600,Body weight Estimated,Measurement,LOINC,Clinical Observation,8335-2,measurement,341743,21908,17.296699826306646,kg,,,,,,99.23245614035088,,,0.09557344064386318
3008204,Clarity of Urine,Measurement,LOINC,Lab Test,32167-9,measurement,335026,10275,8.112269066792988,,88.25169625429872,,,,,,,,
2000000009,Delirium observation screening total,Measurement,ICUdata,Observable Entity,2000000009,measurement,332398,33375,26.350071056371387,"Geen, ",8.10484245747746,14.15841974529827,,0.24553571428571427,7.626076260762607,,1.0606703436571914,,7.414486921529175
3026361,Erythrocytes [#/volume] in Blood,Measurement,LOINC,Lab Test,26453-1,measurement,332348,40423,31.91457445128691,"10^12/L, x10^12/L, 10E12/L, /nL, 10^12/l, /pL, mmol/l, x10e12/L",,2.9176359263494067,,0.26785714285714285,,49.28728070175438,,5.469772310913373,96.31790744466801
42869594,Oxyhemoglobin/Hemoglobin.total [Pure mass fraction] in Arterial blood,Measurement,LOINC,Lab Test,71839-5,measurement,320648,9057,7.1506395073424915,,,34.71198202105429,,,,,,,
3023230,Hematocrit [Volume Fraction] of Arterial blood by calculation,Measurement,LOINC,Lab Test,32354-3,measurement,320157,9053,7.147481446391915,L/L,,34.71198202105429,,,,,,,
36203862,Color of Sputum,Measurement,LOINC,Lab Test,86243-3,measurement,320097,18641,14.717353544923418,,20.206338879077983,,,,,66.74890350877193,,,
1616852,SOFA Total Score,Measurement,LOINC,Clinical Observation,96790-1,measurement,320097,52915,41.77719879993684,"punt(en), ",95.9661678594665,79.38729645546663,,,,96.13943713450293,,,
3016431,Calcium.ionized [Moles/volume] adjusted to pH 7.4 in Serum or Plasma,Measurement,LOINC,Lab Test,19072-8,measurement,319998,9062,7.154587083530712,mmol/L,,34.61341323975871,,,,,,,
3011550,Carboxyhemoglobin [Mass/volume] in Blood,Measurement,LOINC,Lab Test,31157-1,measurement,318488,11831,9.340754776567188,Geen,,,,,,,,,48.66197183098591
43533606,Anion gap in Arterial blood by Calculated.4Ions,Measurement,LOINC,Lab Test,73581-1,measurement,311472,9049,7.144323385441339,mmol/L,,34.66466900603241,,,,,,,
3022217,INR in Platelet poor plasma by Coagulation assay,Measurement,LOINC,Lab Test,6301-6,measurement,307132,40155,31.702984367598294,"INR, Geen, , I.N.R.",,43.90647794030674,,7.96875,,,,7.537293902119864,87.62072434607646
3006923,Alanine aminotransferase [Enzymatic activity/volume] in Serum or Plasma,Measurement,LOINC,Lab Test,1742-6,measurement,305757,69271,54.69051002684352,"U/L 37°C, U/l, E/l, IE/l, IU/l, U/L",,41.48168592043528,42.476651677620204,,,62.82437865497076,,19.57602721800576,56.212273641851105
3027172,Left ventricular Ejection fraction,Measurement,LOINC,Clinical Observation,10230-1,measurement,301257,12877,10.166587715142903,", %",24.528301886792452,,,3.7276785714285716,1.6605166051660516,17.045869883040936,,,
3007646,Breath rate spontaneous and mechanical --on ventilator,Measurement,LOINC,Clinical Observation,19840-8,measurement,295811,6536,5.16027159324175,/min,56.222697276698575,,,,,1.896016081871345,,,
21490741,Airway resistance --during expiration,Measurement,LOINC,Clinical Observation,75947-2,measurement,295596,9444,7.456181904310753,"cmH20/l/s, cmH2O, cmH2O/L/sec",,,,,,25.64875730994152,17.285896114916056,,0.5633802816901409
2000000621,Replacement fluid CVVH - order,Measurement,ICUdata,Observable Entity,2000000621,measurement,290762,3100,2.4474972366966683,,1.7287852030857886,4.719473248432756,,,,7.675438596491228,,,
3007055,Right eye Position,Measurement,LOINC,Clinical Observation,29073-4,measurement,289981,13776,10.876361913784937,,,,,,,,75.90156979210862,,
2000000051,Predilution volume CVVH,Measurement,ICUdata,Observable Entity,2000000051,measurement,289444,2166,1.7100900047370915,", l, ml",,2.6652998462327013,,,,6.240862573099415,,,0.5583501006036218
3028878,Tube cuff pressure Intubation tube,Measurement,LOINC,Clinical Observation,33445-8,measurement,285050,25968,20.50213169114164,"cm H2O, cmH2O",,15.806489768560501,0.40025695508227505,57.589285714285715,37.57687576875769,29.655519005847953,48.6999212073459,,
3003458,Phosphate [Moles/volume] in Serum or Plasma,Measurement,LOINC,Lab Test,14879-1,measurement,283381,41416,32.69856308226749,"mmol/L, mmol/l",0.12082907333395297,,94.30745663882986,10.580357142857142,84.44034440344403,,,25.621565035331066,88.83299798792757
2000000094,Gastric retention,Measurement,ICUdata,Observable Entity,2000000094,measurement,282519,16704,13.188062529606821,ml,,,,,,72.24963450292398,,,
2000000061,Ultrafiltration 1hour CVVH,Measurement,ICUdata,Observable Entity,2000000061,measurement,282185,3256,2.5706616137691456,"mL, ml, ml/uur",,1.931948113393526,,,,7.634320175438597,,3.9518450667364564,4.527162977867203
2000000231,Tracheobronchial toilet frequency,Measurement,ICUdata,Observable Entity,2000000231,measurement,280968,7747,6.116374546028738,,,,,,,,,,38.199195171026155
3007913,Alveolar-arterial oxygen Partial pressure difference,Measurement,LOINC,Clinical Observation,19991-9,measurement,280947,10158,8.01989578398863,kPa,94.25597174458593,,,,,,,,
3012095,Magnesium [Moles/volume] in Serum or Plasma,Measurement,LOINC,Lab Test,2601-3,measurement,280005,46211,36.484288646770885,"mmol/L, mmol/l, g/L",93.9213681568919,41.73796475180381,,4.464285714285714,84.93234932349324,,,67.86181627846113,91.70020120724347
21490776,Pulmonary artery wedge pressure,Measurement,LOINC,Clinical Observation,75994-4,measurement,279131,13847,10.932417495657667,"mm Hg, mmHg",,5.5671647675748135,15.491426594851015,0.08928571428571429,,2.403143274853801,2.8850233347475607,4.736979848207276,34.33601609657948
3013466,aPTT in Blood by Coagulation assay,Measurement,LOINC,Lab Test,3173-2,measurement,278091,40116,31.672193273330176,"sec, s, sec.",4.907519286179013,58.66813862713401,,,,93.90076754385964,,,
2000000058,Substitution volume CVVH,Measurement,ICUdata,Observable Entity,2000000058,measurement,277253,2313,1.826148744670772,"ml, l",,1.7308677995505264,,,,6.240862573099415,,,2.515090543259557
37020574,Lean body weight,Measurement,LOINC,Clinical Observation,91557-9,measurement,276392,27560,21.759039949471024,"Kg, kg",87.00622734454875,,,,,62.41776315789474,,,
3006376,Fluid output wound drain,Measurement,LOINC,Clinical Observation,9203-1,measurement,276240,14278,11.272698563082267,"mL, ml",44.623106236639096,,0.2816623017245639,65.13392857142857,10.270602706027061,1.5305190058479532,,21.565035331065165,23.81790744466801
2000000050,Predilution flow CVVH,Measurement,ICUdata,Observable Entity,2000000050,measurement,274707,2561,2.021948523606506,"ml/u, ml/uur",,4.025549028111817,,0.9151785714285714,0.6765067650676507,6.263706140350878,,,0.5482897384305835
3030316,Appearance of Sputum,Measurement,LOINC,Lab Test,33455-7,measurement,274702,17933,14.158376756671403,,,10.428577061073216,,,,66.9499269005848,,,
2000000619,Renal replacement therapy - arterial pressure,Measurement,ICUdata,Observable Entity,2000000619,measurement,272991,1841,1.4534975525027634,mmHg,,,8.48445915896625,,,,,,
3046592,Airway suction location,Measurement,LOINC,Clinical Observation,33440-9,measurement,272430,6426,5.0734249171009,,,,,,,,33.498999939390266,,
3020460,C reactive protein [Mass/volume] in Serum or Plasma,Measurement,LOINC,Lab Test,1988-5,measurement,268904,49036,38.71466919311543,"mg/L, mg/l, ",56.00892276233851,,64.82680239165884,27.209821428571427,87.82287822878229,,,80.97356712902382,52.86217303822938
2000000634,non-invasive ventilator - leakage fraction,Measurement,ICUdata,Observable Entity,2000000634,measurement,263035,5537,4.371545870835307,%,1.0409889394925178,,,,,13.628472222222221,9.958179283592946,,
2000000116,picco_pulse_pressure_variation,Measurement,ICUdata,Observable Entity,2000000116,measurement,252891,1856,1.4653402810674245,", Geen, %",,0.38244687142688166,0.00494144388990463,,,,0.7454997272561974,,0.43762575452716296
40764999,"Glomerular filtration rate [Volume Rate/Area] in Serum, Plasma or Blood by Creatinine-based formula (CKD-EPI)/1.73 sq M",Measurement,LOINC,Lab Test,62238-1,measurement,250494,24917,19.672351176377703,"mL/min/1.73m2, mL/min/1,73m², mL/min/m², (ml/min)",,86.17671411110673,,32.96875,,,,,
21490770,Left ventricular End diastolic volume,Measurement,LOINC,Clinical Observation,75988-6,measurement,249251,2412,1.9043107531975367,"ml, mL",0.678501719490659,,,,,,3.2547427116794956,,
3004501,Glucose [Mass/volume] in Serum or Plasma,Measurement,LOINC,Lab Test,2345-7,measurement,248636,10632,8.394126006631929,"mmol/l, mmol/L",93.53099730458221,,,,,,,,
3046004,Intubation tube depth Respiratory system,Measurement,LOINC,Clinical Observation,33444-1,measurement,245955,61556,48.59939996841939,"dag, uur, cm, , min, cm van tandenrij",2.0540942466772005,35.244253440050464,,58.504464285714285,47.9089790897909,69.79623538011695,2.357718649615128,71.83983250457996,8.254527162977867
3046838,Edema site,Measurement,LOINC,Clinical Observation,44972-8,measurement,241446,20205,15.952155376598768,,11.62747467236732,,,,,,86.67798048366568,,
3006306,Breath rate setting Ventilator synchronized intermittent mandatory,Measurement,LOINC,Clinical Observation,19835-8,measurement,241250,14722,11.623243328596242,"sl/min, /min",,,,,,63.32693713450293,0.2242560155160919,,
3035146,Systemic vascular Resistance,Measurement,LOINC,Clinical Observation,8831-0,measurement,241125,3129,2.470393178588347,"dyne*sec/cm5, dyn*s*cm^-5, dsc-5, (dyne*sec)/cm5, , dyne*s/cm5",,6.631707605567165,,0.4017857142857143,2.952029520295203,0.6990131578947368,6.248863567488939,,
21490854,Tidal volume Ventilator --on ventilator,Measurement,LOINC,Clinical Observation,76222-9,measurement,239682,23699,18.710721616927206,mL,,64.16827662342783,,,,,,,
3002692,Appearance of Stool,Measurement,LOINC,Lab Test,29636-8,measurement,238939,17673,13.953102794883941,,2.388697834371224,,37.27825270544053,20.825892857142858,62.30012300123001,27.69097222222222,,27.139492279507984,
2000000376,level - chest tube,Measurement,ICUdata,Observable Entity,2000000376,measurement,237136,10483,8.27648823622296,ml,,,,,,47.76589912280702,,,
3025084,Appearance of Gastric fluid,Measurement,LOINC,Lab Test,29606-1,measurement,235043,14912,11.773251223748618,,,,,,,64.38230994152046,,,
2000000311,decubitus score - other,Measurement,ICUdata,Observable Entity,2000000311,measurement,234742,20853,16.463761250592135,", Geen",92.6480156148341,,26.505905025448435,1.4285714285714286,3.4440344403444034,6.949013157894737,,75.73933525255168,
21490674,Aorta Systolic blood pressure,Measurement,LOINC,Clinical Observation,60984-2,measurement,234015,3030,2.3922311700615824,", mmHg",12.510456362115438,,,,,,0.503060791563125,,
21490672,Aorta Diastolic blood pressure,Measurement,LOINC,Clinical Observation,60982-6,measurement,234001,3030,2.3922311700615824,", mmHg",12.510456362115438,,,,,,0.503060791563125,,
4108453,Train of four ratio,Measurement,SNOMED,Observable Entity,250831000,measurement,232348,12632,9.973156481920102,"/4, %",0.7528580723115531,8.409888420139573,,,,,1.0182435299109036,,
2000000019,Access pressure CVVH,Measurement,ICUdata,Observable Entity,2000000019,measurement,230169,1890,1.4921837991473235,"mmHg, mm Hg",,,,,,7.785087719298246,,3.9780162261188172,
3013721,Aspartate aminotransferase [Enzymatic activity/volume] in Serum or Plasma,Measurement,LOINC,Lab Test,1920-8,measurement,222624,63178,49.8799936838781,"U/l, U/L 37°C, U/L, IU/l, E/l, IE/l, iu/l",93.69829909842922,13.941568426447976,41.760142313584026,,,33.58461257309941,,18.86940591468202,56.0261569416499
2000000623,RRT - arterial pressure,Measurement,ICUdata,Observable Entity,2000000623,measurement,221894,1828,1.4432338544133902,mmHg,3.5691049354029185,5.665733548870402,,,,,,,
3044331,Calcium.ionized [Moles/volume] in Arterial blood,Measurement,LOINC,Lab Test,34581-9,measurement,219965,16418,12.962261171640613,mmol/L,,58.49465757205378,,,,,,0.9945040565297043,
3008047,Systemic vascular Resistance index,Measurement,LOINC,Clinical Observation,8837-7,measurement,215441,3709,2.9283120164219167,"(dyne*sec)/cm5/m2, dynes /s/ cm5, (dyne*sec)/cm5, dsc-5/m2, dyn *s*m2/cm5, dynes.sec.cm-5/m2",8.88558416209685,6.860387178172929,0.02964866333942778,0.4017857142857143,3.259532595325953,,4.642705618522335,,
3025085,Axillary temperature,Measurement,LOINC,Clinical Observation,8328-7,measurement,210465,10085,7.962261171640613,", °C",,6.418799037968695,,,,,,,41.8158953722334
3019916,ST wave end displacement in lead V3,Measurement,LOINC,Clinical Observation,10114-7,measurement,208138,6698,5.288173061740092,,54.642624779254575,,,,,,,,
3035995,Alkaline phosphatase [Enzymatic activity/volume] in Serum or Plasma,Measurement,LOINC,Lab Test,6768-6,measurement,207828,61757,48.75809253118585,"IU/l, U/L, iu/l, E/l, IE/l, U/L 37°C, U/l",50.36713449205317,39.2895162244214,41.41918268518061,11.09375,74.96924969249693,33.66684941520468,,17.822559539387594,50.82494969818914
4193843,Oxygenation index measurement,Measurement,SNOMED,Procedure,313558004,measurement,207105,3586,2.831201642191694,mmHg,30.61622827400316,,,,,,,,
3013959,ST wave end displacement in lead V4,Measurement,LOINC,Clinical Observation,10115-4,measurement,207014,6697,5.287383546502448,,54.65191932335719,,,,,,,,
21490769,Venous blood temperature,Measurement,LOINC,Clinical Observation,75987-8,measurement,204764,1379,1.0887415127111952,°C,,,,,,6.268274853801169,,,
2000000617,Substitution volume CVVH - total,Measurement,ICUdata,Observable Entity,2000000617,measurement,203376,1589,1.2545397126164535,"l, ml",,,6.814251124178485,0.044642857142857144,0.43050430504305043,,,,0.5130784708249497
3005785,Creatine kinase.MB [Mass/volume] in Serum or Plasma,Measurement,LOINC,Lab Test,13969-1,measurement,201069,46862,36.998263066477186,"U/l, ug/L, µg/L, U/L, µg/l",62.217678222883166,31.74309032843118,68.7256016207936,25.736607142857142,,,,58.9112797696938,64.24044265593561
3005555,Left ventricular Cardiac output,Measurement,LOINC,Clinical Observation,8741-1,measurement,199306,11624,9.177325122374862,"l/min, L/min",10.707314806208755,8.019556046209045,,0.4017857142857143,0.5535055350553506,,6.848899933329292,,34.58249496981891
3007637,Fluid output chest tube 1 hour,Measurement,LOINC,Clinical Observation,9130-6,measurement,198869,9921,7.832780672666982,ml,,,46.3161535800761,,,,,,
21494997,Breath sounds by Auscultation,Measurement,LOINC,Clinical Observation,80319-7,measurement,197449,21812,17.220906363492816,,16.693001208290735,,,,,,87.89017516213104,,
21490653,Intracranial pressure (ICP),Measurement,LOINC,Clinical Observation,60956-0,measurement,193538,2640,2.0843202273803882,"mmHg, cmH2O",,2.732326617513701,3.4293620595938132,0.08928571428571429,,,1.6243408691435846,,3.9235412474849096
3014576,Chloride [Moles/volume] in Serum or Plasma,Measurement,LOINC,Lab Test,2075-0,measurement,191003,10109,7.98120953734407,mmol/l,92.75955014406543,,,,,,,,
2000000174,Tracheostomy cuff inflated,Measurement,ICUdata,Observable Entity,2000000174,measurement,189753,1884,1.487446707721459,,,,7.871720116618076,,,,,3.428421879089244,
2000000053,Return pressure CVVH,Measurement,ICUdata,Observable Entity,2000000053,measurement,187609,1542,1.2174324964471814,"mm Hg, mmHg",,,,,,6.295687134502924,,3.9780162261188172,
2000000215,Inspiratory rise time perc,Measurement,ICUdata,Observable Entity,2000000215,measurement,186644,10046,7.931470077372493,%,,,,,,,53.918419298139284,,
2000000611,Neurological function left arm,Measurement,ICUdata,Observable Entity,2000000611,measurement,182821,17435,13.765198168324648,,,,,20.758928571428573,23.247232472324722,25.730994152046783,44.40875204557852,46.11358283171945,
42528504,Current nebulization cycle time.elapsed Nebulizer,Measurement,LOINC,Clinical Observation,83375-6,measurement,182728,3311,2.6140849518395703,s,,,,,,14.601608187134502,,,
3023454,Fluid output gastric tube,Measurement,LOINC,Clinical Observation,9149-6,measurement,182348,18049,14.249960524238118,"mL, min, ml",49.67933822845989,,,17.1875,0.6765067650676507,2.828033625730994,,39.858675739335254,46.71529175050302
3026910,Gamma glutamyl transferase [Enzymatic activity/volume] in Serum or Plasma,Measurement,LOINC,Lab Test,2324-2,measurement,180784,52224,41.23164377072477,"E/l, U/L, IU/l, U/l, U/L 37°C",50.34854540384794,36.095887710444345,11.498739931808075,11.183035714285714,,33.46125730994152,,19.811567652447003,51.061368209255534
2000000615,dilution,Measurement,ICUdata,Observable Entity,2000000615,measurement,180477,1832,1.4463919153639666,,,,8.444927607847013,,,,,,
2000000047,Postdilution volume CVVH,Measurement,ICUdata,Observable Entity,2000000047,measurement,180396,1486,1.1732196431391126,l,,,,,,6.263706140350878,,,0.5432595573440644
21492832,Wound assessment [Interpretation],Measurement,LOINC,Clinical Observation,80338-7,measurement,179873,6881,5.432654350228959,,,,,,,14.857456140350877,13.87962906842839,,
2000000607,Neurological function right arm,Measurement,ICUdata,Observable Entity,2000000607,measurement,179506,17000,13.421759039949471,,,,,17.254464285714285,20.84870848708487,25.772112573099417,42.88744772410449,46.55849254121958,
2000000359,fluid intake - gastric juice,Measurement,ICUdata,Observable Entity,2000000359,measurement,174206,8788,6.938259908416232,ml,,,40.21347037604388,,,,,,
21490788,Temperature difference,Measurement,LOINC,Clinical Observation,76006-6,measurement,170569,4124,3.255960840044213,,36.165071103262385,,,,,,,,
2000000062,Ultrafiltration measured CVVH,Measurement,ICUdata,Observable Entity,2000000062,measurement,167050,1720,1.3579662087478288,"ml, l",,,6.888372782527054,,,,,,1.0462776659959758
2000000028,Citrate dosage CVVH,Measurement,ICUdata,Observable Entity,2000000028,measurement,166844,1573,1.241907468814148,"mmol/l, ml/uur, ",3.4389813179663538,,,0.5133928571428571,1.968019680196802,5.217470760233918,,,
2000000036,Dialysate flow CVVHD,Measurement,ICUdata,Observable Entity,2000000036,measurement,166028,1310,1.0342649613137533,", ml/uur, mL/h",3.4482758620689653,2.1921696960138783,,,,1.599049707602339,,,
3018557,Breath rate minimum setting Ventilator,Measurement,LOINC,Clinical Observation,19831-7,measurement,163914,3084,2.434864992894363,/min,,,,,,13.573647660818713,,,
3005859,Maximum positive end expiratory pressure setting Ventilator,Measurement,LOINC,Clinical Observation,20078-2,measurement,163877,3081,2.4324964471814305,cmH2O,,,,,,13.559941520467836,,,
2000000613,Neurological function left leg,Measurement,ICUdata,Observable Entity,2000000613,measurement,163350,16708,13.191220590557398,,,,,18.258928571428573,21.894218942189422,25.237573099415204,41.85102127401661,45.06673645642502,
2000000023,Calcium flow CVVH,Measurement,ICUdata,Observable Entity,2000000023,measurement,161721,1492,1.177956734564977,"ml/uur, ml",,,,,,6.697733918128655,,,
3016436,Lactate dehydrogenase [Enzymatic activity/volume] in Serum or Plasma,Measurement,LOINC,Lab Test,2532-0,measurement,161599,45152,35.648192010105795,"U/l, U/L 37°C, U/L, E/l, IE/l, iu/l",50.24630541871921,35.93029215786776,1.1908879774670158,,,,,18.398325045799528,52.831991951710265
2000000597,Neurological function right leg,Measurement,ICUdata,Observable Entity,2000000597,measurement,161365,16474,13.006474024948682,,,,,14.53125,19.55719557195572,25.21016081871345,41.638887205285165,45.2761057314839,
2000000946,Work of breathing by ventilator,Measurement,ICUdata,Observable Entity,2000000946,measurement,161020,2937,2.318806252960682,J/insp,,,,,,12.902046783625732,,,
2000000052,Pressure drop CVVH,Measurement,ICUdata,Observable Entity,2000000052,measurement,157259,1386,1.094268119374704,mmHg,,,,,,6.277412280701754,,,
3045676,Capillary refill [Time],Measurement,LOINC,Clinical Observation,44971-0,measurement,155684,17848,14.091267961471656,"sec, ",0.037178176410447066,1.1079131017624098,3.4293620595938132,1.3839285714285714,1.5990159901599017,,73.02260743075338,,
3037490,Color of Stool,Measurement,LOINC,Lab Test,9397-1,measurement,152966,9917,7.829622611716406,,27.288781485268146,,,19.464285714285715,54.6740467404674,,4.8609006606461,,
21490742,Airway resistance --during inspiration,Measurement,LOINC,Clinical Observation,75948-0,measurement,146851,3798,2.9985788725722404,"cmH2O/L/sec, cm H2O/L/sec, cmH20/l/s",,,,,,,7.139826656160979,54.671551949751375,0.1056338028169014
2000000002,Apache IV score,Measurement,ICUdata,Observable Entity,2000000002,measurement,146558,44959,35.495815569240484,,82.85156613068129,82.07625280921026,61.00212482087266,,,,,,
2000000901,NICE Origin,Measurement,ICUdata,Observable Entity,2000000901,measurement,144424,43145,34.063634928154116,,,82.07625280921026,61.00212482087266,,,,,,40.02012072434608
3013762,Body weight Measured,Measurement,LOINC,Clinical Observation,3141-9,measurement,141299,26200,20.685299226275067,kg,0.009294544102611766,,5.534417156693186,,,99.25529970760233,,,8.97887323943662
3037106,Fluid intake total Measured,Measurement,LOINC,Clinical Observation,9103-3,measurement,141258,4192,3.3096478762040107,,,,,,,,18.15261531001879,,
21490671,Aorta blood pressure,Measurement,LOINC,Clinical Observation,60981-8,measurement,139303,1092,0.8621506395073425,,3.550515847197695,0.5835271852698813,,,,,0.09697557427722893,,
2000000073,Restrictive policy order,Measurement,ICUdata,Observable Entity,2000000073,measurement,138359,39690,31.335859782093795,,,,44.99678806147156,,,89.62902046783626,,96.99031667102852,28.17907444668008
3018913,Phosphate [Moles/volume] in Blood,Measurement,LOINC,Lab Test,24519-1,measurement,138248,21289,16.807989894204958,mmol/L,,,,,,95.2576754385965,,,
21490850,Invasive Blood pressure,Measurement,LOINC,Clinical Observation,76212-0,measurement,133997,15013,11.852992262750671,"mmHg, ",8.932056882609908,10.35366478728857,,82.09821428571429,,,7.576216740408509,,
1989388,Pacemaker mode,Measurement,LOINC,Clinical Observation,99684-3,measurement,132230,20111,15.877940944260224,,43.11739009201599,14.075621969009974,13.633443692246875,,,25.15533625730994,15.031214012970484,,
2000000136,Calcium ratio,Measurement,ICUdata,Observable Entity,2000000136,measurement,130487,3785,2.9883151744828673,,,14.87600047313015,,,,,,,
3020059,Calcium [Moles/volume] corrected for albumin in Serum or Plasma,Measurement,LOINC,Lab Test,29265-6,measurement,129107,22200,17.52723827569872,"mmol/l, mmol/L, ",,34.763237787327995,,2.7901785714285716,,30.01644736842105,,,25.4476861167002
2000000039,Effluent pressure CVVH,Measurement,ICUdata,Observable Entity,2000000039,measurement,128356,985,0.7776725090794252,"mm Hg, mmHg",,3.284311792768994,,,,,,3.9780162261188172,
3011087,Output.stool [Volume],Measurement,LOINC,Clinical Observation,9217-1,measurement,127270,7520,5.937154587083531,ml,,,,,,,,,37.32394366197183
2000000474,Gastric tube route,Measurement,ICUdata,Observable Entity,2000000474,measurement,127214,26407,20.848728880467394,,,,,,,,49.13025031820111,,64.41649899396378
722043,Critical Care Pain Observation Tool (CPOT): Total score,Measurement,OMOP Extension,Staging / Scales,OMOP5214819,measurement,126840,17502,13.818095689246803,", x",,,,54.82142857142857,21.52521525215252,66.36513157894737,,,
3033836,Magnesium [Moles/volume] in Blood,Measurement,LOINC,Lab Test,2593-2,measurement,126635,21264,16.788252013263858,mmol/L,,,,,,95.27138157894737,,,
3018767,Fluid output cerebral ventricle drain,Measurement,LOINC,Clinical Observation,9122-3,measurement,125333,1582,1.2490131059529448,ml,,,4.373177842565598,,,,,,3.1388329979879277
3011557,Peak inspiratory gas flow setting Ventilator,Measurement,LOINC,Clinical Observation,19931-5,measurement,124676,2803,2.2130112111163744,"L/min, l/min",11.35793289339158,,,,,,,,3.3048289738430583
3006140,Bilirubin.total [Moles/volume] in Serum or Plasma,Measurement,LOINC,Lab Test,14631-6,measurement,124387,24714,19.512079583135954,"µmol/l, µmol/L",48.08067664281067,,,20.848214285714285,80.07380073800738,55.93019005847953,,63.726773096048156,
1091617,"C reactive protein [Mass/volume] in Serum, Plasma or Blood",Measurement,LOINC,Lab Test,105126-7,measurement,123629,19463,15.366335070266857,mg/l,,,,,,62.60964912280702,,,
3024731,MCV [Entitic mean volume] in Red Blood Cells,Measurement,LOINC,Lab Test,30428-7,measurement,121608,30330,23.945997157745143,"%, fL, fl",,2.8860939163348185,0.08400454612837871,,,47.42324561403509,,5.469772310913373,20.79476861167002
2000000022,Blood flow CVVHD,Measurement,ICUdata,Observable Entity,2000000022,measurement,120840,746,0.5889783672824885,"ml/min, mL/min",3.541221303095083,,,,,1.5442251461988303,,,
2000000107,Extravascular lung water index - PICCO,Measurement,ICUdata,Observable Entity,2000000107,measurement,120755,2982,2.354334438654666,ml/kg,10.716609350311368,3.1818002602215825,0.9339328951919751,0.3125,2.7675276752767526,,3.2365597915025153,,0.3873239436619718
36304810,Presence of wound exudate,Measurement,LOINC,Clinical Observation,89259-6,measurement,120075,10548,8.327806726669825,,,18.13271300713638,,,,,,,
2000000111,Intrathoracic blood volume index - PICCO,Measurement,ICUdata,Observable Entity,2000000111,measurement,120039,2916,2.3022264329701563,"mL/m2, ml/m2",10.698020262106144,3.2330560264952886,0.9289914513020705,0.3125,1.045510455104551,,3.218376871325535,,0.16096579476861167
2000000941,Vancomycine target,Measurement,ICUdata,Observable Entity,2000000941,measurement,115945,4497,3.5504500236854573,,,,,,,20.289656432748536,,,
722052,Critical Care Pain Observation Tool (CPOT): Muscle tension score,Measurement,OMOP Extension,Staging / Scales,OMOP5214828,measurement,115500,14831,11.709300489499448,,,,,,,67.04130116959064,,,
40762530,MCHC [Entitic Moles/volume] in Red Blood Cells,Measurement,LOINC,Lab Test,59467-1,measurement,114101,25716,20.30317385125533,"mmol/L, mmol/l, mmol/cel",,1.7032685407877617,,,,47.39126461988304,,5.495943470295734,20.523138832997986
40762531,MCH [Entitic substance],Measurement,LOINC,Lab Test,59468-9,measurement,114047,25703,20.292910153165955,"amol, fmol",,1.7032685407877617,,,,47.395833333333336,,5.495943470295734,20.407444668008047
21494967,Amount of Stool,Measurement,LOINC,Clinical Observation,80272-8,measurement,112182,8760,6.916153481762198,,26.56380704526443,,,,,,,26.53755561371369,
2000000106,extravascular lung water - PICCO,Measurement,ICUdata,Observable Entity,2000000106,measurement,111973,2337,1.8450971103742302,ml,,3.280369041517171,,,,3.4082602339181287,3.2547427116794956,,0.22132796780684105
1447893,Intensive Care Delirium Screening Checklist,Measurement,SNOMED,Staging / Scales,1351993001,measurement,111342,10677,8.429654192325913,punt(en),,,,,,47.80701754385965,,,
3025926,Body temperature - Core,Measurement,LOINC,Clinical Observation,8329-5,measurement,109160,560,0.44212853308068845,,,,,,,,0.30910964300866717,,
36305590,Inflation trigger pressure Ventilator,Measurement,LOINC,Clinical Observation,76223-7,measurement,108477,3046,2.4048634138638874,cmH2O,,,,,,13.660453216374268,,,
2000000029,Citrate dosage CVVHD,Measurement,ICUdata,Observable Entity,2000000029,measurement,106148,615,0.4855518711511132,"mmol/L, ml, mmol/L (bloed)",,,,,,1.5579312865497077,0.9697557427722893,,
3008138,Apache II score,Measurement,LOINC,Clinical Observation,9264-3,measurement,105553,58602,46.26717195641876,,82.87015521888651,82.07625280921026,61.00212482087266,,,,71.82253469907268,,
3040151,Glucose [Moles/volume] in Capillary blood,Measurement,LOINC,Lab Test,51596-5,measurement,104776,5083,4.013105952944892,mmol/L,,3.043803966407759,,,,,,,
2000000565,cuff inflated,Measurement,ICUdata,Observable Entity,2000000565,measurement,101571,19532,15.420811621664297,,,3.7574419429878168,,0.6026785714285714,3.013530135301353,2.22953216374269,3.3941450997030125,,
3013667,Stools [Appearance],Measurement,LOINC,Clinical Observation,9249-4,measurement,101129,8092,6.388757303015948,,25.62505809090064,1.3405354256199977,,,,,,,
3019800,Troponin T.cardiac [Mass/volume] in Serum or Plasma,Measurement,LOINC,Lab Test,6598-7,measurement,100890,35984,28.40991631138481,"µg/L, ug/L, µg/l, ng/l, ng/L, ng/ml",18.496142764197415,23.40417143082443,19.59776646736176,3.3705357142857144,,32.46984649122807,,47.265113844543315,33.370221327967805
21494972,Heart murmur assessment panel,Measurement,LOINC,Clinical Observation,80277-7,measurement,98983,15607,12.32196431391126,,,,,,,,87.8598702951694,,
2000000212,Inspiratory Pressure Measured,Measurement,ICUdata,Observable Entity,2000000212,measurement,98482,1565,1.2355913469129953,"cm H2O, cmH2O",,,0.06918021445866482,,,,,40.56529704265899,
1988731,Hemodialysis fluid removed [Volume],Measurement,LOINC,Clinical Observation,99739-5,measurement,98382,886,0.6995105005526606,ml,,,,,,,,,4.366197183098592
21490583,Compliance.static Lung,Measurement,LOINC,Clinical Observation,60828-1,measurement,97428,1721,1.3587557239854728,"ml/cmH2O, mL/cmH2O",4.637977507203272,,,,,,3.6850718225346992,,1.1820925553319919
21494992,Neurological assessment [Interpretation],Measurement,LOINC,Clinical Observation,80314-8,measurement,96284,12283,9.697615663982315,,,,,,,,68.61627977453179,,
2000001123,Total fluid input oral,Measurement,ICUdata,Observable Entity,2000001123,measurement,94570,6287,4.963682299068372,ml,57.95148247978437,,,,,,,,
21490695,Cerebral perfusion pressure,Measurement,LOINC,Clinical Observation,61017-0,measurement,94302,1354,1.069003631770093,"mmHg, mm Hg, ",,2.6613570949808776,0.9635815585314029,,,,1.5516091884356629,1.517927244176917,
3005772,Bilirubin.conjugated [Moles/volume] in Serum or Plasma,Measurement,LOINC,Lab Test,29760-6,measurement,93402,20442,16.139270487920417,"µmol/l, umol/L, µmol, x TOT, µmol/L",10.670136629798309,3.824468714268817,0.48426150121065376,3.6607142857142856,13.714637146371464,14.400584795321638,,19.706883014917562,49.92454728370221
3049178,Platelets Large/Platelets in Blood by Automated count,Measurement,LOINC,Lab Test,48386-7,measurement,92746,10700,8.447813042791726,"10*9/L, x10^9/l",97.43470582767915,,,,,,,,
3016948,Activated clotting time (ACT) of Blood by Coagulation assay,Measurement,LOINC,Lab Test,3184-9,measurement,90914,16734,13.211747986736144,"s, sec, ",1.877497908727577,,,2.2098214285714284,,1.6721491228070176,0.6970119401175828,,
3016771,Amylase [Enzymatic activity/volume] in Serum or Plasma,Measurement,LOINC,Lab Test,1798-8,measurement,86593,36135,28.52913311226907,"U/l, E/l, mg, U/L, U/L 37°C, FIP-E",44.836880750999164,30.631234475416946,39.897217967089986,,,15.026498538011696,,7.851347814708191,42.19818913480885
4158877,Visual analog scale,Measurement,SNOMED,Staging / Scales,273903006,measurement,86271,10492,8.283593873361756,"., ",,,11.306023620101794,,,,,,41.021126760563384
2000000119,intrathoracic blood volume by PiCCO,Measurement,ICUdata,Observable Entity,2000000119,measurement,86097,1457,1.150323701247434,ml,,,,,,3.4082602339181287,3.2365597915025153,,
2000000054,Return pressure CVVHD,Measurement,ICUdata,Observable Entity,2000000054,measurement,85958,745,0.5881888520448445,mmHg,3.5319267589924714,,,,,1.5442251461988303,,,
3046142,Model for end-stage liver disease score,Measurement,LOINC,Clinical Observation,44760-7,measurement,85653,17744,14.009158376756671,"punt(en), ",,,,0.08928571428571429,0.36900369003690037,77.41228070175438,,,
2000000049,Pre filter pressure CVVHD,Measurement,ICUdata,Observable Entity,2000000049,measurement,85422,735,0.5802936996684036,mmHg,3.4389813179663538,,,,,1.5442251461988303,,,
3043501,Temperature of Skin palpation,Measurement,LOINC,Clinical Observation,44968-6,measurement,85162,15829,12.497236696668246,,,,,4.776785714285714,0.18450184501845018,,87.89017516213104,,
2000000026,Calcium suppletion dose CVVHD,Measurement,ICUdata,Observable Entity,2000000026,measurement,83791,738,0.5826622453813358,", mmol/L (filtraat)",3.4389813179663538,,,,,1.5579312865497077,,,
21490564,Trapped lung volume --at end expiration,Measurement,LOINC,Clinical Observation,60801-8,measurement,83769,791,0.6245065529764724,ml,,,,,,3.5316154970760234,,,
3014308,Physical findings of Abdomen,Measurement,LOINC,Clinical Observation,8694-2,measurement,83447,15424,12.17748302542239,,,,,89.19642857142857,39.97539975399754,,58.82174677253167,,
3027273,Bicarbonate [Moles/volume] in Venous blood,Measurement,LOINC,Lab Test,14627-4,measurement,81087,27631,21.815095531343754,"mmol/L, mmol/l",10.46565665954085,33.99834404447424,0.1828334239264713,,,15.629568713450292,,55.037948181104426,
1616896,Coagulation [Score] SOFA,Measurement,LOINC,Clinical Observation,96824-8,measurement,77876,10743,8.481762198010422,,96.14276419741611,,,,,,,,
1616355,Renal [Score] SOFA,Measurement,LOINC,Clinical Observation,96828-9,measurement,77781,10742,8.480972682772778,,96.10558602100566,,,,,,,,
1617534,Cardiovascular [Score] SOFA,Measurement,LOINC,Clinical Observation,96826-3,measurement,77449,10740,8.479393652297489,,96.00334603587694,,,,,,,,
3021415,Left pupil Diameter Auto,Measurement,LOINC,Clinical Observation,8640-5,measurement,75032,4677,3.6925627664613927,,,4.498679178330639,,,,,,90.1596440722324,
3027214,Right pupil Diameter Auto,Measurement,LOINC,Clinical Observation,8642-1,measurement,74866,4617,3.6451918522027476,,,4.277885108228522,,,,,,90.08113059408532,
21492837,Skin assessment [Interpretation],Measurement,LOINC,Clinical Observation,80343-7,measurement,74822,5496,4.339175746091899,,15.298819592898969,,,,,,,,
3028277,Fluid output emesis,Measurement,LOINC,Clinical Observation,9137-1,measurement,74181,15879,12.53671245855045,"mL, ml",,,55.22063546968424,18.638392857142858,20.17220172201722,,,11.48913896885632,11.433601609657948
3016407,Fibrinogen [Mass/volume] in Platelet poor plasma by Coagulation assay,Measurement,LOINC,Lab Test,3255-7,measurement,73754,30839,24.347860413705984,"g/l, g, g/L",26.554512501161817,16.098253361195443,2.6881454761081187,10.870535714285714,73.00123001230013,65.11787280701755,,24.679403297566083,6.614688128772636
2000000980,Intensive Care Delirium Screening Checklist sleep/wake cycle score,Measurement,ICUdata,Observable Entity,2000000980,measurement,71289,10762,8.49676298752566,,,,,,,48.20906432748538,,,
3019591,Physical findings of Chest,Measurement,LOINC,Clinical Observation,11422-3,measurement,70449,14374,11.3484920258961,,,,,,,,80.58670222437723,,
3024354,Oxygen [Partial pressure] in Venous blood,Measurement,LOINC,Lab Test,2705-2,measurement,69323,23736,18.73993368072004,"kPa, mm Hg, mmHg",5.297890138488707,19.011946536293024,0.5287344962197954,35.223214285714285,,15.597587719298245,1.0243045033032305,54.8547500654279,
2000000979,Intensive Care Delirium Screening Checklist inattention score,Measurement,ICUdata,Observable Entity,2000000979,measurement,69133,10757,8.492815411337439,,,,,,,48.1953581871345,,,
2000000981,Intensive Care Delirium Screening Checklist agitation score,Measurement,ICUdata,Observable Entity,2000000981,measurement,68404,10716,8.460445286594032,,,,,,,47.994334795321635,,,
2000000982,Intensive Care Delirium Screening Checklist disorentation score,Measurement,ICUdata,Observable Entity,2000000982,measurement,68152,10711,8.456497710405811,,,,,,,47.97605994152047,,,
2000000983,Intensive Care Delirium Screening Checklist hallucinations score,Measurement,ICUdata,Observable Entity,2000000983,measurement,68022,10719,8.462813832306963,,,,,,,48.00347222222222,,,
2000000984,Intensive Care Delirium Screening Checklist speech/mood score,Measurement,ICUdata,Observable Entity,2000000984,measurement,68022,10722,8.465182378019895,,,,,,,48.01260964912281,,,
3013115,Eosinophils [#/volume] in Blood,Measurement,LOINC,Lab Test,26449-9,measurement,65978,33880,26.748776251381653,"10E9/L, x10^9/L, x10e9/L, x10^9/l, 10^9/L, 10^9/l, 10*9/L, %, /nL",48.14573845152895,21.763986910065842,0.10377032168799723,25.959821428571427,25.338253382533825,3.883406432748538,,4.684637529442554,17.122736418511067
2000000431,Pacemaker frequency,Measurement,ICUdata,Observable Entity,2000000431,measurement,65317,12420,9.805779251539555,"bpm, /min",41.81615391765034,,11.730987794633592,,,21.32675438596491,,,
3038077,Color of Cerebral spinal fluid,Measurement,LOINC,Lab Test,10335-8,measurement,64881,1897,1.4977104058108321,,,2.2828529748058193,,,,0.5254020467836257,3.945693678404752,,
3019198,Lymphocytes [#/volume] in Blood,Measurement,LOINC,Lab Test,26474-7,measurement,63223,31208,24.639191536396652,"x10e9/L, x10^9/l, 10E9/L, x10^9/L, 10*9/L, 10^9/l",49.697927316665115,26.309979103418364,0.11365320946780649,25.625,25.338253382533825,,,4.658466370060194,19.673038229376257
3046040,Inspiratory.pause setting [Time] Ventilator,Measurement,LOINC,Clinical Observation,33426-8,measurement,63201,5069,4.002052739617874,"%, s",,,,,,22.98062865497076,,,
21491186,Endotracheal tube Diameter,Measurement,LOINC,Clinical Observation,79562-5,measurement,63045,45488,35.91346912995421,,,3.907266490557111,,,,,2.588035638523547,9.107563465061503,64.41649899396378
36032397,Sleep quality - 1-5 numeric rating [Score] 24 hour,Measurement,LOINC,Clinical Observation,95607-8,measurement,62722,7435,5.870045791883784,,,,,,,,42.33589914540275,,
3024889,Methemoglobin/Hemoglobin.total in Venous blood,Measurement,LOINC,Lab Test,2617-9,measurement,61193,21422,16.912995420811622,%,2.47234873129473,51.75649568268738,,,,,,,
3004654,Transfusion volume,Measurement,LOINC,Lab Test,1322-7,measurement,59762,10287,8.121743249644718,", mL",,19.682214249103023,,,,,,24.99345721015441,
2000000516,Central venous catheter type,Measurement,ICUdata,Observable Entity,2000000516,measurement,59018,19919,15.72635401863256,,0.7807417046193884,,5.821020902307654,,,,0.9697557427722893,,
3012544,pH of Venous blood,Measurement,LOINC,Lab Test,2746-6,measurement,57497,22189,17.518553608084638,"[pH], ., Geen, ",10.56789664466958,34.83815006111264,,,,,,55.037948181104426,
2000000237,Vent mechanics plateau airway pressure static measurement,Measurement,ICUdata,Observable Entity,2000000237,measurement,57445,2021,1.5956102952786988,cm H2O,,,,,,,,52.86574195236849,
2000000006,Delirium observation screening day,Measurement,ICUdata,Observable Entity,2000000006,measurement,57002,10755,8.491236380862151,,,10.96873398257304,,0.9598214285714286,21.217712177121772,,,,
2000000478,Wound drain placement,Measurement,ICUdata,Observable Entity,2000000478,measurement,56610,6308,4.980262119058898,,,,,,,,0.01818292017698042,46.87254645380791,
2000000012,Behavioural Pain Scale,Measurement,ICUdata,Observable Entity,2000000012,measurement,56329,6473,5.110532133270172,", Geen, x",,,,,,1.3020833333333333,,47.867050510337606,21.87122736418511
3005755,Alanine aminotransferase [Enzymatic activity/volume] in Serum or Plasma by With P-5'-P,Measurement,LOINC,Lab Test,1743-4,measurement,55344,13654,10.780041054792358,"U/L, U/l",93.67041546612138,,,11.875,76.01476014760148,,,,
37174480,Severe acute respiratory syndrome coronavirus 2 vaccination status,Measurement,SNOMED,Observable Entity,591201000124109,measurement,55283,3143,2.4814463919153638,,,,,,,14.181286549707602,,,
3030081,Atrial natriuretic factor [Moles/volume] in Plasma,Measurement,LOINC,Lab Test,33783-2,measurement,54568,10449,8.24964471814306,"mmol/L, mmol/l",96.65396412305977,,,,,,,,
2000000001,Apache IV predicted mortality probability,Measurement,ICUdata,Observable Entity,2000000001,measurement,54561,15729,12.418285172903838,"%, ",82.83297704247606,,,95.82589285714286,93.78843788437884,,,,
2000000035,Dialysate flow (unspecified),Measurement,ICUdata,Observable Entity,2000000035,measurement,54530,552,0.4358124111795358,"ml/uur, ml/u, ml/min.",,,,0.7589285714285714,2.1525215252152523,,1.9395114855445785,,
40770325,Vendor device model type,Measurement,LOINC,Clinical Observation,67715-3,measurement,54339,13016,10.27633033317543,,,,,,,44.79623538011696,,,
42869591,Oxyhemoglobin/Hemoglobin.total [Pure mass fraction] in Venous blood,Measurement,LOINC,Lab Test,71836-1,measurement,53775,15715,12.40723195957682,"%, ",,51.8274652052202,,,,,,,
3021447,Carbon dioxide [Partial pressure] in Venous blood,Measurement,LOINC,Lab Test,2021-4,measurement,53440,18081,14.275225011842728,"mmHg, kPa, mm Hg",10.62366390928525,17.801521901983204,,35.267857142857146,,,1.0243045033032305,55.037948181104426,
3001604,Monocytes [#/volume] in Blood,Measurement,LOINC,Lab Test,26484-6,measurement,53166,28199,22.263540186325596,"10^9/l, 10*9/L, 10E9/L, x10^9/L, x10e9/L, x10^9/l, /nL, Geen",49.66074914025467,21.618105113748374,0.16800909225675742,2.0535714285714284,,,,4.7108086888249145,19.637826961770624
1002216,Hemoglobin [Moles/volume] in Venous blood,Measurement,LOINC,Lab Test,93846-4,measurement,52478,15388,12.149060476867204,mmol/L,,51.83535070772385,,,,,,,
2000000421,Pacemaker ventricle sensing,Measurement,ICUdata,Observable Entity,2000000421,measurement,52108,6513,5.142112742775936,", mA, mV",,6.1388636990892245,,,,22.062317251461987,,,
2000000055,Substitution anticoagulants CVVH,Measurement,ICUdata,Observable Entity,2000000055,measurement,51898,1388,1.0958471498499922,", ml/uur",,,,,,,1.9334505121522516,,4.49195171026157
21492642,Body weight --used for drug calculation,Measurement,LOINC,Clinical Observation,79348-9,measurement,51809,22678,17.904626559292595,"kg, ",,,,,,99.2781432748538,2.394084489969089,,
3029790,Creatine kinase.MB [Enzymatic activity/volume] in Serum or Plasma,Measurement,LOINC,Lab Test,32673-6,measurement,51808,9842,7.7704089688931,"IE/l, E/l, µg/L",,35.275795450065054,,,,,,,2.7012072434607646
2000000604,Physical restraint description,Measurement,ICUdata,Observable Entity,2000000604,measurement,49992,4925,3.888362545397126,,3.318152244632401,,,,,19.211440058479532,,,
2000000432,Pacemaker ventricle output amplitude,Measurement,ICUdata,Observable Entity,2000000432,measurement,49444,10672,8.425706616137692,mA,22.455618551910028,,15.886742106043386,,,21.1531432748538,,,
1988610,Blood flow rate Renal replacement therapy circuit,Measurement,LOINC,Clinical Observation,99711-4,measurement,48269,490,0.3868624664456024,ml/min,,,,,,,1.9758773258985394,,
1988543,Pre-filter replacement fluid rate Renal replacement therapy circuit,Measurement,LOINC,Clinical Observation,99714-8,measurement,47911,487,0.38449392073267014,ml/uur,,,,,,,1.9698163525062125,,
1989384,Post-filter replacement fluid rate Renal replacement therapy circuit,Measurement,LOINC,Clinical Observation,99713-0,measurement,47870,485,0.38291489025738196,ml/uur,,,,,,,1.9758773258985394,,
43055265,Wound type,Measurement,LOINC,Clinical Observation,72300-7,measurement,46163,2116,1.6706142428548871,,,,,,,9.073464912280702,,,
2000000115,picco_global_ejection_fraction,Measurement,ICUdata,Observable Entity,2000000115,measurement,46084,2275,1.7961471656402968,"Geen, %",10.688725718003532,3.3552813153018177,0.8845184562929288,0.33482142857142855,1.845018450184502,,,,0.22635814889336017
2000000318,decubitus score - nose,Measurement,ICUdata,Observable Entity,2000000318,measurement,43280,9868,7.790936365071846,,91.29101217585277,,,,,,,,
2000000495,External ventricular drain cm above Monroe,Measurement,ICUdata,Observable Entity,2000000495,measurement,43012,659,0.520290541607453,cm,,,0.6077975984582695,,,,2.7577428935086976,,
2000000944,Dialysate temperature setting,Measurement,ICUdata,Observable Entity,2000000944,measurement,42920,363,0.28659403126480343,°C,,,,,,1.5442251461988303,,,
2000000236,Vent mechanics mechanical power,Measurement,ICUdata,Observable Entity,2000000236,measurement,42113,2477,1.9556292436444023,"J/Min, Watt",,,,,,,13.04321474028729,0.10468463752944256,
3008037,Lactate [Moles/volume] in Venous blood,Measurement,LOINC,Lab Test,2519-7,measurement,41997,18344,14.482867519343124,"mmol/L, mmol/l",12.659169067757226,30.374955644048416,,,,,,,
2000000188,bipap high pressure,Measurement,ICUdata,Observable Entity,2000000188,measurement,41392,2243,1.770882678035686,mbar,,,,,,7.771381578947368,,,1.800804828973843
2000000915,Inhaled oxygen flow rate --on high flow,Measurement,ICUdata,Observable Entity,2000000915,measurement,41021,1685,1.3303331754302858,"l/min, , L/min",1.1804071010316943,,,,,5.2037646198830405,,,
4089233,Consistency of sputum,Measurement,SNOMED,Observable Entity,248603002,measurement,39490,3309,2.6125059213642823,,19.45348080676643,,,,,,,,
1988683,Continuous renal replacement therapy fluid removal goal [Volume] 1 hour,Measurement,LOINC,Clinical Observation,99709-8,measurement,39480,464,0.36633507026685613,ml/uur,,,,,,,1.8546578580520032,,
2000000599,Reason for physical restraint,Measurement,ICUdata,Observable Entity,2000000599,measurement,39174,4271,3.3720195799778936,,,,,,,19.211440058479532,,,
2000000102,ECMO pressure arterial,Measurement,ICUdata,Observable Entity,2000000102,measurement,38812,387,0.30554239696826146,"mm Hg, mmHg",,1.1867681267988803,,,,,,2.1460350693535726,0.01006036217303823
2000000105,ECMO type,Measurement,ICUdata,Observable Entity,2000000105,measurement,38519,435,0.34343912837517765,,,1.0645428379923512,,,,,0.315170616400994,2.093692750588851,0.015090543259557344
2000000088,Fluid output CVVH dialysis,Measurement,ICUdata,Observable Entity,2000000088,measurement,38013,269,0.21237959892625927,"mL/uur, ml",,,,1.5848214285714286,2.706027060270603,,,4.030358544883538,
3041354,Potassium [Moles/volume] in Venous blood,Measurement,LOINC,Lab Test,39789-3,measurement,37533,12359,9.757618822043266,mmol/L,,35.00768836494105,,,,,,,
3017732,Neutrophils [#/volume] in Blood,Measurement,LOINC,Lab Test,26499-4,measurement,37185,20389,16.09742618032528,"x10e9/L, x10^9/l, 10^9/L, 10^9/l, 10E9/L",,21.555021093719198,,,,0.758406432748538,,,14.451710261569417
3038515,Glucose [Moles/volume] in Venous blood,Measurement,LOINC,Lab Test,39480-9,measurement,37130,12264,9.682614874467077,mmol/L,,35.133856404999406,,,,,,,
2000000224,nava edi peak,Measurement,ICUdata,Observable Entity,2000000224,measurement,37061,248,0.19579977893573347,"uV, µV",1.3477088948787062,,,,,,,,0.5030181086519114
21490847,Respiratory rate by Carbon dioxide measurement,Measurement,LOINC,Clinical Observation,76172-6,measurement,36909,11769,9.291804831833254,/min,,,,,,6.953581871345029,,,
3003693,Protein intake Estimated,Measurement,LOINC,Clinical Observation,9079-5,measurement,36526,7309,5.770566871940629,,,,,,,,16.413115946420994,,
2000000312,decubitus score - tail bone,Measurement,ICUdata,Observable Entity,2000000312,measurement,36344,5763,4.549976314542871,,,,27.35089193062213,,,,,,
3007876,Appearance of Urine,Measurement,LOINC,Lab Test,5767-9,measurement,35570,5285,4.172588030948997,,,,,,,22.40497076023392,,,
2000000317,decubitus score - ear left,Measurement,ICUdata,Observable Entity,2000000317,measurement,35365,5595,4.417337754618664,,,,26.535553688787864,,,,,,
2000000223,nava edi min,Measurement,ICUdata,Observable Entity,2000000223,measurement,34931,243,0.19185220274751302,"µV, uV",1.357003438981318,,,,,,,,0.47283702213279677
3023725,Urinary bladder Volume by derived by EMP (US),Measurement,LOINC,Clinical Observation,15321-3,measurement,34912,8566,6.762987525659245,"ML, mL, ml",,,,,,,5.988241711618886,,
3025965,Pulse intensity by palpation,Measurement,LOINC,Clinical Observation,8865-8,measurement,34693,3749,2.9598926259276803,,,,,,,,14.134189950906116,,
3002032,Base excess in Venous blood by calculation,Measurement,LOINC,Lab Test,1927-3,measurement,34599,16107,12.716721932733302,"mmol/l, mmol/L",10.409889394925179,17.67535386192485,0.17789198003656667,,,,,54.8547500654279,
3006315,Basophils [#/volume] in Blood,Measurement,LOINC,Lab Test,26444-0,measurement,34353,22544,17.79883151744829,"10^9/l, 10E9/L, x10^9/L, x10e9/L, 10^9/L",,21.61416236249655,0.11365320946780649,,,3.8422880116959064,,4.684637529442554,19.637826961770624
3023081,Carboxyhemoglobin/Hemoglobin.total in Blood,Measurement,LOINC,Lab Test,20563-3,measurement,34105,6157,4.861045318174641,%,0.5204944697462589,3.7850412017505817,,34.97767857142857,,8.34703947368421,,0.7327924627060979,
3041473,Sodium [Moles/volume] in Venous blood,Measurement,LOINC,Lab Test,39791-9,measurement,33687,11811,9.324964471814306,mmol/L,,32.92197295272641,,,,,,,
2000000916,Oxygen/Inspired gas Respiratory system --on high flow,Measurement,ICUdata,Observable Entity,2000000916,measurement,33254,1154,0.9111005842412758,%,,,,,,5.075840643274854,,,
1989128,Pacemaker Atrial sensitivity setting,Measurement,LOINC,Clinical Observation,99677-7,measurement,33236,6947,5.484762355913469,"mA, mV",38.76754345199368,,,,,8.470394736842104,4.679071458876296,,
3026549,Glasgow coma score motor at First encounter,Measurement,LOINC,Clinical Observation,11325-8,measurement,33051,7076,5.5866098215695565,,,,,,,2.846308479532164,,,31.222334004024145
3015183,Erythrocyte sedimentation rate [Velocity] in Red Blood Cells,Measurement,LOINC,Lab Test,30341-2,measurement,32807,24670,19.477340912679615,"mm/U, mm na 1 uur, mm, mm/1e uur, mm/uur, mm/h",0.1394181615391765,0.8358632653865867,,,,0.42489035087719296,,0.6281078251766553,18.36016096579477
3029187,Natriuretic peptide.B prohormone N-Terminal [Mass/volume] in Serum or Plasma,Measurement,LOINC,Lab Test,33762-6,measurement,31699,14875,11.744039159955786,"ng/l, ng/L, pg/mL, pmol/l",0.10223998512872944,28.103930922998067,,,,1.3751827485380117,,3.349908400942162,17.38933601609658
3013144,Glasgow coma score verbal at First encounter,Measurement,LOINC,Clinical Observation,11326-6,measurement,31688,6438,5.082899099952629,,,,,,,,,,31.222334004024145
1989569,Pacemaker Ventricular sensitivity setting,Measurement,LOINC,Clinical Observation,99691-8,measurement,31626,6693,5.284225485551871,", mV",15.735663165721721,,,,,22.14455409356725,,,
3026019,Glasgow coma score eye opening at First encounter,Measurement,LOINC,Clinical Observation,11324-1,measurement,31578,6438,5.082899099952629,,,,,,,,,,31.222334004024145
2000000496,Chest tube placement,Measurement,ICUdata,Observable Entity,2000000496,measurement,31006,15941,12.585662403284383,,0.009294544102611766,0.13799629381382328,,,,,,0.5495943470295734,
3035285,Chloride [Moles/volume] in Venous blood,Measurement,LOINC,Lab Test,41649-5,measurement,30604,11309,8.928627822516974,mmol/L,,30.710089500453417,,,,,,,
2000000911,Tracheostomy care type,Measurement,ICUdata,Observable Entity,2000000911,measurement,29894,1165,0.9197852518553609,,,4.37645388952411,,,,,,,
2000000060,Transmembrane pressure CVVHD,Measurement,ICUdata,Observable Entity,2000000060,measurement,29383,253,0.1997473551239539,mmHg,,,,,,1.0782163742690059,,,
3003377,Respiration pause setting [Time] Ventilator,Measurement,LOINC,Clinical Observation,20086-5,measurement,29241,6703,5.292120637928312,,,25.91176122698419,,,,,,,
3043995,Bilirubin.conjugated+indirect [Moles/volume] in Serum or Plasma,Measurement,LOINC,Lab Test,33899-6,measurement,29110,8618,6.804042318016737,"µmol, µmol/L",,24.0862673973899,,,,,,,1.5744466800804828
2000000124,Cardiac function index by PiCCO,Measurement,ICUdata,Observable Entity,2000000124,measurement,28390,1390,1.0974261803252803,"l/min/m2, /min",10.716609350311368,,1.161239314127588,,,,,,0.005030181086519115
3013429,Basophils [#/volume] in Blood by Automated count,Measurement,LOINC,Lab Test,704-7,measurement,27861,10432,8.236222959103111,"10*9/L, x10^9/l, x10^9/L, /nL",49.725810948972956,,,25.959821428571427,25.338253382533825,,,,
2000000443,Erythroblasts [#/volume] in blood,Measurement,ICUdata,Observable Entity,2000000443,measurement,27704,5384,4.250750039475762,"/nL, x10^9/l, 10E9/L, x10^9/L, 10^9/L, ., /100Leuc, 10*9/L",3.5598103913003065,9.478374009383748,0.03459010722933241,0.8705357142857143,,3.8788377192982457,,12.457471866003663,
2000000225,nava edi trigger,Measurement,ICUdata,Observable Entity,2000000225,measurement,27627,489,0.3860729512079583,"., uV, µV, ",1.1060507482108002,,0.5979147106784602,,,,0.6788290199406024,,0.29678068410462777
2000000112,Left Ventricular Assist Device Flow,Measurement,ICUdata,Observable Entity,2000000112,measurement,27614,225,0.17764092846991947,"l/min, L/min",,,0.5732074912289371,,,,,2.826485213294949,
2000000010,Early warning score,Measurement,ICUdata,Observable Entity,2000000010,measurement,27354,4258,3.3617558818885205,,,,,61.495535714285715,88.00738007380073,,,,
3024128,Bilirubin.total [Mass/volume] in Serum or Plasma,Measurement,LOINC,Lab Test,1975-2,measurement,26976,9658,7.625138165166588,"µmol, umol/L",2.305046937447718,,41.572367445767654,,,,,,
3030687,Bacterial susceptibility panel by Minimum inhibitory concentration (MIC),Measurement,LOINC,Lab Test,50545-3,measurement,26442,4104,3.2401705352913313,,,12.309269408193037,,,,,,,
3041455,Color of Wound base,Measurement,LOINC,Clinical Observation,39132-6,measurement,26342,3266,2.578556766145587,,,,,,,,13.388690223649919,,
2000000108,PICCO - Globel End diastolic volume,Measurement,ICUdata,Observable Entity,2000000108,measurement,26053,891,0.7034580767408811,ml,,3.327682056539053,,,,,,,0.22132796780684105
2000000408,Atrial pacemaker - set amplitude,Measurement,ICUdata,Observable Entity,2000000408,measurement,25757,5193,4.099952629085742,"mA, milliamps",41.100474021749235,2.633757836218113,,,,,,,
3007733,Chloride [Moles/volume] in Urine,Measurement,LOINC,Lab Test,2078-4,measurement,25383,3598,2.8406758250434234,"mmol/L, mmol/24uur, mol/l, mmol/l",,,0.01976577555961852,37.94642857142857,73.43173431734317,0.6944444444444444,,0.49725202826485215,0.6438631790744467
3051714,Fibrin D-dimer FEU [Mass/volume] in Platelet poor plasma,Measurement,LOINC,Lab Test,48065-7,measurement,25222,9612,7.58882046423496,"mg/l, ug/L, mg/L, ng/mL, µg/ml",0.9759271307742355,7.392658597169104,,3.3035714285714284,,15.16812865497076,,3.768646951059932,1.5191146881287727
3005715,Vancomycin [Mass/volume] in Serum or Plasma,Measurement,LOINC,Lab Test,20578-1,measurement,24874,5034,3.9744197063003317,"mg/L, mg/l, ",1.3662979830839297,6.702677128099988,,0.5803571428571429,,5.90734649122807,,6.307249411148914,4.476861167002012
2000000191,bipap low pressure,Measurement,ICUdata,Observable Entity,2000000191,measurement,24608,576,0.4547607768829938,"cmH2O, mbar",0.4740217492332001,,,,,,,,1.7806841046277666
3007955,Atmospheric pressure,Measurement,LOINC,Clinical Observation,20053-5,measurement,24398,610,0.4816042949628928,atm,,,,,,2.7640716374269005,,,
3015511,Apache III score,Measurement,LOINC,Clinical Observation,9265-0,measurement,24312,20937,16.53008053055424,,,82.07625280921026,,,,,,,
21490874,Pulmonary artery Blood pressure,Measurement,LOINC,Clinical Observation,76284-9,measurement,24223,3671,2.8983104373914417,"mmHg, ",2.351519657960777,0.4731301502188227,,0.15625,,,0.30304866961634036,,
3042812,Nitrite [Presence] in Urine,Measurement,LOINC,Lab Test,32710-6,measurement,23835,15824,12.493289120480025,"., ",1.8682033646249652,3.264598036509877,,,,2.270650584795322,,,
3013395,Right ventricular Ejection fraction,Measurement,LOINC,Clinical Observation,10231-9,measurement,23410,507,0.40028422548555187,", %",,,,0.08928571428571429,,2.2934941520467835,,,
3027270,Segmented neutrophils [#/volume] in Blood by Manual count,Measurement,LOINC,Lab Test,768-2,measurement,23188,8601,6.790620558976788,"Geen, 10*9/L, x10^9/l, /nL",49.71651640487034,,0.054355882788950934,2.0535714285714284,,,,,
2000000402,Intra-Aortic Balloon Pump Augmentation,Measurement,ICUdata,Observable Entity,2000000402,measurement,23141,474,0.37423022264329703,"mmHg, mm Hg",0.9387489543637885,,,,,1.5305190058479532,,0.7327924627060979,
3001719,Right ventricular End-diastolic volume by Imaging,Measurement,LOINC,Clinical Observation,8822-9,measurement,23008,489,0.3860729512079583,ml,,,,,,2.2341008771929824,,,
2000000364,fluid output - ileostoma,Measurement,ICUdata,Observable Entity,2000000364,measurement,22860,699,0.5518711511132165,ml,,,1.694915254237288,,,1.4619883040935673,,,
2000000250,Ventilation mode Ventilator noninvasive,Measurement,ICUdata,Observable Entity,2000000250,measurement,22677,1835,1.4487604610768987,,,2.3814217561014077,,,,,,,6.006036217303823
2000000335,restrictive policy order cpr for asystole,Measurement,ICUdata,Observable Entity,2000000335,measurement,22179,11137,8.792831201642192,,,,44.13697682462816,,,,,,10.508048289738431
3027929,Blood product unit ID [#],Measurement,LOINC,Lab Test,934-0,measurement,22166,4320,3.4107058266224537,,18.960869969328005,,,,,,,,
3023314,Hematocrit [Volume Fraction] of Blood by Automated count,Measurement,LOINC,Lab Test,4544-3,measurement,22096,3387,2.674088109900521,L/L,,,,38.30357142857143,88.25338253382535,,,,
2000000330,restrictive policy order vasoactive medication,Measurement,ICUdata,Observable Entity,2000000330,measurement,22010,10906,8.610453181746408,,,,44.13697682462816,,,,,,9.356136820925553
2000000341,restrictive policy order defibrilation,Measurement,ICUdata,Observable Entity,2000000341,measurement,21970,10906,8.610453181746408,,,,44.13697682462816,,,,,8.793509552473175,7.650905432595573
2000000339,Weight source,Measurement,ICUdata,Observable Entity,2000000339,measurement,21844,8215,6.485867677246171,,,,,,,,20.46790714588763,,
2000000357,fluid output - dialysis,Measurement,ICUdata,Observable Entity,2000000357,measurement,21793,172,0.1357966208747829,"mL, ",0.5111999256436471,,,,,,,,
3013308,Fluid intake Measured,Measurement,LOINC,Clinical Observation,8985-4,measurement,21770,2378,1.8774672351176378,", ml",,,,17.410714285714285,25.707257072570727,,1.6788896296745257,,
3009201,Thyrotropin [Units/volume] in Serum or Plasma,Measurement,LOINC,Lab Test,3016-3,measurement,21366,17265,13.630980577925154,"mIU/L, m[IU]/L, mE/L, nmol/l, mE/l, mU/l, mU/L",1.6079561297518357,4.498679178330639,,,,2.0285087719298245,,3.2190526040303586,19.421529175050303
3023599,MCV [Entitic mean volume] in Red Blood Cells by Automated count,Measurement,LOINC,Lab Test,787-2,measurement,21018,6296,4.970787936207169,"fl, fL",4.963286550794684,,,0.7366071428571429,88.25338253382535,,,,
2000000909,Tracheostomy cuff status,Measurement,ICUdata,Observable Entity,2000000909,measurement,20996,9216,7.276172430127901,,5.167766521052142,0.2838780901312936,0.46449572565103525,,,,,,
21491173,Urine output measured by nephrostomy,Measurement,LOINC,Clinical Observation,79549-2,measurement,20283,223,0.1760618979946313,ml,,,0.6769778129169344,,,,,,0.4074446680080483
3020063,"Urinary bladder Volume by derived from height, width and length (US)",Measurement,LOINC,Clinical Observation,15309-8,measurement,20197,5581,4.406284541291647,mL,6.143693651826378,,,,,,,,
2000000110,Intrathoracic Blood Volume - PICCO,Measurement,ICUdata,Observable Entity,2000000110,measurement,20037,750,0.5921364282330649,ml,,2.945235185112171,,,,,,,
40769783,Troponin T.cardiac [Mass/volume] in Serum or Plasma by High sensitivity method,Measurement,LOINC,Lab Test,67151-1,measurement,19859,5408,4.26969840517922,ng/L,,16.89074636281197,,,,,,,
1092408,Deprecated Base excess in Blood,Measurement,LOINC,Lab Test,104764-6,measurement,19482,5954,4.700773724932891,"mmol/l, mmol/L",0.957338042569012,,,,,15.60672514619883,,,
3003694,ABO and Rh group [Type] in Blood,Measurement,LOINC,Lab Test,882-1,measurement,19410,6122,4.833412284857098,,19.109582674969793,,,8.861607142857142,,,,,
3024929,Platelets [#/volume] in Blood by Automated count,Measurement,LOINC,Lab Test,777-3,measurement,19319,3345,2.6409284699194693,x10^9/L,,,,37.767857142857146,86.65436654366543,,,,
2000000013,Pain score (unspecified),Measurement,ICUdata,Observable Entity,2000000013,measurement,19115,1959,1.5466603505447656,,,,,0.9821428571428571,2.2140221402214024,,0.03030486696163404,47.97173514786705,
21490879,Ventilator airway circuit leakage volume,Measurement,LOINC,Clinical Observation,76296-3,measurement,18060,914,0.7216169272066951,ml/min,,,,,,,3.218376871325535,,
3007612,Type of Urine tube,Measurement,LOINC,Clinical Observation,9196-7,measurement,18010,13286,10.489499447339334,,,,,,,,0.3394145099703012,,
2000000393,pacemaker ventricular sensitivity threshold,Measurement,ICUdata,Observable Entity,2000000393,measurement,17819,6854,5.411337438812569,"mV, , Geen",14.490194255971744,5.6736190513740485,3.206997084548105,,,,13.334141463118977,14.289453022768908,
2000000924,Fluid intake transfusion,Measurement,ICUdata,Observable Entity,2000000924,measurement,17790,3701,2.9219958945207645,,19.750906218050005,,,,,,,,
3034030,Carboxyhemoglobin/Hemoglobin.total in Mixed venous blood,Measurement,LOINC,Lab Test,41648-7,measurement,17718,9447,7.458550450023686,%,2.444465098986895,12.226471631904744,,,,,,,
3003181,Sodium [Moles/volume] in Urine,Measurement,LOINC,Lab Test,2955-3,measurement,17679,8568,6.764566556134533,"mmol/L, mmol/l, mmol/vzm",0.018589088205223533,8.153609588771044,0.7708652468251223,,,2.3163377192982457,,6.464276367443078,11.76559356136821
3033543,Specific gravity of Urine,Measurement,LOINC,Lab Test,2965-2,measurement,17277,11519,9.094426022422233,"g/ml, g/mL, kg/L, g/l, ",,2.7599258762764656,,,,1.6995614035087718,,0.6019366657942947,0.04024144869215292
3032080,INR in Blood by Coagulation assay,Measurement,LOINC,Lab Test,34714-6,measurement,17142,4768,3.7644086530870045,"ratio, INR",25.225392694488335,,,,,,,,
3008486,Thyroxine (T4) free [Moles/volume] in Serum or Plasma,Measurement,LOINC,Lab Test,14920-3,measurement,17095,13928,10.996368229906837,"pmol/L, nmol/L, nmol/l, pmol/l",1.0223998512872943,2.8584946575720536,,0.8035714285714286,,1.539656432748538,,2.407746663177179,18.958752515090545
3009508,Creatinine [Moles/volume] in Urine,Measurement,LOINC,Lab Test,14683-7,measurement,17038,7479,5.904784462340123,"mmol/L, mmol/l, mmol/vzm",0.13012361743656473,5.200488901155226,0.5188516084399861,0.78125,26.137761377613778,2.5584795321637426,,16.33080345459304,6.861167002012072
2000000923,Pulmonary vascular permeability index,Measurement,ICUdata,Observable Entity,2000000923,measurement,16506,1155,0.91189009947892,,10.725903894413978,,,,,,,,
2000000226,nava level,Measurement,ICUdata,Observable Entity,2000000226,measurement,16408,289,0.228169903679141,"., cmH2O/µV, cmH2O/uV",1.1060507482108002,,0.4990858328803676,,,,,,0.3319919517102616
3033794,Temperature setting Humidifier,Measurement,LOINC,Clinical Observation,20098-0,measurement,16347,664,0.5242381177956734,°C,,,,,,2.978801169590643,,,
3045414,Leukocytes [Presence] in Urine,Measurement,LOINC,Lab Test,33052-2,measurement,16148,6817,5.382125375019738,"aantal/uL, ",,5.9417261364980485,,,,,,,
44816680,Pulse intensity Dorsal pedal artery - right by palpation,Measurement,LOINC,Clinical Observation,74782-4,measurement,16136,6457,5.097899889467866,,,,,52.16517857142857,6.150061500615006,3.9473684210526314,,,
3044630,ABO and Rh group panel - Blood,Measurement,LOINC,Lab Test,34530-6,measurement,16054,7656,6.0445286594031264,.,12.324565480063203,,,,,,,,
3019900,Cholesterol [Moles/volume] in Serum or Plasma,Measurement,LOINC,Lab Test,14647-2,measurement,15914,11833,9.342333807042476,"mmol/L, mmol/l",0.31601449948880006,1.080313842999645,,25.491071428571427,7.072570725707257,1.2609649122807018,,1.1777021722062286,4.959758551307847
3015736,pH of Urine,Measurement,LOINC,Lab Test,2756-5,measurement,15834,10816,8.53939681035844,"., , Geen",0.9108653220559532,2.8190671450538187,,1.2723214285714286,,,0.01818292017698042,4.449097095001308,7.122736418511066
3019743,Pulse intensity Dorsal pedal artery - left by palpation,Measurement,LOINC,Clinical Observation,8902-9,measurement,15641,6394,5.048160429496289,,0.009294544102611766,,,51.049107142857146,6.088560885608856,3.8971125730994154,,,
3017835,Volume of 4 hour Urine,Measurement,LOINC,Lab Test,18352-5,measurement,15386,3648,2.880151586925628,,,,,61.026785714285715,51.968019680196804,,,,
2000000101,ECMO FiO2,Measurement,ICUdata,Observable Entity,2000000101,measurement,15237,183,0.14448128848886785,"%, Geen, .",,,0.0494144388990463,,,,0.3394145099703012,2.093692750588851,0.01006036217303823
3034488,Physical findings of Motor function,Measurement,LOINC,Clinical Observation,32452-5,measurement,15179,874,0.6900363177009317,,3.2159122595036713,,,,,,,,
3020650,Glucose [Presence] in Urine,Measurement,LOINC,Lab Test,2349-9,measurement,15086,9242,7.296699826306647,,,6.785474904388282,,,,,,,
3019286,Body position head tilt angle,Measurement,LOINC,Clinical Observation,8360-0,measurement,14797,448,0.35370282646455076,,,,,,,,1.3152312261349173,,
3000569,Left ventricular Cardiac index by Indicator dilution,Measurement,LOINC,Clinical Observation,8751-0,measurement,14677,1293,1.0208432022738039,L/min/m2,,,,,,,6.824656039759986,,
3025839,Triglyceride [Moles/volume] in Serum or Plasma,Measurement,LOINC,Lab Test,14927-8,measurement,14581,9650,7.618822043265435,"mmol/l, mmol/L",,1.683554784528644,,25.491071428571427,58.97908979089791,1.6173245614035088,,3.69013347291285,2.0372233400402413
3019069,Monocytes/Leukocytes in Blood,Measurement,LOINC,Lab Test,26485-3,measurement,14580,8772,6.925627664613927,"Geen, %",,1.6796120332768205,,0.11160714285714286,11.07011070110701,9.233369883040936,,,5.79476861167002
3001501,Glucose [Moles/volume] in Capillary blood by Glucometer,Measurement,LOINC,Lab Test,14743-9,measurement,14388,967,0.7634612348018317,mmol/L,,,,15.379464285714286,,,,,
3020630,Protein [Mass/volume] in Serum or Plasma,Measurement,LOINC,Lab Test,2885-2,measurement,14343,10975,8.66492973314385,"g/l, g/L",0.9294544102611767,2.8032961400465246,0.20259919948608984,1.2276785714285714,,7.780519005847953,,3.637791154148129,7.525150905432596
3002030,Lymphocytes/Leukocytes in Blood,Measurement,LOINC,Lab Test,26478-8,measurement,14274,8591,6.782725406600347,"%, Geen",,1.691440287032291,0.02470721944952315,,,9.233369883040936,,,5.8199195171026155
3022113,Urinalysis microscopic panel - Urine sediment,Measurement,LOINC,Lab Test,24365-9,measurement,14226,8702,6.870361597978841,,,7.025982730749517,,,,,,,
21493512,Coagulation factor X activated inhibitor [Mass/volume] in Platelet poor plasma,Measurement,LOINC,Lab Test,80627-3,measurement,14215,1153,0.9103110690036318,"U/mL, kU/L, IE/ml, IU/mL",,2.6771280999881717,0.7609823590453131,0.3794642857142857,,,,,0.45271629778672035
3004905,Lipase [Enzymatic activity/volume] in Serum or Plasma,Measurement,LOINC,Lab Test,3040-3,measurement,14114,9421,7.4380230538449394,"U/l, U/L, E/l",0.5204944697462589,2.3341087410795254,0.25695508227504077,9.799107142857142,59.96309963099631,,,5.809997382884061,7.9678068410462775
2000000370,fluid output - colostoma,Measurement,ICUdata,Observable Entity,2000000370,measurement,14085,519,0.4097584083372809,"ml, mL",,,,,,2.00109649122807,,1.674954200471081,
3015586,Segmented neutrophils [#/volume] in Blood,Measurement,LOINC,Lab Test,30451-9,measurement,13782,8448,6.669824727617243,"x10e9/L, 10^9/L, 10^9/l, 10E9/L, x10^9/L",,8.445373181405985,,,,3.3351608187134505,,4.3182412980895055,7.057344064386318
3022096,Basophils/Leukocytes in Blood,Measurement,LOINC,Lab Test,30180-4,measurement,13652,8141,6.4274435496605085,"Geen, %",,1.5140164807002325,0.02470721944952315,0.08928571428571429,11.07011070110701,9.20138888888889,,,5.337022132796781
2000000104,ECMO rounds per minute,Measurement,ICUdata,Observable Entity,2000000104,measurement,12864,98,0.07737249328912048,"/min, Geen, .",,,0.07412165834856946,,,,,2.1198639099712118,0.01006036217303823
3012796,Blood product type,Measurement,LOINC,Lab Test,933-2,measurement,12829,4320,3.4107058266224537,,18.960869969328005,,,,,,,,
3037081,Aspartate aminotransferase [Enzymatic activity/volume] in Serum or Plasma by With P-5'-P,Measurement,LOINC,Lab Test,30239-8,measurement,12824,3175,2.5067108795199746,U/L,,,,32.67857142857143,80.19680196801968,,,,
2000000398,Pacemaker atrial amplitude measured,Measurement,ICUdata,Observable Entity,2000000398,measurement,12767,3145,2.4830254223906523,", mA",,2.5509600599298192,2.7227355833374514,,,8.356176900584796,,,
3018709,Pulse intensity Posterior tibial artery - right by palpation,Measurement,LOINC,Clinical Observation,8908-6,measurement,12605,5517,4.355755566082426,,,,,32.901785714285715,6.027060270602706,3.5910087719298245,,,
3033705,Calcium.ionized [Moles/volume] in Venous blood,Measurement,LOINC,Lab Test,41645-3,measurement,12580,5712,4.509711037423022,mmol/L,,14.793202696841856,,,,,,,
3036219,Type of Wound drain device,Measurement,LOINC,Clinical Observation,9254-4,measurement,12448,10629,8.391757460918996,,0.10223998512872944,,,,,,0.01818292017698042,,
42536432,"CHA2DS2-VASc (congestive heart failure, hypertension, age 2, diabetes mellitus, stroke 2, vascular disease, age, sex category) score",Measurement,SNOMED,Staging / Scales,735258002,measurement,12324,5710,4.508132006947734,punt(en),,,,,,25.42489035087719,,,
3006504,Eosinophils/Leukocytes in Blood,Measurement,LOINC,Lab Test,26450-7,measurement,12092,7279,5.746881414811305,"%, Geen",,,0.08894599001828334,0.13392857142857142,11.07011070110701,9.210526315789474,,,5.835010060362173
2000000503,feeding tube position,Measurement,ICUdata,Observable Entity,2000000503,measurement,11985,5873,4.63682299068372,,,17.624098095651146,,,,,,,
3001122,Ferritin [Mass/volume] in Serum or Plasma,Measurement,LOINC,Lab Test,2276-4,measurement,11855,8465,6.683246486657192,"µg/l, ug/L, µg/L, ng/ml",0.9759271307742355,2.3065094823167605,,0.46875,19.49569495694957,,,2.7218005757655064,0.9808853118712274
21491183,Fluid output gastrointestinal drain [Volume] Measured,Measurement,LOINC,Clinical Observation,79559-1,measurement,11816,3580,2.82646455076583,,,4.739187004691874,,,,,,,
3046315,Type of Intubation tube,Measurement,LOINC,Clinical Observation,33443-3,measurement,11609,8558,6.756671403758093,,3.0114322892462124,,,,,,,,
3025817,Bicarbonate [Moles/volume] in Mixed venous blood,Measurement,LOINC,Lab Test,19229-4,measurement,11444,3037,2.397757776725091,mmol/L,,9.237866183022513,,,,,,8.19157288667888,
3017354,Segmented neutrophils/Leukocytes in Blood,Measurement,LOINC,Lab Test,26505-8,measurement,11434,6496,5.128690983735986,"Geen, 10*9/L, %, x10^9/l",6.710660842085696,1.6993257895359382,,0.11160714285714286,11.07011070110701,7.451571637426901,,,3.204225352112676
2000000970,Gastric tube depth,Measurement,ICUdata,Observable Entity,2000000970,measurement,11179,2653,2.0945839254697614,cm,,,,,,11.179641812865498,,,
2000000306,Delirium observation screening - question 8,Measurement,ICUdata,Observable Entity,2000000306,measurement,11140,1987,1.5687667771987999,,,,,,,,,,9.949698189134809
2000000304,Delirium observation screening - question 1,Measurement,ICUdata,Observable Entity,2000000304,measurement,11139,1987,1.5687667771987999,,,,,,,,,,9.949698189134809
2000000280,Delirium observation screening - question 9,Measurement,ICUdata,Observable Entity,2000000280,measurement,11138,1987,1.5687667771987999,,,,,,,,,,9.949698189134809
2000000303,Delirium observation screening - question 2,Measurement,ICUdata,Observable Entity,2000000303,measurement,11138,1987,1.5687667771987999,,,,,,,,,,9.949698189134809
2000000320,Delirium observation screening - question 13,Measurement,ICUdata,Observable Entity,2000000320,measurement,11136,1987,1.5687667771987999,,,,,,,,,,9.949698189134809
3008295,Osmolality of Serum or Plasma,Measurement,LOINC,Lab Test,2692-2,measurement,11000,5520,4.358124111795358,"mosmol/kg, mosm/kg, mOsm./kg, mOsmol/kg",0.5669671902593177,4.344911879509522,,0.5803571428571429,2.029520295202952,0.5025584795321637,,4.135043182412981,9.019114688128772
2000000397,pacemaker atrial sensitivity threshold,Measurement,ICUdata,Observable Entity,2000000397,measurement,10995,4767,3.7636191378493606,"mV, mA, Geen, ng/L",32.41007528580723,,3.8790334535751345,,,,,9.316932740120388,
3002582,Erythrocytes [#/volume] in Urine,Measurement,LOINC,Lab Test,30391-7,measurement,10880,7334,5.79030475288173,"aantal/uL, , /µl, /µL",0.5297890138488707,5.00335133856405,0.07412165834856946,,,,,,
3016932,Type of Oral tube,Measurement,LOINC,Clinical Observation,9038-1,measurement,10786,7566,5.9734722880151585,,,,,,,,0.40608521728589614,,
3018199,Band form neutrophils [#/volume] in Blood,Measurement,LOINC,Lab Test,26507-4,measurement,10742,6394,5.048160429496289,"10^9/l, 10^9/L, x10e9/L, 10E9/L, x10^9/L",,7.893388006150692,,,,2.928545321637427,,1.0468463752944255,7.0523138832997985
3025220,Type of Body temperature device,Measurement,LOINC,Clinical Observation,8326-1,measurement,10540,1964,1.550607926732986,,,,,,,,10.152130432147404,,
2000000403,Intra-abdominal pressure by bladder measurement,Measurement,ICUdata,Observable Entity,2000000403,measurement,10289,2124,1.6769303647560398,"mmHg, mmHG, cm H2O, ",,2.0029176359263494,3.048870880071157,0.6026785714285714,,3.289473684210526,0.8788411418873872,,
2000000103,ECMO pressure venous,Measurement,ICUdata,Observable Entity,2000000103,measurement,10289,84,0.06631927996210327,"mm Hg, mmHg",,,,,,,,2.1460350693535726,0.01006036217303823
21494991,Pupil assessment [Interpretation],Measurement,LOINC,Clinical Observation,80313-0,measurement,10214,3179,2.509868940470551,,7.212566223626731,,,,,,0.006060973392326808,,
2000000081,Fluid intake drain ,Measurement,ICUdata,Observable Entity,2000000081,measurement,10203,1391,1.0982156955629243,"., ml",1.4220652476996003,,4.699313139299303,,,,,,
3022250,Lactate dehydrogenase [Enzymatic activity/volume] in Serum or Plasma by Lactate to pyruvate reaction,Measurement,LOINC,Lab Test,14804-9,measurement,10007,2348,1.8537817779883152,U/L,,,,10.535714285714286,83.94833948339483,,,,
2000000491,External lumbar drain cm above Monroe,Measurement,ICUdata,Observable Entity,2000000491,measurement,9961,136,0.10737407231959577,cm,,,,,,,,3.533106516618686,
3022948,Iron [Moles/volume] in Serum or Plasma,Measurement,LOINC,Lab Test,14798-3,measurement,9861,8361,6.6011369019422075,"µmol/l, µmol/L, µmol, umol/L",0.4554326610279766,0.784607499112881,0.02470721944952315,0.33482142857142855,,0.5254020467836257,,1.4394137660298352,1.0060362173038229
3002309,Left ventricular Cardiac output by Indicator dilution,Measurement,LOINC,Clinical Observation,8737-9,measurement,9854,1279,1.0097899889467867,l/min,,,,,,5.322551169590644,,,0.43762575452716296
2000000390,extracorporeal gas exchange flow rate,Measurement,ICUdata,Observable Entity,2000000390,measurement,9834,138,0.10895310279488395,"mL/min, L/min",,,,,,,0.3333535365779744,1.2823868097356712,
2000000145,Hemoglobin [Moles/volume] in Mixed venous blood,Measurement,ICUdata,Observable Entity,2000000145,measurement,9796,3524,2.782251697457761,"mmol/L, %",,12.265899144422978,,,,,,0.4187385501177702,
3026782,Osmolality of Urine,Measurement,LOINC,Lab Test,2695-5,measurement,9754,5905,4.662087478288331,"mosm/kg, mosmol/kg, mOsmol/kg, mOsm./kg, ",2.063388790779812,6.572566336789812,,0.15625,,1.0279605263157894,,4.9201779638838,7.147887323943662
42527137,Airway pressure delta setting Ventilator,Measurement,LOINC,Clinical Observation,76152-8,measurement,9708,606,0.47844623401231645,cmH2O,,,,,,,2.0910358203527486,,
3011958,Ammonia [Moles/volume] in Plasma,Measurement,LOINC,Lab Test,16362-6,measurement,9622,3749,2.9598926259276803,"µmol/L, µmol, umol/L, µmol/l",1.1339343805186355,5.362141702479991,1.709739585907002,0.3794642857142857,3.1980319803198034,2.270650584795322,,3.27139492279508,2.3893360160965793
3006225,Type of Enteral tube,Measurement,LOINC,Clinical Observation,8933-4,measurement,9575,7032,5.551871151113216,,0.5111999256436471,,,,,,0.03030486696163404,,
2000000099,ECMO arterial flow,Measurement,ICUdata,Observable Entity,2000000099,measurement,9538,81,0.06395073424917101,Geen,,,,,,,,2.1198639099712118,
3017579,Pulse wave form Posterior tibial artery - right by US.doppler,Measurement,LOINC,Clinical Observation,8924-3,measurement,9471,959,0.757145112900679,,,,,,,4.326571637426901,,,
2000000966,Central venous catheter location,Measurement,ICUdata,Observable Entity,2000000966,measurement,9423,8023,6.334280751618507,,0.8272144251324473,,,,,,,,
3021120,Myelocytes [#/volume] in Blood,Measurement,LOINC,Lab Test,30446-9,measurement,9308,4678,3.693352281699037,"10E9/L, x10^9/L, /nL, 10^9/L, %, 10*9/L, x10e9/L, x10^9/l",4.693744771818943,7.739620707329575,,1.3169642857142858,,1.6767178362573099,,1.020675215912065,
3020416,Erythrocytes [#/volume] in Blood by Automated count,Measurement,LOINC,Lab Test,789-8,measurement,9292,2145,1.6935101847465657,"x10^12/L, 10*12/L",0.09294544102611767,,,0.9375,80.07380073800738,,,,
3034107,Monocytes [#/volume] in Blood by Manual count,Measurement,LOINC,Lab Test,743-5,measurement,9236,5469,4.317858834675509,"10^9/L, x10e9/L",,6.998383471986752,,,,3.9108187134502925,,,
2000000273,Delirium observation screening - general,Measurement,ICUdata,Observable Entity,2000000273,measurement,9127,1871,1.477183009632086,,,,,10.78125,81.24231242312423,,,,
3004789,Transferrin [Mass/volume] in Serum or Plasma,Measurement,LOINC,Lab Test,3034-6,measurement,9021,7651,6.040581083214906,"g/L, g/l, µmol/L",0.46472720513058835,0.8279777628829397,,0.26785714285714285,6.4575645756457565,0.5299707602339181,,1.4655849254121958,0.060362173038229376
3012388,pH of Mixed venous blood,Measurement,LOINC,Lab Test,19213-8,measurement,9012,2996,2.3653876519816834,", Geen",,9.356148720577218,,,,,,8.008374771002355,
3052019,Activated clotting time.kaolin induced of Platelet poor plasma,Measurement,LOINC,Lab Test,48344-6,measurement,8882,1595,1.2592768040423181,sec,,,,,,,,2.093692750588851,
3023602,Cholesterol in HDL [Moles/volume] in Serum or Plasma,Measurement,LOINC,Lab Test,14646-4,measurement,8856,7888,6.227696194536555,"mmol/l, mmol/L",0.3346035876940236,0.8950045341639395,,0.29017857142857145,5.658056580565805,0.28326023391812866,,1.0468463752944255,1.5643863179074446
3023001,Base excess in Mixed venous blood by calculation,Measurement,LOINC,Lab Test,19234-4,measurement,8851,2948,2.327490920574767,mmol/L,,9.226037929267042,,,,,,8.008374771002355,
3016927,Pulse wave form Dorsal pedal artery - left by US.doppler,Measurement,LOINC,Clinical Observation,8918-5,measurement,8804,979,0.7729354176535607,,,,,,,4.417945906432749,,,
21490866,Respiratory quotient Respiratory system,Measurement,LOINC,Clinical Observation,76269-0,measurement,8788,750,0.5921364282330649,,,,,,,,4.091157039820595,,
3004106,Pulse wave form Posterior tibial artery - left by US.doppler,Measurement,LOINC,Clinical Observation,8925-0,measurement,8723,940,0.7421443233854413,,,,,,,4.244334795321637,,,
3037121,Protein [Mass/volume] in Urine,Measurement,LOINC,Lab Test,2888-6,measurement,8484,3296,2.602242223274909,"g/L, g/vzm, g/l",1.9053815410354122,3.1226589914442298,,0.15625,,0.5116959064327485,,2.6956294163831456,1.8712273641851107
3012030,MCH [Entitic mass] by Automated count,Measurement,LOINC,Lab Test,785-6,measurement,8478,1953,1.541923259118901,fmol,,,,0.7366071428571429,77.67527675276753,,,,
3039426,Oxygen saturation Calculated from oxygen partial pressure in Arterial blood,Measurement,LOINC,Lab Test,51733-4,measurement,8366,501,0.39554713405968733,%,4.507853889766707,,,,,,,,
3031282,Methemoglobin/Hemoglobin.total in Mixed venous blood,Measurement,LOINC,Lab Test,41607-3,measurement,8331,3339,2.636191378493605,%,,12.226471631904744,,,,,,,
3014646,Fractional oxyhemoglobin in Blood,Measurement,LOINC,Lab Test,11559-2,measurement,8271,4054,3.200694773409127,"%, ",,4.2975988644876395,,,,,,,
1989449,Temporary pacemaker Ventricular stimulation setting,Measurement,LOINC,Clinical Observation,99693-4,measurement,8204,2362,1.8648349913153324,V,,,,,,,13.285653675980363,,
3013604,Glucose [Mass/volume] in Serum or Plasma --30 minutes post 75 g glucose PO,Measurement,LOINC,Lab Test,1527-1,measurement,8180,3218,2.5406600347386705,mmol/l,0.799330792824612,,,,,,,,
3045424,Erythrocytes [Presence] in Urine,Measurement,LOINC,Lab Test,33051-4,measurement,8173,5035,3.9752092215379755,"., ",2.1191560553954827,2.397192761108702,,1.2723214285714286,,,,,
3046279,Procalcitonin [Mass/volume] in Serum or Plasma,Measurement,LOINC,Lab Test,33959-8,measurement,8086,2103,1.660350544765514,"µg/l, ug/L, µg/L",,1.9910893821708788,,1.0044642857142858,,2.549342105263158,,6.54278984559016,1.5442655935613683
21490826,Nitrogen dioxide [VFr/PPres] Gas delivery system,Measurement,LOINC,Clinical Observation,76113-0,measurement,8072,139,0.10974261803252802,ppm,,,,,,,,3.637791154148129,
3023520,Reticulocytes [#/volume] in Blood,Measurement,LOINC,Lab Test,14196-0,measurement,8061,5766,4.552344860255803,"10E9/L, x10^9/L, x10e9/L, x10^9/l, 10^9/l",0.5111999256436471,2.748097622520995,,,,,,2.747971735147867,14.532193158953723
44802884,Duration of haemodialysis,Measurement,SNOMED,Observable Entity,518201000000108,measurement,8000,807,0.6371387967787778,"minutes, h",,1.636241769506762,0.00494144388990463,,,,,,
3008114,Pulse intensity Posterior tibial artery - left by palpation,Measurement,LOINC,Clinical Observation,8909-4,measurement,7953,3701,2.9219958945207645,,,,,,,3.46765350877193,,,
3003771,Antithrombin Ag actual/normal in Platelet poor plasma by Immunoassay,Measurement,LOINC,Lab Test,27812-7,measurement,7733,4530,3.576504026527712,"Geen, %",,1.1670543705397627,0.01482433166971389,,,13.180738304093568,,0.942161737764983,0.36217303822937624
3009932,Eosinophils [#/volume] in Blood by Manual count,Measurement,LOINC,Lab Test,712-0,measurement,7622,4225,3.335701879046266,"10^9/l, x10e9/L",,6.998383471986752,,,,,,,7.0523138832997985
3024507,Metamyelocytes [#/volume] in Blood,Measurement,LOINC,Lab Test,30433-7,measurement,7535,4196,3.3128059371545873,"10^9/L, /nL, 10E9/L, x10^9/L, x10e9/L",,7.704135946063163,,1.4955357142857142,,2.243238304093567,,0.9945040565297043,
2000000350,fluid output - lumbar drain,Measurement,ICUdata,Observable Entity,2000000350,measurement,7478,182,0.14369177325122376,ml,,,0.7659238029352177,,,,,,
36305611,Tracheostomy tube diameter,Measurement,LOINC,Clinical Observation,89086-3,measurement,7454,2809,2.217748302542239,,,0.18136655758388204,,0.5580357142857143,3.075030750307503,,0.157585308200497,,5.362173038229376
3012336,Haptoglobin [Mass/volume] in Serum or Plasma,Measurement,LOINC,Lab Test,4542-7,measurement,7433,4367,3.4478130427917257,"g/L, g/l",0.7714471605167766,4.171430824429287,,0.46875,6.211562115621156,1.297514619883041,,4.9201779638838,0.7645875251509054
2000000079,Fluid intake CVVH dialysis,Measurement,ICUdata,Observable Entity,2000000079,measurement,7389,413,0.32606979314700774,ml,,,1.9815189998517566,,,,,,
3043662,Wound assessment panel,Measurement,LOINC,Clinical Observation,39135-9,measurement,7189,1283,1.012948049897363,,,,,,,,4.866961634038427,,
3005353,Prothrombin activity actual/normal in Platelet poor plasma by Coagulation assay,Measurement,LOINC,Lab Test,3289-6,measurement,7104,3120,2.46328754144955,g/l,28.599312203736407,,,,,,,,
3008247,Colloid oncotic pressure [Partial pressure] in Plasma,Measurement,LOINC,Lab Test,12186-3,measurement,7016,4865,3.840991631138481,"kPa, mmHg",1.6544288502648945,,0.11365320946780649,,,,,,
3004809,Band form neutrophils/Leukocytes in Blood,Measurement,LOINC,Lab Test,26508-2,measurement,7001,4214,3.3270172114321808,"Geen, %",,1.0527145842368806,,,,6.7160087719298245,,,3.5261569416498992
3017974,Hemoglobin S [Presence] in Blood by Solubility test,Measurement,LOINC,Lab Test,6864-3,measurement,6997,4917,3.8820464234959733,"µmol/l, umol/L",1.431359791802212,,,,,,,,
2000000336,Length source,Measurement,ICUdata,Observable Entity,2000000336,measurement,6992,5626,4.4418127269856305,,,,,,,,21.728589611491607,,
3016042,Acute physiology score,Measurement,LOINC,Clinical Observation,9266-8,measurement,6990,5889,4.649455234486026,,,,,95.82589285714286,93.78843788437884,,,,
3028893,Ketones [Presence] in Urine,Measurement,LOINC,Lab Test,33903-6,measurement,6835,4377,3.455708195168167,", .",1.7659633794962357,2.156684934747467,,,,,,,
3022839,Insertion depth Gastrointestinal tract upper EGD,Measurement,LOINC,Clinical Observation,19791-3,measurement,6695,4215,3.3278067266698246,cm,,,,,,,0.024243893569307232,,
1761753,Glucose [Moles/volume] in Mixed venous blood,Measurement,LOINC,Lab Test,100746-7,measurement,6593,2543,2.007737249328912,mmol/L,,8.240350116311163,,,,,,0.36639623135304894,
3027017,Erythrocytes [#/volume] in Blood by Manual count,Measurement,LOINC,Lab Test,790-6,measurement,6508,3946,3.1154271277435654,"x10^12/l, 10^12/l",2.6396505251417417,,0.04447299500914167,,,,,,
3031579,Sodium [Moles/volume] in Mixed venous blood,Measurement,LOINC,Lab Test,41657-8,measurement,6451,2477,1.9556292436444023,mmol/L,,7.968300279935339,,,,,,0.36639623135304894,
3012347,Physical findings of Right cornea Narrative,Measurement,LOINC,Clinical Observation,29093-2,measurement,6439,1743,1.376125059213643,,,,,,,,7.133765682768653,,
2000000173,Tracheostomy tube type,Measurement,ICUdata,Observable Entity,2000000173,measurement,6375,3322,2.6227696194536554,,0.07435635282089413,0.3193628513977053,4.27929040865741,,,,0.06667070731559488,2.250719706883015,5.407444668008048
3031040,Bacteria [#/volume] in Urine by Automated count,Measurement,LOINC,Lab Test,51480-2,measurement,6361,4287,3.384651823780199,"/µL, /µl, /uL, ",0.6506180871828237,1.5219019832038796,,1.0267857142857142,,0.24214181286549707,,,
3031219,Potassium [Moles/volume] in Mixed venous blood,Measurement,LOINC,Lab Test,41656-0,measurement,6332,2383,1.8814148113058582,mmol/L,,8.208808106296575,,,,,,,
3011367,Oxygen saturation Calculated from oxygen partial pressure in Blood,Measurement,LOINC,Lab Test,2713-6,measurement,6254,2550,2.0132638559924207,,,3.0516894689114062,,,,,,,
3009814,Iron saturation [Molar fraction] in Serum or Plasma,Measurement,LOINC,Lab Test,14801-5,measurement,6110,5317,4.197852518553608,"%, , Geen",,0.7688364941055869,,0.24553571428571427,,0.43859649122807015,,,0.9054325955734407
21490786,Airway occlusion pressure,Measurement,LOINC,Clinical Observation,76004-1,measurement,6080,495,0.39081004263382285,cmH2O,,,,,,,1.612218922358931,,
1761323,Chloride [Moles/volume] in Mixed venous blood,Measurement,LOINC,Lab Test,100745-9,measurement,5974,2213,1.7471972209063635,mmol/L,,7.510941134723811,,,,,,,
3005949,Lactate [Moles/volume] in Mixed venous blood,Measurement,LOINC,Lab Test,19240-1,measurement,5973,2257,1.7819358913627033,mmol/L,,7.830303986121516,,,,,,,
21490593,Intracranial pressure (ICP) Mean,Measurement,LOINC,Clinical Observation,60958-6,measurement,5970,44,0.034738670456339805,mmHg,,,,,,,0.0848536274925753,,
3009767,Physical findings of Left cornea Narrative,Measurement,LOINC,Clinical Observation,29094-0,measurement,5914,1690,1.3342807516185062,,,,,,,,6.836777986544639,,
3001308,Cholesterol in LDL [Moles/volume] in Serum or Plasma,Measurement,LOINC,Lab Test,22748-8,measurement,5818,4958,3.914416548239381,"mmol/L, mmol/l",,0.8910617829121161,,,,0.23300438596491227,,0.9683328971473436,1.5241448692152917
3016038,Potassium [Moles/volume] in Urine,Measurement,LOINC,Lab Test,2828-2,measurement,5722,3437,2.7135638717827253,"mmol/l, mmol/L",1.7752579235988475,1.841264834601585,,,,1.0736476608187135,,1.4132426066474746,5.2364185110663986
36303946,Pressure.plateau Respiratory system airway --on ventilator,Measurement,LOINC,Clinical Observation,76259-1,measurement,5716,600,0.4737091425864519,cmH2O,,,,,,,2.0667919267834414,,
2000000907,Tracheostomy opening aspect,Measurement,ICUdata,Observable Entity,2000000907,measurement,5602,746,0.5889783672824885,,,,3.261352967337056,,,,,,
3027288,Volume expired per minute/Body weight --on ventilator,Measurement,LOINC,Clinical Observation,20141-8,measurement,5596,590,0.4658139902100111,ml/kg IBW,,,,,,,2.024365113037154,,
3022709,Promyelocytes [#/volume] in Blood,Measurement,LOINC,Lab Test,26523-1,measurement,5481,2825,2.2303805463445445,"/nL, x10e9/L, x10^9/L, 10^9/L",,6.998383471986752,,0.44642857142857145,,0.6350511695906432,,1.020675215912065,
3034037,Hematocrit [Volume Fraction] of Mixed venous blood by calculation,Measurement,LOINC,Lab Test,41655-2,measurement,5339,1698,1.340596873519659,L/L,,5.519851752552931,,,,,,0.654278984559016,
3005105,Blasts [#/volume] in Blood,Measurement,LOINC,Lab Test,30376-8,measurement,5309,2671,2.1087951997473553,"10*9/L, x10^9/L, x10e9/L, x10^9/l, /100 leuco's",0.4275490287201413,6.998383471986752,,,,,,1.020675215912065,
3020433,Fluid output miscellaneous Measured,Measurement,LOINC,Clinical Observation,9161-1,measurement,5300,1097,0.8660982156955629,"ml, , ml/uur",,0.01971375625911761,,3.3705357142857144,19.61869618696187,2.759502923976608,,,
3018010,Neutrophils/Leukocytes in Blood,Measurement,LOINC,Lab Test,26511-6,measurement,5296,4127,3.258329385757145,"%, Geen",,,,0.022321428571428572,,2.224963450292398,,,3.073440643863179
3033575,Monocytes [#/volume] in Blood by Automated count,Measurement,LOINC,Lab Test,742-7,measurement,5209,1971,1.5561345333964947,x10^9/L,,,,25.625,25.584255842558427,,,,
3013650,Neutrophils [#/volume] in Blood by Automated count,Measurement,LOINC,Lab Test,751-8,measurement,5144,1982,1.5648192010105795,x10^9/L,,,,25.625,25.707257072570727,,,,
42869592,Oxyhemoglobin/Hemoglobin.total [Pure mass fraction] in Mixed venous blood,Measurement,LOINC,Lab Test,71837-9,measurement,5070,1537,1.213484920258961,,,5.519851752552931,,,,,,,
3027651,Basophils [#/volume] in Blood by Manual count,Measurement,LOINC,Lab Test,705-4,measurement,5045,2526,1.9943154902889626,"Geen, x10e9/L",,6.998383471986752,0.0494144388990463,,,,,,
3001355,Fungus identified in Sputum by Culture,Measurement,LOINC,Lab Test,577-7,measurement,5019,2000,1.579030475288173,,,7.199463785829752,,,,,,,
3009035,Cobalamin (Vitamin B12) [Moles/volume] in Serum or Plasma,Measurement,LOINC,Lab Test,14685-2,measurement,5004,4394,3.469129954208116,"pmol/L, pmol/l",0.35319267589924713,1.2143673855616448,,0.33482142857142855,,0.5619517543859649,,1.4132426066474746,0.8148893360160966
43533604,Anion gap in Mixed venous blood by Calculated.4Ions,Measurement,LOINC,Lab Test,73579-5,measurement,4997,1538,1.214274435496605,mmol/L,,5.460710483775578,,,,,,,
2000000190,bipap inspiratory pressure set,Measurement,ICUdata,Observable Entity,2000000190,measurement,4950,166,0.13105952944891835,"cmH2O, cm H2O",0.4740217492332001,,,0.11160714285714286,,,,0.7589636220884585,0.12072434607645875
1988618,Pacemaker Atrioventricular interval,Measurement,LOINC,Clinical Observation,99682-7,measurement,4919,1004,0.7926732985946628,"ms, s",,,0.4743786134308445,,,4.03874269005848,,,
2000000473,feeding tube suction pressure,Measurement,ICUdata,Observable Entity,2000000473,measurement,4806,230,0.18158850465813992,,,,,,,,1.1091581307958058,,
2000000157,Central venous catheter insertion time,Measurement,ICUdata,Observable Entity,2000000157,measurement,4778,3848,3.038054634454445,"uur, , 24 uur, min",,,,,,,,71.39492279507982,5.56841046277666
3038071,Oxygen [Partial pressure] in Mixed venous blood,Measurement,LOINC,Lab Test,19211-2,measurement,4666,1771,1.3982314858676772,"mm Hg, kPa",,4.829870283483815,,,,,,8.19157288667888,
40758414,Glasgow coma score special circumstances,Measurement,LOINC,Clinical Observation,55285-1,measurement,4638,2824,2.2295910311069003,,,,,,,,0.024243893569307232,,
21490692,Gas delivery system inspiratory Nitrous oxide setting [VFr/PPres],Measurement,LOINC,Clinical Observation,60773-9,measurement,4576,139,0.10974261803252802,ppm,,,,,,,,3.637791154148129,
2000000045,Heparin speed CVVH,Measurement,ICUdata,Observable Entity,2000000045,measurement,4456,73,0.05763461234801832,ml/u,,,,0.9821428571428571,1.6605166051660516,,,,
4147814,Vital capacity,Measurement,SNOMED,Observable Entity,268379003,measurement,4432,2261,1.7850939523132796,,0.018589088205223533,,,,,,,,
3003344,Hemoglobin [Presence] in Urine,Measurement,LOINC,Lab Test,725-2,measurement,4396,2426,1.9153639665245539,,,1.4272759531601151,,,,,,,
3015085,Mitral valve Regurgitation degree by US.doppler,Measurement,LOINC,Clinical Observation,18113-1,measurement,4344,4053,3.1999052581714826,"l/min, ",,,,0.9151785714285714,0.12300123001230012,0.7447002923976608,,,
21490670,Heart rate Intra arterial line by Invasive,Measurement,LOINC,Clinical Observation,60978-4,measurement,4342,57,0.045002368545712934,"/min, sl/min",,,,,,,,,0.22635814889336017
3024461,Microorganism identified in Specimen by Culture,Measurement,LOINC,Lab Test,11475-1,measurement,4334,2011,1.587715142902258,,,2.9846626976304065,,,,,,,
3026008,Bacteria identified in Urine by Culture,Measurement,LOINC,Lab Test,630-4,measurement,4323,2346,1.852202747513027,,,4.143831565666522,,,,,,,
36033651,SARS-CoV-2 (COVID-19) sequencing and identification panel - Specimen by Molecular genetics method,Measurement,LOINC,Lab Test,96894-1,measurement,4321,2381,1.8798357808305701,,,2.6298150849662894,,,,,,,
3021960,Folate [Moles/volume] in Serum or Plasma,Measurement,LOINC,Lab Test,14732-2,measurement,4256,3765,2.9725248697299858,"nmol/l, nmol/L",0.2695417789757412,0.9541458029412925,,0.33482142857142855,9.71709717097171,0.48428362573099415,,1.0730175346767863,0.5734406438631791
3028879,Pathologic findings,Measurement,LOINC,Lab Test,33746-9,measurement,4248,3216,2.5390810042633825,,,2.0936009147182904,,,,,,,
3021513,Carbon dioxide [Partial pressure] in Mixed venous blood,Measurement,LOINC,Lab Test,19212-0,measurement,4183,1515,1.1961155850307912,"kPa, mm Hg",,3.788983953002405,,,,,,8.19157288667888,
4241837,Forced expired volume in 1 second,Measurement,SNOMED,Observable Entity,59328004,measurement,4169,2259,1.7835149218379915,,0.018589088205223533,,,,,,,,
3018480,Type of Chest tube,Measurement,LOINC,Clinical Observation,8930-0,measurement,4099,3821,3.0167377230380548,,,,,,,,,,
1092251,Bacteria identified in Bronchoalveolar lavage by Culture,Measurement,LOINC,Lab Test,105917-9,measurement,4000,1713,1.3524396020843201,,,6.237432480384813,,,,,,,
3011961,Ferritin [Mass/volume] in Blood,Measurement,LOINC,Lab Test,24373-3,measurement,3906,3017,2.3819674719722093,ng/ml,,,,,,0.7081505847953217,,,
3044904,Oxygen content in Blood,Measurement,LOINC,Lab Test,34163-6,measurement,3882,1185,0.9355755566082425,"mL/dL, vol%",,2.724441115010054,,,,,,0.5234231876472127,
3036593,Pulse intensity Radial artery - left by palpation,Measurement,LOINC,Clinical Observation,8910-2,measurement,3751,3264,2.5769777356702983,,,,,2.4776785714285716,4.981549815498155,0.31067251461988304,0.01818292017698042,,0.04527162977867203
46236948,"Glucose [Moles/volume] in Serum, Plasma or Blood",Measurement,LOINC,Lab Test,77135-2,measurement,3594,524,0.41370598452550134,"mmol/l, ",,,,1.4285714285714286,10.33210332103321,,,,
2000001033,Fluid intake epidural,Measurement,ICUdata,Observable Entity,2000001033,measurement,3590,179,0.1413232275382915,ml(MILLILITER),,,,3.861607142857143,,,,,
3004410,Hemoglobin A1c/Hemoglobin.total in Blood,Measurement,LOINC,Lab Test,4548-4,measurement,3551,2744,2.1664298120953736,"Geen, mmol/mol",0.4833162933358119,,,,,0.04111842105263158,,1.517927244176917,0.176056338028169
3019897,Erythrocyte [DistWidth] in Red Blood Cells by Automated count,Measurement,LOINC,Lab Test,788-0,measurement,3499,2440,1.9264171798515712,", %",0.10223998512872944,1.5337302369593502,,,,,,1.7534676786181629,
3002179,Metamyelocytes/Leukocytes in Blood,Measurement,LOINC,Lab Test,28541-1,measurement,3444,2215,1.7487762513816516,%,,0.8358632653865867,,,,4.518457602339181,,,
3036481,Cortisol [Moles/volume] in Serum or Plasma,Measurement,LOINC,Lab Test,14675-3,measurement,3273,1225,0.967156166114006,"nmol/l, µmol, µmol/L, nmol/L",,,,0.20089285714285715,0.7380073800738007,1.4300073099415205,,0.3925673907354096,3.495975855130785
3015377,Calcium [Moles/volume] in Serum or Plasma,Measurement,LOINC,Lab Test,2000-8,measurement,3263,1360,1.0737407231959577,mmol/L,,,,3.638392857142857,21.771217712177123,,,,
3015399,Transferrin receptor.soluble [Mass/volume] in Serum or Plasma,Measurement,LOINC,Lab Test,30248-9,measurement,3137,2642,2.0858992578556768,%,0.38107630820708244,,,,,,,,
3035954,Pulse intensity Femoral artery - left by palpation,Measurement,LOINC,Clinical Observation,8904-5,measurement,3131,3012,2.3780198957839884,,,,,,,0.27869152046783624,,,
3035878,Pulse intensity Femoral artery - right by palpation,Measurement,LOINC,Clinical Observation,8905-2,measurement,3118,3008,2.3748618348334123,,,,,,,0.25584795321637427,,,
4304958,Vancomycin resistant Enterococcus culture,Measurement,SNOMED,Procedure,118007009,measurement,3111,903,0.7129322595926101,,,2.6455860899735835,,,,,,,
3002468,Pulse intensity Carotid artery - left by palpation,Measurement,LOINC,Clinical Observation,8900-3,measurement,3082,3030,2.3922311700615824,,,,,0.08928571428571429,2.091020910209102,0.07766812865497076,,,
3001436,Pulse intensity Carotid artery - right by palpation,Measurement,LOINC,Clinical Observation,8901-1,measurement,3076,3025,2.388283593873362,,,,,0.06696428571428571,1.7220172201722017,0.08223684210526316,,,
4015171,"Neutrophil count, automated, cerebrospinal fluid",Measurement,SNOMED,Procedure,104110004,measurement,2934,941,0.7429338386230854,"%, 10E6/L",,2.271024721050349,,,,,,,
3037577,Monocytes/Leukocytes in Cerebral spinal fluid,Measurement,LOINC,Lab Test,26486-1,measurement,2932,941,0.7429338386230854,"10E6/L, %",,2.271024721050349,,,,,,,
3035510,Gentamicin [Mass/volume] in Serum or Plasma,Measurement,LOINC,Lab Test,35668-3,measurement,2921,1292,1.0200536870361598,"mg/l, mg/L",,3.583960887907582,,,,,,0.26171159382360637,0.7696177062374245
3014724,Creatinine [Moles/time] in 24 hour Urine,Measurement,LOINC,Lab Test,14684-5,measurement,2841,1381,1.0903205431864835,"mmol/24u, mmol/(24.h), mmol/24 uur, mmol/24uur",0.009294544102611766,0.9541458029412925,,0.08928571428571429,,,,10.442292593561895,1.1619718309859155
36303914,Fungus identified in Bronchoalveolar lavage by Culture,Measurement,LOINC,Lab Test,88686-1,measurement,2820,1486,1.1732196431391126,,,5.437053976264638,,,,,,,
21490594,Intracranial pressure (ICP) Systolic,Measurement,LOINC,Clinical Observation,60959-4,measurement,2808,59,0.046581399021001106,mm Hg,,,,,,,,1.5440984035592777,
3037903,Physical findings of Lower leg,Measurement,LOINC,Clinical Observation,32445-9,measurement,2793,1137,0.8976788252013264,,,,,17.566964285714285,20.78720787207872,,,,
2000000203,fio2 --non-invasive,Measurement,ICUdata,Observable Entity,2000000203,measurement,2790,561,0.44291804831833254,,1.8960869969328005,,,,,,,,
3014429,Appearance of Body fluid,Measurement,LOINC,Lab Test,9335-1,measurement,2761,1092,0.8621506395073425,,,2.527303552418878,,,,,,,
2000000382,intra-aortic balloon pump trigger,Measurement,ICUdata,Observable Entity,2000000382,measurement,2754,141,0.1113216485078162,,,,,,,,,0.8113059408531798,
2000000974,Pacemaker leads location,Measurement,ICUdata,Observable Entity,2000000974,measurement,2751,2712,2.1411653244907627,,0.046472720513058834,,,,,,,,
37172182,Aortic valve ventriculoarterial peak gradient,Measurement,SNOMED,Observable Entity,45321000087109,measurement,2750,1195,0.9434707089846834,mmHg,,,,,,0.2604166666666667,,,
46235754,Galactomannan Ag [Units/volume] in Bronchoalveolar lavage,Measurement,LOINC,Lab Test,76075-1,measurement,2659,1344,1.0611084793936523,,,4.924496313527579,,,,,,,
3004206,Cells Counted Total [#] in Cerebral spinal fluid,Measurement,LOINC,Lab Test,19075-1,measurement,2636,1018,0.8037265119216801,"10E6/L, Cells/µl",,1.7821235658242323,,,,0.9594298245614035,,,
3004775,Volume in Urine collected for unspecified duration,Measurement,LOINC,Lab Test,19153-6,measurement,2632,987,0.7792515395547134,mL,,1.0881993455032921,,,,,,12.562156503533107,
3016750,Collection duration of Urine,Measurement,LOINC,Lab Test,13362-9,measurement,2624,989,0.7808305700300016,"h, uur",,1.0881993455032921,,,,,,12.562156503533107,
3021589,Normoblasts [#/volume] in Blood,Measurement,LOINC,Lab Test,715-3,measurement,2622,1741,1.3745460287383546,10^9/l,,,0.03459010722933241,,,,,,7.042253521126761
3015956,Eosinophils/Leukocytes in Blood by Manual count,Measurement,LOINC,Lab Test,714-6,measurement,2606,1265,0.9987367756197695,"10*9/L, x10^9/l",8.318616971837532,,,,,,,,
3003215,Lymphocytes [#/volume] in Blood by Manual count,Measurement,LOINC,Lab Test,732-8,measurement,2552,1306,1.031106900363177,"Geen, 10*9/L, x10^9/l, /nL",6.710660842085696,,0.08894599001828334,2.0535714285714284,,,,,
3027874,Urate [Moles/volume] in Urine,Measurement,LOINC,Lab Test,14934-4,measurement,2540,530,0.4184430759513659,mmol/L,,0.6544967078027047,,,,,,1.23004449097095,
2000000333,restrictive policy order dialysis,Measurement,ICUdata,Observable Entity,2000000333,measurement,2538,2095,1.6540344228643613,,,,,,,,,5.888510861031143,9.336016096579478
3013142,Albumin/Protein.total in 24 hour Urine by Electrophoresis,Measurement,LOINC,Lab Test,13986-5,measurement,2473,1619,1.278225169745776,.,2.1842178641137653,,,,,,,,
3041253,Oxygen saturation Calculated from oxygen partial pressure in Venous blood,Measurement,LOINC,Lab Test,51731-8,measurement,2446,399,0.31501657981999054,%,3.1787340830932242,,,,,,,,
3027945,Reticulocytes/Erythrocytes in Blood,Measurement,LOINC,Lab Test,4679-7,measurement,2444,1383,1.0918995736617716,%,,2.0108031384299965,,,,,,,
3032674,Salmonella sp DNA [Presence] in Specimen by NAA with probe detection,Measurement,LOINC,Lab Test,49612-5,measurement,2350,1439,1.1361124269698406,,,1.3720774356345857,,,,,,,
21493470,Yersinia enterocolitica DNA [Presence] in Stool by NAA with non-probe detection,Measurement,LOINC,Lab Test,82202-3,measurement,2350,1439,1.1361124269698406,,,1.3720774356345857,,,,,,,
2000000569,level - gastric suction drain,Measurement,ICUdata,Observable Entity,2000000569,measurement,2349,168,0.13263855992420653,mL,,,,,,,,4.370583616854226,
3014295,Oxygen saturation in Arterial cord blood,Measurement,LOINC,Lab Test,28642-7,measurement,2347,355,0.2802779093636507,%,1.0038107630820707,,,,,,,,
3018095,Leukocytes [#/volume] in Urine,Measurement,LOINC,Lab Test,30405-5,measurement,2341,1657,1.3082267487762513,.,1.8682033646249652,,,,,,,,
2000000340,eligibility to be an organ donor,Measurement,ICUdata,Observable Entity,2000000340,measurement,2314,2215,1.7487762513816516,,,,,,,,7.2731680707921695,,
3042208,Human coronavirus RNA [Identifier] in Specimen by NAA with probe detection,Measurement,LOINC,Lab Test,41000-1,measurement,2285,1589,1.2545397126164535,,,3.7771556992469346,,,,,,,
3012920,Ethanol [Mass/volume] in Serum or Plasma,Measurement,LOINC,Lab Test,5643-2,measurement,2278,2129,1.6808779409442602,"0/00, g/l, promille, o/oo, g/L",0.1673017938470118,0.5440996727516461,,0.5357142857142857,,,,,0.1358148893360161
42868453,Bicarbonate [Moles/volume] standard in Plasma,Measurement,LOINC,Lab Test,69964-5,measurement,2247,349,0.2755408179377862,mmol/l,0.957338042569012,,,,,,,,
40761010,Clostridioides difficile glutamate dehydrogenase [Presence] in Stool,Measurement,LOINC,Lab Test,57901-1,measurement,2246,1284,1.0137375651350071,,,1.4351614556637622,,,,,,,
3022407,Monocytes/Leukocytes in Blood by Manual count,Measurement,LOINC,Lab Test,744-3,measurement,2236,1141,0.9008368861519027,"x10^9/l, 10*9/L",6.701366297983084,,,,,,,,
37017370,Frailty Index,Measurement,SNOMED,Staging / Scales,713634000,measurement,2205,2111,1.6666666666666667,,12.67775815596245,,,,,,,,
3016597,I Ab [Presence] in Serum or Plasma,Measurement,LOINC,Lab Test,1060-3,measurement,2189,1455,1.1487446707721458,,,,,4.375,,,,,
2000000378,Fluid output - gastric suction,Measurement,ICUdata,Observable Entity,2000000378,measurement,2181,383,0.30238433601768516,ml,,,1.685032366457479,,,,,,
3009577,Iron binding capacity [Moles/volume] in Serum or Plasma,Measurement,LOINC,Lab Test,14800-7,measurement,2155,1904,1.5032370124743408,"µmol/l, µmol/L, umol/L",0.009294544102611766,0.6939242203209399,,,,,,,0.9004024144869215
3036489,Thrombin time,Measurement,LOINC,Lab Test,3243-3,measurement,2128,1177,0.9292594347070898,"sec, sec.",,,,0.15625,,,,24.339178225595393,0.15593561368209255
46235763,Parainfluenza virus 1 RNA [Presence] in Nasopharynx by NAA with probe detection,Measurement,LOINC,Lab Test,76084-3,measurement,2124,1573,1.241907468814148,,,3.374995071560935,,,,,,,
21493340,Parainfluenza virus 4 RNA [Presence] in Nasopharynx by NAA with non-probe detection,Measurement,LOINC,Lab Test,82174-4,measurement,2124,1573,1.241907468814148,,,3.374995071560935,,,,,,,
21493339,Parainfluenza virus 3 RNA [Presence] in Nasopharynx by NAA with non-probe detection,Measurement,LOINC,Lab Test,82173-6,measurement,2124,1573,1.241907468814148,,,3.374995071560935,,,,,,,
21493338,Parainfluenza virus 2 RNA [Presence] in Nasopharynx by NAA with non-probe detection,Measurement,LOINC,Lab Test,82172-8,measurement,2124,1573,1.241907468814148,,,3.374995071560935,,,,,,,
46235750,Aspergillus sp DNA [Presence] in Bronchoalveolar lavage by NAA with probe detection,Measurement,LOINC,Lab Test,76071-0,measurement,2108,1047,0.8266224538133586,,,3.879667231794346,,,,,,,
2000000525,uncuffed trachea canule,Measurement,ICUdata,Observable Entity,2000000525,measurement,2099,1016,0.8021474814463919,,,,,,,,,,5.050301810865191
2000000480,Tracheostomy Indication,Measurement,ICUdata,Observable Entity,2000000480,measurement,2079,1301,1.0271593241749566,,,,4.328704847556456,,,,0.06667070731559488,,1.6398390342052314
3020044,Glucose [Moles/volume] in Cerebral spinal fluid,Measurement,LOINC,Lab Test,14744-7,measurement,2074,1404,1.1084793936522974,mmol/L,0.009294544102611766,2.6455860899735835,,,,0.9639985380116959,,,
3005478,Glucose [Mass/time] in 24 hour Urine,Measurement,LOINC,Lab Test,2351-5,measurement,2052,1312,1.0358439917890416,.,1.9704433497536946,,,,,,,,
3012986,Erythrocytes [#/volume] in Cerebral spinal fluid by Automated count,Measurement,LOINC,Lab Test,791-4,measurement,2039,1164,0.9189957366177167,"cells/M ml, x10e6/L, x10^6/L, 10E6/L",,2.4642195323897016,0.13341898502742502,,,,,2.015179272441769,
3002125,Leukocytes [#/volume] in Cerebral spinal fluid by Automated count,Measurement,LOINC,Lab Test,805-2,measurement,2011,1125,0.8882046423495974,"cells/M ml, x10e6/L, x10^6/L, 10E6/L",,2.4642195323897016,,,,,,1.9890081130594086,
3007591,Band form neutrophils/Leukocytes in Blood by Manual count,Measurement,LOINC,Lab Test,764-1,measurement,2009,1032,0.8147797252486974,"10*9/L, x10^9/l, /nL",5.52095919695139,,,1.9419642857142858,,,,,
3009797,Basophils/Leukocytes in Blood by Manual count,Measurement,LOINC,Lab Test,707-0,measurement,2002,977,0.7713563871782726,"10*9/L, x10^9/l",6.571242680546519,,,,,,,,
3011520,Treponema pallidum Ab [Presence] in Serum by Immunoassay,Measurement,LOINC,Lab Test,24110-9,measurement,1993,1840,1.4527080372651193,,,0.41793163269329336,,,,,,,
40765210,Herpes simplex virus 1 DNA [#/volume] (viral load) in Bronchoalveolar lavage by NAA with probe detection,Measurement,LOINC,Lab Test,62473-4,measurement,1967,716,0.565292910153166,", Cp/ml",,2.6889563537436425,,,,,,,
3031911,Cytomegalovirus DNA [#/volume] (viral load) in Bronchoalveolar lavage by NAA with probe detection,Measurement,LOINC,Lab Test,49349-4,measurement,1962,717,0.56608242539081,", IU/mL",,2.692899104995466,,,,,,,
3025643,Ethanol [Mass/volume] in Blood,Measurement,LOINC,Lab Test,5640-8,measurement,1929,1652,1.304279172588031,"g/L, 0/00",,0.34301935890864643,,,,,,0.5234231876472127,
3046588,Normoblasts/Blasts in Blood,Measurement,LOINC,Lab Test,33957-2,measurement,1910,826,0.6521395862940155,"%, /100 leuc",,,0.054355882788950934,,,,,,3.4054325955734406
21493943,Blood loss [Volume] Measured,Measurement,LOINC,Clinical Observation,81661-1,measurement,1908,864,0.6821411653244908,", ml, mL",,0.18925206008752907,,1.0044642857142858,21.03321033210332,,,,1.2826961770623742
3022174,Leukocytes [#/volume] in Body fluid,Measurement,LOINC,Lab Test,26466-3,measurement,1900,1087,0.8582030633191221,", x10^9/l, 10E9/L",0.15800724974440003,1.7624098095651146,,,,,,,
3022192,Triglyceride [Mass/volume] in Serum or Plasma,Measurement,LOINC,Lab Test,2571-8,measurement,1885,1570,1.239538923101216,"mmol/L, mmol/l",0.5297890138488707,,,,,,,,
3012898,Urea [Moles/volume] in Urine,Measurement,LOINC,Lab Test,22700-9,measurement,1867,1197,0.9450497394599716,"mmol/l, mmol/L",,0.3154201001458818,,,,0.37006578947368424,,2.669458257000785,1.6750503018108651
3019473,Protein [Mass/volume] in Cerebral spinal fluid,Measurement,LOINC,Lab Test,2880-3,measurement,1846,1298,1.0247907784620243,"mg/L, g/l, g/L",0.009294544102611766,2.08177266096282,,0.26785714285714285,,0.9731359649122807,,2.04135043182413,
3020876,Protein [Mass/time] in 24 hour Urine,Measurement,LOINC,Lab Test,2889-4,measurement,1838,752,0.5937154587083531,"g/(24.h), g/24 uur, g/24uur, g/24u",1.189701645134306,0.6347829515435871,,0.06696428571428571,,,,0.287882753205967,0.306841046277666
1092055,Human bocavirus DNA [Presence] in Nasopharynx by NAA with probe detection,Measurement,LOINC,Lab Test,105433-7,measurement,1826,1322,1.0437391441654824,,,2.8111816425501717,,,,,,,
3025113,Glucose [Mass/volume] in Serum or Plasma --15 minutes post dose lactose PO,Measurement,LOINC,Lab Test,12648-2,measurement,1814,1532,1.2095373440707406,mmol/l,0.24165814666790594,,,,,,,,
3002079,Sodium [Moles/time] in 24 hour Urine,Measurement,LOINC,Lab Test,2956-1,measurement,1763,732,0.5779251539554714,"mmol/24uur, mmol/24u, mmol/(24.h), mmol/24 uur",1.152523468723859,0.5322714189961756,,0.044642857142857144,,,,0.26171159382360637,0.39738430583501005
3002623,Legionella pneumophila Ag [Presence] in Urine by Latex agglutination,Measurement,LOINC,Lab Test,17058-9,measurement,1760,1499,1.1834833412284858,,,4.068919291881875,,,,,,,
3035167,Continuous positive airway pressure Respiratory system,Measurement,LOINC,Clinical Observation,35410-0,measurement,1748,1055,0.8329385757145112,"uur, dag",,,,,,4.810855263157895,,,
2000000329,eligibility to be a tissue donor,Measurement,ICUdata,Observable Entity,2000000329,measurement,1732,1670,1.3184904468656244,,,,,,,,5.376083398993878,,
3966163,Shigella sp DNA [Presence] in Stool by NAA with probe detection,Measurement,LOINC,Lab Test,101427-3,measurement,1676,1008,0.7958313595452392,,,0.9462603004376454,,,,,,,
3021601,Nitrite [Presence] in Urine by Test strip,Measurement,LOINC,Lab Test,5802-4,measurement,1674,1056,0.8337280909521554,,,,,1.2723214285714286,28.351783517835177,,,,
46235749,Adenovirus DNA [Presence] in Nasopharynx by NAA with probe detection,Measurement,LOINC,Lab Test,76070-2,measurement,1670,1228,0.9695247118269382,,,2.6810708512399954,,,,,,,
3040891,Heart rate --resting,Measurement,LOINC,Clinical Observation,40443-4,measurement,1621,1190,0.9395231327964629,,0.8550980574402826,,,,,,,,
4196583,FEV1/FVC percent,Measurement,SNOMED,Observable Entity,313222007,measurement,1605,1600,1.2632243802305385,%,,,,,,0.009137426900584795,,,
3022730,Type of Stool collection device,Measurement,LOINC,Clinical Observation,9248-6,measurement,1568,1428,1.1274277593557556,,,,,,,,,,
46236735,Rhinovirus RNA [Presence] in Nasopharynx by NAA with probe detection,Measurement,LOINC,Lab Test,77025-5,measurement,1562,1154,0.9111005842412758,,,2.594330323699878,,,,,,,
37020808,Human metapneumovirus RNA [Presence] in Respiratory system specimen by NAA with probe detection,Measurement,LOINC,Lab Test,92134-6,measurement,1557,1038,0.8195168166745618,,,2.2434254622875844,,,,,,,
3025428,Microscopic observation [Identifier] in Cerebral spinal fluid,Measurement,LOINC,Lab Test,32190-1,measurement,1553,735,0.5802936996684036,,,1.8846350983716438,,,,,,,
42527661,Body height Mother,Measurement,LOINC,Clinical Observation,83846-6,measurement,1544,736,0.5810832149060476,cm,,,,,,,0.27880477604703313,,
3012392,Metamyelocytes [#/volume] in Blood by Manual count,Measurement,LOINC,Lab Test,739-3,measurement,1520,793,0.6260855834517606,"x10^9/l, 10*9/L",4.963286550794684,,,,,,,,
1259611,SARS-CoV-2 (COVID-19) RNA [Presence] in Respiratory system specimen,Measurement,LOINC,Lab Test,104451-0,measurement,1508,932,0.7358282014842886,,,3.284311792768994,,,,,,,
3016879,Cocaine [Presence] in Urine,Measurement,LOINC,Lab Test,3397-7,measurement,1449,1295,1.0224222327490922,"µg/L, ",0.009294544102611766,2.1369711784883494,,0.26785714285714285,,,,,
1091558,Toxic granules [Presence] in Blood,Measurement,LOINC,Lab Test,104789-3,measurement,1435,785,0.619769461550608,"., ",4.545032066177154,,,,,,,,
21490552,Sevoflurane [VFr/PPres] Gas delivery system,Measurement,LOINC,Clinical Observation,60781-2,measurement,1435,575,0.45397126164534973,%,,,,,,,0.2303169889084187,,
3002516,Microscopic observation [Identifier] in Sputum by Gram stain,Measurement,LOINC,Lab Test,648-6,measurement,1433,1113,0.8787304594978683,,,4.139888814414698,,,,,,,
3009966,Cholesterol in LDL [Mass/volume] in Serum or Plasma by Direct assay,Measurement,LOINC,Lab Test,18262-6,measurement,1433,1390,1.0974261803252803,"mmol/L, mmol/l",0.31601449948880006,,,,,,,,
3035509,Tobramycin [Mass/volume] in Serum or Plasma,Measurement,LOINC,Lab Test,35670-9,measurement,1431,622,0.4910784778146218,mg/l,,,,,,1.5122441520467835,,,1.1217303822937625
3026250,Tacrolimus [Mass/volume] in Blood,Measurement,LOINC,Lab Test,11253-2,measurement,1386,148,0.1168482551713248,"mg/l, µg/L, µg/l",0.046472720513058834,,,,,,,3.2190526040303586,
3011884,Cholesterol in HDL [Presence] in Serum or Plasma,Measurement,LOINC,Lab Test,27340-9,measurement,1386,1348,1.0642665403442286,"ratio, .",0.28813086718096476,,,,,,,,
40765214,Herpes simplex virus 2 DNA [#/volume] (viral load) in Bronchoalveolar lavage by NAA with probe detection,Measurement,LOINC,Lab Test,62477-5,measurement,1386,716,0.565292910153166,,,2.6889563537436425,,,,,,,
3028899,Airway temperature setting Ventilator,Measurement,LOINC,Clinical Observation,33446-6,measurement,1369,210,0.16579819990525818,°C,,,,4.6875,,,,,
3036180,Methadone [Presence] in Urine,Measurement,LOINC,Lab Test,3773-9,measurement,1274,1174,0.9268908889941576,"., ",0.5483781020540942,1.8846350983716438,,,,,,,
3014485,Sodium [Moles/volume] in 24 hour Urine,Measurement,LOINC,Lab Test,21525-1,measurement,1251,602,0.4752881730617401,mmol/l,2.9742541128357654,,,,,,,,
3000058,Para nitrophenol/Creatinine [Mass Ratio] in Urine,Measurement,LOINC,Lab Test,13790-1,measurement,1249,573,0.4523922311700616,mmol/l,3.2623849800167304,,,,,,,,
37019690,Mycoplasma pneumoniae DNA [Presence] in Upper respiratory specimen by NAA with probe detection,Measurement,LOINC,Lab Test,91804-5,measurement,1216,938,0.7405652929101532,,,3.1068879864369356,,,,,,,
37021465,Parainfluenza virus 3 RNA [Presence] in Respiratory system specimen by NAA with probe detection,Measurement,LOINC,Lab Test,92138-7,measurement,1204,817,0.6450339491552187,,,2.850609155068407,,,,,,,
3028300,Cannabinoids [Presence] in Urine,Measurement,LOINC,Lab Test,3427-2,measurement,1199,1093,0.8629401547449865,", µg/L",,1.924062610889879,,0.26785714285714285,,,,,
3031478,Chlamydophila pneumoniae DNA [Presence] in Specimen by NAA with probe detection,Measurement,LOINC,Lab Test,34645-2,measurement,1199,925,0.73030159482078,,,3.079288727674171,,,,,,,
3020565,Legionella pneumophila DNA [Presence] in Specimen by NAA with probe detection,Measurement,LOINC,Lab Test,21363-7,measurement,1196,921,0.7271435338702037,,,3.0516894689114062,,,,,,,
3041748,Fungus identified in Urine by Culture,Measurement,LOINC,Lab Test,40435-0,measurement,1188,764,0.6031896415600821,,,0.9304892954303513,,,,,,,
606289,6 minute walk test distance,Measurement,SNOMED,Observable Entity,1144649008,measurement,1185,905,0.7145112900678983,m.,,,,,,,,,
2000000902,Tracheostomy requesting specialty,Measurement,ICUdata,Observable Entity,2000000902,measurement,1182,824,0.6505605558187273,,,,3.8790334535751345,,,,,,
3032271,Calcium.ionized [Moles/volume] in Mixed venous blood,Measurement,LOINC,Lab Test,41646-1,measurement,1177,839,0.6624032843833886,mmol/L,,2.0502306509482318,,,,,,0.3402250719706883,
36303943,Heart rate --W exercise,Measurement,LOINC,Clinical Observation,89273-7,measurement,1144,851,0.6718774672351177,,0.2509526907705177,,,,,,,,
3013652,Pulmonary vascular Resistance,Measurement,LOINC,Clinical Observation,8828-6,measurement,1133,335,0.264487604610769,"(dyne*sec)/cm5, , sec cm-5",,,,0.044642857142857144,,,1.7213164434208135,,
3000034,Microalbumin [Mass/volume] in Urine,Measurement,LOINC,Lab Test,14957-5,measurement,1113,821,0.6481920101057951,"mg/l, mg/L",0.009294544102611766,0.19713756259117612,,0.15625,,0.689875730994152,,0.942161737764983,
3009713,Pulmonary vascular Resistance index,Measurement,LOINC,Clinical Observation,8834-4,measurement,1110,331,0.2613295436601926,"(dyne*sec)/cm5/m2, dsc-5/m2",,,,,,,1.7091944966361599,,
3020064,Aortic valve Orifice area by US,Measurement,LOINC,Clinical Observation,18089-3,measurement,1101,1021,0.8060950576346123,cm^2,,,,,,0.19188596491228072,,,
2000000912,Tracheostomy performing specialty,Measurement,ICUdata,Observable Entity,2000000912,measurement,1088,781,0.6166114006000316,,,0.1419390450656468,,,,,,,
3966351,Clostridioides difficile DNA [Presence] in Stool by NAA with probe detection,Measurement,LOINC,Lab Test,101557-7,measurement,1040,590,0.4658139902100111,,,0.6544967078027047,,,,,,,
3031163,Eosinophils [#/volume] in Cerebral spinal fluid,Measurement,LOINC,Lab Test,34958-9,measurement,1030,538,0.42475919785251853,10E6/L,,1.238023893072586,,,,,,,
1175658,Asymmetry of lower face,Measurement,LOINC,Clinical Observation,90869-9,measurement,1029,228,0.18000947418285174,,,,,2.5,6.826568265682657,,,,
46235757,Influenza virus A RNA [Presence] in Nasopharynx by NAA with probe detection,Measurement,LOINC,Lab Test,76078-5,measurement,1028,824,0.6505605558187273,,,2.1330284272365256,,,,,,,
46235759,Influenza virus B RNA [Presence] in Nasopharynx by NAA with probe detection,Measurement,LOINC,Lab Test,76080-1,measurement,1026,822,0.6489815253434391,,,2.1251429247328786,,,,,,,
1091174,Human metapneumovirus RNA [Presence] in Specimen by Molecular genetics method,Measurement,LOINC,Lab Test,104737-2,measurement,1026,822,0.6489815253434391,,,2.1251429247328786,,,,,,,
46235794,Respiratory syncytial virus RNA [Presence] in Nasopharynx by NAA with probe detection,Measurement,LOINC,Lab Test,76089-2,measurement,1026,822,0.6489815253434391,,,2.1251429247328786,,,,,,,
2000000031,CRRT dialysate solution,Measurement,ICUdata,Observable Entity,2000000031,measurement,1024,334,0.2636980893731249,l,,,,,,1.4163011695906433,,,
3007164,IgA [Mass/volume] in Serum or Plasma,Measurement,LOINC,Lab Test,2458-8,measurement,1024,809,0.638717827254066,"g/l, g/L, E/ml",0.009294544102611766,0.6544967078027047,,,,0.3746345029239766,,0.7851347814708192,
3028026,IgM [Mass/volume] in Serum or Plasma,Measurement,LOINC,Lab Test,2472-9,measurement,1013,804,0.6347702510658456,"g/l, g/L",0.009294544102611766,0.6623822103063518,,0.13392857142857142,1.168511685116851,0.34265350877192985,,0.7851347814708192,
40763136,Ganciclovir [Mass/volume] in Blood,Measurement,LOINC,Lab Test,60077-5,measurement,1006,254,0.20053687036159798,mg/l,,,,,,1.032529239766082,,,
2000000930,Vacuum wound therapy negative pressure,Measurement,ICUdata,Observable Entity,2000000930,measurement,1004,152,0.12000631612190116,,0.6877962635932707,,,,,,,,
1092158,Clostridioides difficile toxin genes [Presence] in Stool by Molecular genetics method,Measurement,LOINC,Lab Test,104731-5,measurement,1003,602,0.4752881730617401,,,0.7057524740764105,,,,,,,
3012133,Amylase [Enzymatic activity/volume] in Body fluid,Measurement,LOINC,Lab Test,1795-4,measurement,1000,242,0.19106268750986893,"U/L, U/l",0.6877962635932707,,,1.4285714285714286,,,,0.36639623135304894,
2000000409,Atrial pacemaker - set sense,Measurement,ICUdata,Observable Entity,2000000409,measurement,995,412,0.32528027790936365,,,1.4943027244411151,,,,,,,
3041232,aPTT in Platelet poor plasma by Coagulation assay --post heparin neutralization,Measurement,LOINC,Lab Test,52123-7,measurement,990,898,0.7089846834043897,sec,,,,19.910714285714285,,,,,
2000000134,Coagulation factor X activated inhibitor [Mass/volume] in Platelet poor plasma --ufh,Measurement,ICUdata,Observable Entity,2000000134,measurement,981,184,0.1452708037265119,U/mL,,,,,,,,4.3967547762365875,
4092014,Cardiac axis,Measurement,SNOMED,Observable Entity,251191008,measurement,965,501,0.39554713405968733,,0.14871270564178826,,,,,,,,
44786640,Carbapenem resistance blaNDM gene [Presence] by Molecular method,Measurement,LOINC,Lab Test,73982-1,measurement,950,381,0.300805305542397,,,0.97385955920041,,,,,,,
3027598,Mean blood pressure,Measurement,LOINC,Clinical Observation,8478-0,measurement,934,89,0.0702668561503237,mmHg,0.7435635282089413,,,,,,,,
21490651,Mean airway pressure --during inspiration,Measurement,LOINC,Clinical Observation,60952-9,measurement,912,405,0.319753671245855,cm H2O,,,,,,,1.57585308200497,,
3034551,Parathyrin [Mass/volume] in Serum or Plasma --baseline,Measurement,LOINC,Lab Test,35566-9,measurement,900,702,0.5542396968261487,pmol/L,,0.7570082403501163,,,,,,0.5234231876472127,
2000000007,Delirium observation screening evening,Measurement,ICUdata,Observable Entity,2000000007,measurement,883,363,0.28659403126480343,,,,,0.9375,18.757687576875767,,,,
3022547,Leukocytes [Presence] in Urine sediment by Light microscopy,Measurement,LOINC,Lab Test,20455-2,measurement,859,743,0.5866098215695563,/veld,,,,,,,,,0.6841046277665996
1091049,Amphetamine [Presence] in Urine,Measurement,LOINC,Lab Test,105967-4,measurement,837,774,0.6110847939365229,,,1.403619445649174,,,,,,,
46235753,Enterovirus RNA [Presence] in Nasopharynx by NAA with probe detection,Measurement,LOINC,Lab Test,76074-4,measurement,834,597,0.47134059687351965,,,1.0527145842368806,,,,,,,
40765591,Rotavirus RNA [Presence] in Specimen by NAA with probe detection,Measurement,LOINC,Lab Test,62859-4,measurement,832,517,0.4081793778619927,,,0.5086149114852344,,,,,,,
42868428,Astrovirus RNA [Presence] in Specimen by NAA with probe detection,Measurement,LOINC,Lab Test,69938-9,measurement,830,516,0.4073898626243487,,,0.5007294089815874,,,,,,,
36305767,Norovirus genogroups I and II RNA panel - Stool by NAA with probe detection,Measurement,LOINC,Lab Test,88701-8,measurement,819,506,0.3994947102479078,,,0.48890115522611677,,,,,,,
3965131,Sapovirus genogroup V RNA [Presence] in Stool by NAA with probe detection,Measurement,LOINC,Lab Test,101563-5,measurement,819,506,0.3994947102479078,,,0.48890115522611677,,,,,,,
37021247,Adenovirus 40+41 DNA [Presence] in Stool by NAA with probe detection,Measurement,LOINC,Lab Test,92690-7,measurement,819,506,0.3994947102479078,,,0.48890115522611677,,,,,,,
2000000372,fluid output - urine splint drain right,Measurement,ICUdata,Observable Entity,2000000372,measurement,810,17,0.013421759039949471,ml,,,,,,,,,0.08551307847082495
3016881,Enterovirus RNA [Presence] in Specimen by NAA with probe detection,Measurement,LOINC,Lab Test,29591-5,measurement,797,490,0.3868624664456024,,,0.4928439064779403,,,,,,,
3007682,Benzodiazepines [Presence] in Urine by Screen method,Measurement,LOINC,Lab Test,14316-4,measurement,791,741,0.5850307910942681,,,1.3168789181090566,,,,,,,
36304443,Parechovirus RNA [Presence] in Stool by NAA with probe detection,Measurement,LOINC,Lab Test,88218-3,measurement,782,478,0.3773882835938734,,,0.4573591452115286,,,,,,,
3016201,Valproate [Mass/volume] in Serum or Plasma,Measurement,LOINC,Lab Test,4086-5,measurement,773,380,0.3000157903047529,"mg/L, mg/l",,,,,,1.0188230994152048,,0.13085579691180318,0.49798792756539234
1092289,Mycoplasma pneumoniae DNA [Presence] in Bronchoalveolar lavage by NAA with probe detection,Measurement,LOINC,Lab Test,105612-6,measurement,766,553,0.4366019264171799,,,2.062058904703702,,,,,,,
1091136,Microscopic observation [Identifier] in Specimen,Measurement,LOINC,Lab Test,105059-0,measurement,764,576,0.4547607768829938,,,1.0606000867405276,,,,,,,
3012582,Chlamydophila pneumoniae DNA [Presence] in Sputum or Bronchial by Probe with amplification,Measurement,LOINC,Lab Test,10652-6,measurement,763,548,0.43265435022895943,,,2.0423451484445847,,,,,,,
3043469,Capillary refill [Time] of Nail bed,Measurement,LOINC,Clinical Observation,44963-7,measurement,743,376,0.29685772935417654,,,,,6.25,5.719557195571956,,,,
43533603,Anion gap in Venous blood by Calculated.4Ions,Measurement,LOINC,Lab Test,73578-7,measurement,741,434,0.34264961313753356,mmol/L,,,,0.5133928571428571,,,,,
1091495,Parainfluenza virus 4 RNA [Presence] in Bronchoalveolar lavage by NAA with probe detection,Measurement,LOINC,Lab Test,105730-6,measurement,732,528,0.4168640454760777,,,1.94771911840082,,,,,,,
3038522,Human metapneumovirus RNA [Identifier] in Specimen by NAA with probe detection,Measurement,LOINC,Lab Test,40978-9,measurement,732,528,0.4168640454760777,,,1.94771911840082,,,,,,,
1091836,Parainfluenza virus 1 RNA [Presence] in Bronchoalveolar lavage by NAA with probe detection,Measurement,LOINC,Lab Test,105727-2,measurement,732,528,0.4168640454760777,,,1.94771911840082,,,,,,,
1092347,Parainfluenza virus 2 RNA [Presence] in Bronchoalveolar lavage by NAA with probe detection,Measurement,LOINC,Lab Test,105728-0,measurement,731,527,0.4160745302384336,,,1.94771911840082,,,,,,,
1091559,Human coronavirus RNA [Presence] in Bronchoalveolar lavage by NAA with probe detection,Measurement,LOINC,Lab Test,105733-0,measurement,731,527,0.4160745302384336,,,1.94771911840082,,,,,,,
3038098,Enterovirus RNA [Presence] in Nose by NAA with probe detection,Measurement,LOINC,Lab Test,7881-6,measurement,728,568,0.44844465498184116,,,1.5534439932184678,,,,,,,
1092086,Parechovirus RNA [Presence] in Nasopharynx by NAA with probe detection,Measurement,LOINC,Lab Test,105434-5,measurement,728,568,0.44844465498184116,,,1.5534439932184678,,,,,,,
1469569,Legionella pneumophila DNA [Presence] in Bronchoalveolar lavage by NAA with non-probe detection,Measurement,LOINC,Lab Test,107368-3,measurement,726,524,0.41370598452550134,,,1.9437763671489965,,,,,,,
3015608,Urea nitrogen [Mass/volume] in 24 hour Urine,Measurement,LOINC,Lab Test,12967-6,measurement,724,209,0.1650086846676141,mmol/l,1.515010688725718,,,,,,,,
3001079,Blood group antibody screen [Presence] in Serum or Plasma,Measurement,LOINC,Lab Test,890-4,measurement,722,355,0.2802779093636507,,0.6692071753880472,,,,,,,,
3022405,Physical findings of Knee,Measurement,LOINC,Clinical Observation,11438-9,measurement,706,474,0.37423022264329703,,,,,,,,1.5273652948663556,,
3004239,Creatinine [Mass/time] in 24 hour Urine,Measurement,LOINC,Lab Test,2162-6,measurement,701,238,0.1879046265592926,mmol/24u,1.6172506738544474,,,,,,,,
1091199,SARS-CoV-2 (COVID-19) RNA [Presence] in Bronchoalveolar lavage by NAA with probe detection,Measurement,LOINC,Lab Test,105749-6,measurement,695,442,0.3489657350386862,,,1.691440287032291,,,,,,,
3016330,Potassium [Moles/time] in 24 hour Urine,Measurement,LOINC,Lab Test,2829-0,measurement,689,240,0.18948365703458075,"mmol/24 uur, mmol/24uur, mmol/24u",1.1060507482108002,,,0.022321428571428572,,,,0.13085579691180318,0.2012072434607646
1091660,Rhinovirus RNA [Presence] in Bronchoalveolar lavage by NAA with probe detection,Measurement,LOINC,Lab Test,105732-2,measurement,684,486,0.38370440549502605,,,1.7860663170760556,,,,,,,
3008071,Urine output 24 hour,Measurement,LOINC,Clinical Observation,9192-6,measurement,682,223,0.1760618979946313,ml,1.6265452179570592,,,,,,,,
1092215,Amorphous sediment [Presence] in Urine sediment,Measurement,LOINC,Lab Test,105888-2,measurement,679,597,0.47134059687351965,,,0.5953554390253519,,,,,,,
3048762,Shigella sp DNA [Presence] in Specimen by NAA with probe detection,Measurement,LOINC,Lab Test,46455-2,measurement,674,439,0.346597189325754,,,0.42975988644876395,,,,,,,
1092255,Campylobacter sp DNA [Identifier] in Stool by NAA with probe detection,Measurement,LOINC,Lab Test,105920-3,measurement,674,439,0.346597189325754,,,0.42975988644876395,,,,,,,
3008338,Lactate dehydrogenase [Enzymatic activity/volume] in Body fluid,Measurement,LOINC,Lab Test,2529-6,measurement,670,510,0.40265277119848414,"U/L 37°C, U/l",0.278836323078353,0.9147182904230572,,,,,,,
3002617,Acetaminophen [Mass/volume] in Serum or Plasma,Measurement,LOINC,Lab Test,3298-7,measurement,667,461,0.36396652455392386,"mg/L, mg/l",0.9759271307742355,,,0.49107142857142855,,,,0.6281078251766553,0.39738430583501005
21490678,Left atrial pressure,Measurement,LOINC,Clinical Observation,60988-3,measurement,658,3,0.0023685457129322598,mmHg,,,,,,,0.012121946784653616,,
1259612,Oxygen consumption (VO2) --peak,Measurement,LOINC,Clinical Observation,103749-8,measurement,658,371,0.2929101531659561,,0.009294544102611766,,,,,,,,
3002799,Nitrogen [Mass/time] in 24 hour Urine,Measurement,LOINC,Lab Test,2660-9,measurement,633,268,0.21159008368861518,g/d,,,,,,,1.1515849445420934,,
3011544,Albumin [Mass/volume] in Pleural fluid,Measurement,LOINC,Lab Test,1748-3,measurement,622,460,0.36317700931627983,"g/L, g/l",,0.8555770216457044,,0.13392857142857142,,,,0.575765506411934,0.4476861167002012
3015054,Lactate dehydrogenase [Enzymatic activity/volume] in Pleural fluid,Measurement,LOINC,Lab Test,2530-4,measurement,622,438,0.3458076740881099,U/L,,0.9896305642077041,,0.4017857142857143,,,,0.8374771002355405,
46235767,Respiratory syncytial virus RNA [Presence] in Bronchoalveolar lavage by NAA with probe detection,Measurement,LOINC,Lab Test,76088-4,measurement,621,463,0.36554555502921204,,,1.7229822970468793,,,,,,,
46235758,Influenza virus B RNA [Presence] in Bronchoalveolar lavage by NAA with probe detection,Measurement,LOINC,Lab Test,76079-3,measurement,621,463,0.36554555502921204,,,1.7229822970468793,,,,,,,
46235756,Influenza virus A RNA [Presence] in Bronchoalveolar lavage by NAA with probe detection,Measurement,LOINC,Lab Test,76077-7,measurement,621,463,0.36554555502921204,,,1.7229822970468793,,,,,,,
3035880,pH of Pleural fluid,Measurement,LOINC,Lab Test,2750-8,measurement,612,400,0.31580609505763463,", Geen",,0.9423175491858219,,0.35714285714285715,,,,0.654278984559016,
3023669,Thiamine [Moles/volume] in Serum or Plasma,Measurement,LOINC,Lab Test,20468-5,measurement,602,566,0.446865624506553,"nmol/l, nmol/L",0.24165814666790594,0.5401569214998225,,,,,,0.18319811567652447,
3035350,Ketones [Presence] in Urine by Test strip,Measurement,LOINC,Lab Test,2514-8,measurement,599,435,0.34343912837517765,,0.0557672646156706,,,1.2723214285714286,,,,,
3000330,Specific gravity of Urine by Test strip,Measurement,LOINC,Lab Test,5811-5,measurement,595,432,0.3410705826622454,kg/L,,,,1.3392857142857142,,,,,
40760845,Protein [Presence] in Urine by Automated test strip,Measurement,LOINC,Lab Test,57735-3,measurement,592,429,0.3387020369493131,,,,,1.2723214285714286,,,,,
3030260,Glucose [Presence] in Urine by Automated test strip,Measurement,LOINC,Lab Test,50555-2,measurement,592,429,0.3387020369493131,,,,,1.2723214285714286,,,,,
3020672,Legionella sp identified in Sputum by Organism specific culture,Measurement,LOINC,Lab Test,590-0,measurement,592,557,0.4397599873677562,,,1.8097228245869967,,,,,,,
3018834,Bilirubin.total [Presence] in Urine by Test strip,Measurement,LOINC,Lab Test,5770-3,measurement,592,429,0.3387020369493131,,,,,1.2723214285714286,,,,,
3000348,Leukocyte esterase [Presence] in Urine by Test strip,Measurement,LOINC,Lab Test,5799-2,measurement,592,429,0.3387020369493131,,,,,1.2723214285714286,,,,,
3005719,IgG [Mass/volume] in Serum or Plasma,Measurement,LOINC,Lab Test,2465-3,measurement,583,409,0.3229117321964314,"mg, g/l, g, g/L",0.20447997025745887,,,0.15625,1.168511685116851,0.35635964912280704,,1.3609002878827532,
3003434,Protein [Mass/volume] in Pleural fluid,Measurement,LOINC,Lab Test,2882-9,measurement,579,420,0.33159639981051636,"g/l, g/L",,0.9817450617040571,,0.3794642857142857,,,,0.863648259617901,
3017457,Urea nitrogen [Mass/time] in 24 hour Urine,Measurement,LOINC,Lab Test,3096-5,measurement,572,151,0.11921680088425707,mmol/24u,1.1618180128264708,,,,,,,,
2000000171,Tracheostomy insertion time,Measurement,ICUdata,Observable Entity,2000000171,measurement,571,384,0.30317385125532925,,,,,,,,0.06667070731559488,3.5854488353834073,0.9708249496981891
3005445,Coagulation factor X activated [Units/volume] in Platelet poor plasma by Coagulation assay,Measurement,LOINC,Lab Test,3217-7,measurement,570,165,0.13027001421127427,"U/ml, IE/ml",,,,,,0.28326023391812866,,,0.3118712273641851
3036782,Glucose [Moles/volume] in Pleural fluid,Measurement,LOINC,Lab Test,14747-0,measurement,570,403,0.3181746407705669,"mmol/L, mmol/l",,0.9186610416748807,,0.3794642857142857,,,,0.6804501439413766,
3026286,Lipase [Enzymatic activity/volume] in Body fluid,Measurement,LOINC,Lab Test,15212-4,measurement,567,80,0.06316121901152692,U/L,,,,1.5401785714285714,,,,0.10468463752944256,
3002000,Albumin [Mass/volume] in Specimen,Measurement,LOINC,Lab Test,32293-3,measurement,560,357,0.2818569398389389,g/L,,0.8200922603792927,,,,,,,
44782837,Metabolic equivalent of task,Measurement,SNOMED,Observable Entity,698834005,measurement,548,275,0.2171166903521238,,,,,,,,,,
3006322,Oral temperature,Measurement,LOINC,Clinical Observation,8331-1,measurement,546,37,0.0292120637928312,°C,,,,,,,,,0.18611670020120724
44812145,Urine benzodiazepine screening test,Measurement,SNOMED,Procedure,911081000000106,measurement,538,495,0.39081004263382285,,,,,,,0.872624269005848,,,
4147864,Urine cocaine metabolite screening,Measurement,SNOMED,Procedure,310628003,measurement,538,495,0.39081004263382285,,,,,,,0.872624269005848,,,
4192887,Urine methadone screen,Measurement,SNOMED,Procedure,394955006,measurement,538,495,0.39081004263382285,,,,,,,0.872624269005848,,,
2000000008,Delirium observation screening night,Measurement,ICUdata,Observable Entity,2000000008,measurement,533,266,0.21001105321332703,,,,,0.625,13.960639606396064,,,,
3029254,Adenovirus DNA [#/volume] (viral load) in Bronchoalveolar lavage by NAA with probe detection,Measurement,LOINC,Lab Test,49336-1,measurement,524,389,0.30712142744354964,,,1.4351614556637622,,,,,,,
1988449,Erythrocytes.dysmorphic/Erythrocytes in Urine by Automated count,Measurement,LOINC,Lab Test,99598-5,measurement,517,339,0.26764566556134534,%,,0.6663249615581753,,,,,,,
3033427,Fungus identified in Specimen,Measurement,LOINC,Lab Test,42805-2,measurement,515,438,0.3458076740881099,,,1.4391042069155857,,,,,,,
1091075,Enterovirus RNA [Presence] in Bronchoalveolar lavage by NAA with probe detection,Measurement,LOINC,Lab Test,105738-9,measurement,507,367,0.28975209221537973,,,1.3563064306272916,,,,,,,
3016267,Urine output by in and out urethral catheter,Measurement,LOINC,Clinical Observation,9195-9,measurement,503,9,0.0071056371387967785,ml,,,,,,,,,0.04527162977867203
21492394,Mycobacterium tuberculosis DNA [Presence] in Bronchoalveolar lavage by NAA with probe detection,Measurement,LOINC,Lab Test,78357-1,measurement,496,376,0.29685772935417654,,,1.3011079131017624,,,,,,,
3013707,Erythrocyte sedimentation rate [Velocity] in Red Blood Cells by Westergren method,Measurement,LOINC,Lab Test,4537-7,measurement,494,235,0.18553608084636034,mm/u,,,,0.5580357142857143,,,,,
3033019,Pneumocystis jirovecii DNA [#/volume] in Bronchoalveolar lavage by NAA with probe detection,Measurement,LOINC,Lab Test,49438-5,measurement,492,346,0.27317227222485396,,,1.2419666443244095,,,,,,,
3047148,Creatinine renal clearance in Urine and Serum or Plasma collected for unspecified duration,Measurement,LOINC,Lab Test,33558-8,measurement,491,390,0.30791094268119373,"ml/min, mL/min",,,,,,,,4.658466370060194,0.3873239436619718
1092022,Parainfluenza virus 4 RNA [Presence] in Specimen by Molecular genetics method,Measurement,LOINC,Lab Test,104716-6,measurement,473,379,0.2992262750671088,,,1.198596380554351,,,,,,,
37019589,Parainfluenza virus 1 RNA [Presence] in Respiratory system specimen by NAA with probe detection,Measurement,LOINC,Lab Test,92140-3,measurement,473,379,0.2992262750671088,,,1.198596380554351,,,,,,,
1091289,Parainfluenza virus 2 RNA [Presence] in Specimen by Molecular genetics method,Measurement,LOINC,Lab Test,104776-0,measurement,473,379,0.2992262750671088,,,1.198596380554351,,,,,,,
36305572,Microscopic observation [Presence] in Specimen by Auramine fluorochrome stain,Measurement,LOINC,Lab Test,87243-2,measurement,468,357,0.2818569398389389,,,1.230138390568939,,,,,,,
1616373,Oxygen saturation in Central venous blood,Measurement,LOINC,Lab Test,97549-0,measurement,455,148,0.1168482551713248,"mol/mol, Geen",,,,,,,,2.1460350693535726,0.28672032193158953
3016816,Cytomegalovirus IgG Ab [Presence] in Serum or Plasma,Measurement,LOINC,Lab Test,22244-8,measurement,450,415,0.3276488236222959,,,0.5165004139888815,,,,0.29696637426900585,,,
1092357,Rhinovirus RNA [Presence] in Sputum by NAA with probe detection,Measurement,LOINC,Lab Test,105237-2,measurement,448,357,0.2818569398389389,,,1.1276268580215274,,,,,,,
1988590,Ultrafiltrate volume removed,Measurement,LOINC,Clinical Observation,99741-1,measurement,434,140,0.11053213327017211,"mL, ml",,,0.6176804862380788,,,,0.03030486696163404,,
21493079,Fluid intake enteral tube nutritional formula volume 24 hour,Measurement,LOINC,Clinical Observation,80477-3,measurement,432,281,0.2218537817779883,ml/d,,,,,,,1.1091581307958058,,
3024153,Promyelocytes [#/volume] in Blood by Manual count,Measurement,LOINC,Lab Test,781-5,measurement,425,243,0.19185220274751302,"10*9/L, x10^9/l",1.9239706292406358,,,,,,,,
46234689,Nutrition status observation panel,Measurement,LOINC,Clinical Observation,75304-6,measurement,421,406,0.3205431864834991,,,,,9.040178571428571,,,,,
3004764,Prealbumin/Protein.total in Cerebral spinal fluid by Electrophoresis,Measurement,LOINC,Lab Test,13973-3,measurement,411,166,0.13105952944891835,"mg/l, mg/L",0.046472720513058834,,,,,,,,
4230629,"Creatinine measurement, 24 hour urine",Measurement,SNOMED,Procedure,8879006,measurement,402,288,0.2273803884414969,mg,,,,,,0.26955409356725146,,,
46234969,Mycobacterium sp identified in Bronchoalveolar lavage by Organism specific culture,Measurement,LOINC,Lab Test,76687-3,measurement,390,320,0.2526448760461077,,,1.1079131017624098,,,,,,,
3038988,Cholesterol in LDL [Moles/volume] in Serum or Plasma by calculation,Measurement,LOINC,Lab Test,39469-2,measurement,385,336,0.26527711984841307,mmol/L,,,,0.24553571428571427,5.535055350553505,,,,
36306016,Hyaline casts [#/area] in Urine sediment,Measurement,LOINC,Lab Test,88966-7,measurement,381,317,0.2502763303331754,/veld,,0.23656507510941135,,,,,,,
42870551,Thromboelastography after addtion of heparinase panel - Blood,Measurement,LOINC,Lab Test,69552-8,measurement,377,288,0.2273803884414969,sec,,,,4.263392857142857,,,,,
40766217,Epithelial cells.squamous [Presence] in Bronchoalveolar lavage,Measurement,LOINC,Lab Test,63487-3,measurement,376,290,0.2289594189167851,,,1.0645428379923512,,,,,,,
3006893,Glucose [Moles/volume] in Specimen,Measurement,LOINC,Lab Test,32318-8,measurement,367,287,0.22659087320385282,mmol/L,,0.6111264440326459,,,,,,,
40765161,Human bocavirus DNA [Presence] in Specimen by NAA with probe detection,Measurement,LOINC,Lab Test,62424-7,measurement,362,280,0.22106426654034422,,,0.8831762804084691,,,,,,,
3025046,Opiates [Identifier] in Urine,Measurement,LOINC,Lab Test,5706-7,measurement,354,311,0.2455392389073109,,,0.5440996727516461,,,,,,,
3027944,Amphetamines [Presence] in Urine,Measurement,LOINC,Lab Test,3349-8,measurement,354,311,0.2455392389073109,,0.009294544102611766,0.536214170247999,,,,,,,
3002088,cefTAZidime [Mass/volume] in Serum or Plasma,Measurement,LOINC,Lab Test,3449-6,measurement,348,265,0.20922153797568294,sec,,,,,,,,,0.9104627766599598
3052840,Varicella zoster virus DNA [#/volume] (viral load) in Cerebral spinal fluid by NAA with probe detection,Measurement,LOINC,Lab Test,47002-1,measurement,346,267,0.21080056845097112,,,0.6466112052990577,,,,,,,
3018676,Antithrombin [Units/volume] in Platelet poor plasma by Chromogenic method,Measurement,LOINC,Lab Test,3174-0,measurement,344,140,0.11053213327017211,%,0.9666325866716238,,,,,,,,
1091160,Enterovirus RNA [Presence] in Sputum by NAA with probe detection,Measurement,LOINC,Lab Test,105210-9,measurement,341,262,0.20685299226275067,,,0.8279777628829397,,,,,,,
3009354,Benzodiazepines screen method [Identifier] in Urine,Measurement,LOINC,Lab Test,19285-6,measurement,337,301,0.23764408653087005,,,0.5007294089815874,,,,,,,
2000000913,Reintubation reason,Measurement,ICUdata,Observable Entity,2000000913,measurement,333,292,0.23053844939207327,,,,1.442901615852152,,,,,,
3007357,Lymphoma cells/Leukocytes in Blood,Measurement,LOINC,Lab Test,30423-8,measurement,331,202,0.1594820780041055,%,,,,0.13392857142857142,11.07011070110701,,,,
3000963,Hemoglobin [Mass/volume] in Blood,Measurement,LOINC,Lab Test,718-7,measurement,324,222,0.1752723827569872,g/dl,,,,,,,1.0243045033032305,,
3024474,Albumin [Mass/volume] in Cerebral spinal fluid,Measurement,LOINC,Lab Test,1746-7,measurement,324,141,0.1113216485078162,"mg/l, mg/L",0.009294544102611766,,,0.022321428571428572,,,,,0.528169014084507
3036829,Pulse intensity Radial artery - right by palpation,Measurement,LOINC,Clinical Observation,8911-0,measurement,319,206,0.16264013895468182,,,,,2.3214285714285716,5.842558425584256,,0.006060973392326808,,0.015090543259557344
3012310,Bilirubin.total [Moles/volume] in Body fluid,Measurement,LOINC,Lab Test,29767-1,measurement,309,154,0.12158534659718932,"µmol/l, umol/L, µmol/L",,,,0.022321428571428572,,,,0.05234231876472128,0.5734406438631791
3002260,Type of Gastrostomy tube,Measurement,LOINC,Clinical Observation,8966-4,measurement,307,235,0.18553608084636034,,,,,,,,0.006060973392326808,,
3004381,Toxic granules [Presence] in Blood by Light microscopy,Measurement,LOINC,Lab Test,803-7,measurement,300,196,0.15474498657824096,,,,,1.1830357142857142,7.626076260762607,,,,
2000001037,CPAX total,Measurement,ICUdata,Observable Entity,2000001037,measurement,290,158,0.12474340754776567,Geen,,,,,,,,4.08270086364826,
3034429,Barbiturates screen method [Identifier] in Urine,Measurement,LOINC,Lab Test,19277-3,measurement,280,254,0.20053687036159798,,,0.3666758664195876,,,,,,,
36032223,Transpulmonary pressure gradient,Measurement,LOINC,Clinical Observation,95933-8,measurement,272,56,0.044212853308068845,,0.5019053815410354,,,,,,,,
3013807,Legionella sp identified in Bronchial specimen by Organism specific culture,Measurement,LOINC,Lab Test,589-2,measurement,271,255,0.20132638559924207,,,0.97385955920041,,,,,,,
3029435,Natriuretic peptide.B prohormone N-Terminal [Moles/volume] in Serum or Plasma,Measurement,LOINC,Lab Test,33763-4,measurement,271,189,0.14921837991473236,pg/mL,,,,1.2276785714285714,,,,,
3028638,Bilirubin.direct [Moles/volume] in Serum or Plasma,Measurement,LOINC,Lab Test,14629-0,measurement,270,100,0.07895152376440866,umol/L,0.49261083743842365,,,,,,,,
3028626,Oxygen [Partial pressure] in Capillary blood,Measurement,LOINC,Lab Test,2704-5,measurement,268,129,0.10184746565608717,kPa,0.07435635282089413,,,,,,,,
3023024,Carbon dioxide [Partial pressure] in Capillary blood,Measurement,LOINC,Lab Test,2020-6,measurement,268,129,0.10184746565608717,kPa,0.07435635282089413,,,,,,,,
44811981,Serum free PSA (prostate specific antigen) measurement,Measurement,SNOMED,Procedure,909341000000103,measurement,261,222,0.1752723827569872,mg,,,,,,0.14619883040935672,,,
3012897,Pulse intensity Popliteal artery - right by palpation,Measurement,LOINC,Clinical Observation,8907-8,measurement,261,133,0.10500552660666351,,,,,2.3214285714285716,1.6605166051660516,,,,
21490587,Arterial blood temperature,Measurement,LOINC,Clinical Observation,60835-6,measurement,257,16,0.012632243802305385,,,,,,,,,,
3050218,Voriconazole [Mass/volume] in Serum or Plasma,Measurement,LOINC,Lab Test,38370-3,measurement,255,115,0.09079425232906996,"mg/l, mg/L",,,,0.044642857142857144,,,,0.9159905783826223,0.32696177062374243
3036525,Urea [Moles/time] in 24 hour Urine,Measurement,LOINC,Lab Test,25550-5,measurement,251,175,0.13816516658771513,"mmol/24 uur, mmol/(24.h), mmol/24uur",0.009294544102611766,,,0.11160714285714286,,,,0.26171159382360637,0.4678068410462777
40763528,Reticulocytes [#/volume] in Blood by Automated count,Measurement,LOINC,Lab Test,60474-4,measurement,228,216,0.1705352913311227,x10^9/L,,,,0.17857142857142858,,,,,
42869451,Hemoglobin [Entitic mass] in Reticulocytes by Automated count,Measurement,LOINC,Lab Test,71694-4,measurement,226,215,0.1697457760934786,fmol,,,,0.17857142857142858,,,,,
3017143,Hepatitis C virus Ab [Presence] in Serum,Measurement,LOINC,Lab Test,16128-1,measurement,225,216,0.1705352913311227,,,,,,,0.33808479532163743,,,
3023035,Pulse intensity Popliteal artery - left by palpation,Measurement,LOINC,Clinical Observation,8906-0,measurement,224,108,0.08526764566556135,,,,,1.7633928571428572,1.6605166051660516,,,,
3037885,Microcytes [Presence] in Blood by Light microscopy,Measurement,LOINC,Lab Test,741-9,measurement,223,176,0.13895468182535922,.,0.9015707779533414,,,,,,,,
3016075,Rhythm segment [Interpretation] Narrative by EKG,Measurement,LOINC,Clinical Observation,9874-9,measurement,217,192,0.15158692562766463,,,,,,,,,,
40762352,Hemoglobin A1c/Hemoglobin.total in Blood by IFCC protocol,Measurement,LOINC,Lab Test,59261-8,measurement,215,192,0.15158692562766463,mmol/mol,,,,0.625,3.8130381303813037,,,,
4089159,Grip strength,Measurement,SNOMED,Observable Entity,251433001,measurement,214,131,0.10342649613137533,,,,,,,,,3.349908400942162,
42870588,"Differential panel, method unspecified - Blood",Measurement,LOINC,Lab Test,69738-3,measurement,212,107,0.08447813042791726,,,,,1.7410714285714286,,,,,
21490736,Heart rate by Noninvasive,Measurement,LOINC,Clinical Observation,76477-9,measurement,201,55,0.04342333807042476,sl/min,,,,,,,,,
2000000914,Tracheotomy approach,Measurement,ICUdata,Observable Entity,2000000914,measurement,189,138,0.10895310279488395,,,,,,,,,3.5854488353834073,
42868678,Cholesterol non HDL [Moles/volume] in Serum or Plasma,Measurement,LOINC,Lab Test,70204-3,measurement,186,180,0.14211274277593558,"mmol/L, ",0.018589088205223533,,,0.24553571428571427,,,,,
3046210,Cortisol [Mass/volume] in Serum or Plasma --baseline,Measurement,LOINC,Lab Test,43215-3,measurement,179,152,0.12000631612190116,"nmol/l, nmol/L",0.3346035876940236,,,,,,,,
40482942,Clinical chronic obstructive pulmonary disease questionnaire,Measurement,SNOMED,Staging / Scales,445312005,measurement,179,135,0.10658455708195168,,,,,,,,,,
3008467,Voriconazole [Susceptibility],Measurement,LOINC,Lab Test,32379-0,measurement,158,45,0.035528185693983895,mg/l,0.399665396412306,,,,,,,,
3024390,25-hydroxyvitamin D3 [Moles/volume] in Serum or Plasma,Measurement,LOINC,Lab Test,14635-7,measurement,158,130,0.10263698089373124,nmol/L,0.009294544102611766,,,0.044642857142857144,5.043050430504305,,,,
3021502,Macrocytes [Presence] in Blood by Light microscopy,Measurement,LOINC,Lab Test,738-5,measurement,151,109,0.08605716090320543,.,0.5111999256436471,,,,,,,,
3000185,Iron saturation [Mass Fraction] in Serum or Plasma,Measurement,LOINC,Lab Test,2502-3,measurement,149,127,0.10026843518079899,"fractie, mmol/l",,,,,,,,1.020675215912065,0.030181086519114688
2000001008,Euroscore II predicted mortality,Measurement,ICUdata,Observable Entity,2000001008,measurement,147,135,0.10658455708195168,%,,,,3.013392857142857,,,,,
3026493,Urate [Moles/volume] in Serum or Plasma,Measurement,LOINC,Lab Test,14933-6,measurement,145,99,0.07816200852676457,"mmol/L, mmol/l",,,0.11859465335771112,0.3125,2.337023370233702,,,,
40759195,Circumference Neck,Measurement,LOINC,Clinical Observation,56074-8,measurement,141,30,0.023685457129322594,cm,,,,,,,0.04242681374628765,,
1988508,Peritoneal dialysis fluid infused [Volume],Measurement,LOINC,Clinical Observation,99724-7,measurement,139,11,0.008684667614084951,mL,,,,,,,0.03030486696163404,,
3029315,Leukocytes [#/volume] in Urine by Automated count,Measurement,LOINC,Lab Test,51487-7,measurement,137,112,0.08842570661613769,/uL,0.13012361743656473,,,,,,,,
3002864,Erythrocytes [#/volume] in Urine by Automated count,Measurement,LOINC,Lab Test,798-9,measurement,137,112,0.08842570661613769,/uL,0.13012361743656473,,,,,,,,
3018133,Calcium [Moles/volume] in Urine,Measurement,LOINC,Lab Test,2004-0,measurement,135,79,0.06237170377388283,"mmol/24uur, mmol/24 uur, mmol/l, mmol/L",,,,,,,,0.2093692750588851,0.22132796780684105
1616922,Base excess in Central venous blood by calculation,Measurement,LOINC,Lab Test,97546-6,measurement,134,91,0.07184588662561188,mmol/L,,,,,,,,2.172206228735933,
1616654,Oxygen [Partial pressure] in Central venous blood,Measurement,LOINC,Lab Test,97540-9,measurement,134,91,0.07184588662561188,mm Hg,,,,,,,,2.172206228735933,
3033605,Complement C3 fragment [Mass/volume] in Red Blood Cells,Measurement,LOINC,Lab Test,4487-5,measurement,133,105,0.08289909995262909,.,0.399665396412306,,,,,,,,
3041816,Color of Dialysis fluid,Measurement,LOINC,Lab Test,51617-9,measurement,131,11,0.008684667614084951,,,,,,,,0.024243893569307232,,
3016087,Cholesterol.total/Cholesterol in HDL [Molar ratio] in Serum or Plasma,Measurement,LOINC,Lab Test,32309-7,measurement,131,127,0.10026843518079899,,,,,0.24553571428571427,,,,,
1989136,Peritoneal dialysis fluid drained [Volume],Measurement,LOINC,Clinical Observation,99725-4,measurement,131,11,0.008684667614084951,mL,,,,,,,0.03030486696163404,,
3018920,Vancomycin [Mass/volume] in Serum or Plasma --trough,Measurement,LOINC,Lab Test,4092-3,measurement,129,59,0.046581399021001106,"mg/l, mg/L",0.009294544102611766,,,0.24553571428571427,0.18450184501845018,,,,0.12575452716297786
3022548,Glucose [Mass/volume] in Cerebral spinal fluid,Measurement,LOINC,Lab Test,2342-4,measurement,128,99,0.07816200852676457,mmol/L,,,,,,,,1.9890081130594086,
1616989,Carbon dioxide [Partial pressure] in Central venous blood,Measurement,LOINC,Lab Test,97538-3,measurement,126,89,0.0702668561503237,kPa,,,0.4397885062015121,,,,,,
3009435,Left ventricular Intrachamber systolic pressure,Measurement,LOINC,Clinical Observation,8430-1,measurement,124,47,0.03710721616927207,mmHg,,,,,,,,,
3000620,Complement C3 [Mass/volume] in Serum or Plasma,Measurement,LOINC,Lab Test,4485-9,measurement,124,108,0.08526764566556135,"g/l, g/L, %",0.009294544102611766,,,0.06696428571428571,,,,0.5234231876472127,0.1659959758551308
3003715,Dohle body [Presence] in Blood by Light microscopy,Measurement,LOINC,Lab Test,7792-5,measurement,124,93,0.07342491710090004,,,,,0.4017857142857143,4.182041820418204,,,,
3007432,Physical findings of Extremities,Measurement,LOINC,Clinical Observation,8703-1,measurement,118,99,0.07816200852676457,,,,,2.142857142857143,0.18450184501845018,,,,
3003598,Drugs identified in Unknown substance by Screen method,Measurement,LOINC,Lab Test,16793-2,measurement,118,112,0.08842570661613769,.,0.557672646156706,,,,,,,,
3019170,Thyrotropin [Units/volume] in Serum or Plasma by Detection limit <= 0.005 mIU/L,Measurement,LOINC,Lab Test,11580-8,measurement,116,98,0.07737249328912048,mU/L,,,,0.9151785714285714,,,,,
3025105,Cocaine [Presence] in Serum or Plasma by Confirmatory method,Measurement,LOINC,Lab Test,8190-1,measurement,116,111,0.0876361913784936,.,0.5483781020540942,,,,,,,,
3027772,Cannabinoids [Presence] in Serum or Plasma,Measurement,LOINC,Lab Test,3425-6,measurement,116,110,0.08684667614084952,µg/l,0.5390835579514824,,,,,,,,
3000378,Morphine [Presence] in Serum or Plasma,Measurement,LOINC,Lab Test,3826-5,measurement,115,110,0.08684667614084952,.,0.5390835579514824,,,,,,,,
2000000387,pulsations arteria femoralis right,Measurement,ICUdata,Observable Entity,2000000387,measurement,114,67,0.052897520922153794,,,,0.00494144388990463,0.9375,1.4145141451414514,,,,
3028468,Fragments [Presence] in Blood by Light microscopy,Measurement,LOINC,Lab Test,10373-9,measurement,112,76,0.06000315806095058,,0.046472720513058834,,,0.26785714285714285,3.013530135301353,,,,
3039931,Prothrombin time (PT) in Platelet poor plasma by Coagulation assay --post heparin neutralization,Measurement,LOINC,Lab Test,52122-9,measurement,111,102,0.08053055423969682,sec,,,,1.9196428571428572,,,,,
3006924,Coagulation factor V activated [Units/volume] in Platelet poor plasma by Coagulation assay,Measurement,LOINC,Lab Test,3192-2,measurement,109,92,0.07263540186325596,%,,,,,,,,1.0468463752944255,
3025887,Neutrophils.hypersegmented/Leukocytes in Blood by Manual count,Measurement,LOINC,Lab Test,767-4,measurement,109,89,0.0702668561503237,", .",0.5111999256436471,,,,,,,,
3003412,Glucose [Mass/volume] in Serum or Plasma --30 minutes post dose lactose PO,Measurement,LOINC,Lab Test,26777-3,measurement,106,92,0.07263540186325596,"mmol/l, mmol/L",0.009294544102611766,,,,,,,,
3007030,Neutrophils.hypersegmented [Presence] in Blood by Light microscopy,Measurement,LOINC,Lab Test,765-8,measurement,106,68,0.053687036159797884,,,,,0.11160714285714286,3.4440344403444034,,,,
3027218,Fluid output chest tube [Appearance],Measurement,LOINC,Clinical Observation,9135-5,measurement,100,46,0.03631770093162798,,,,0.22236497504570835,,,,,,
3023456,Valproate Free/Valproate.total in Serum or Plasma,Measurement,LOINC,Lab Test,32283-4,measurement,97,54,0.04263382283278067,mg/l,0.31601449948880006,,,,,,,,
3042212,Oral assessment panel,Measurement,LOINC,Clinical Observation,39137-5,measurement,93,65,0.05131849044686562,,,,,1.4508928571428572,,,,,
3004831,Methemoglobin [Presence] in Blood,Measurement,LOINC,Lab Test,2613-8,measurement,91,20,0.01579030475288173,%,0.06506180871828236,,,,,,,,
44787087,Thiamine pyrophosphate [Moles/volume] in Blood,Measurement,LOINC,Lab Test,74444-1,measurement,90,77,0.06079267329859466,nmol/L,,,,0.13392857142857142,1.6605166051660516,,,,
3009736,Fluconazole [Mass/volume] in Serum or Plasma,Measurement,LOINC,Lab Test,10987-6,measurement,88,36,0.028422548555187114,mg/L,,,,,,,,0.942161737764983,
40759128,Platelet aggregation arachidonate induced in Blood --500 umol/L,Measurement,LOINC,Lab Test,56007-8,measurement,87,81,0.06395073424917101,U,,,,,,,0.01818292017698042,,
2000000381,pulsations arteria femoralis left,Measurement,ICUdata,Observable Entity,2000000381,measurement,84,49,0.03868624664456024,,,,0.00494144388990463,0.6026785714285714,1.2300123001230012,,,,
3009420,Ganciclovir [Mass/volume] in Serum or Plasma,Measurement,LOINC,Lab Test,15367-6,measurement,75,23,0.01815885046581399,"mg/l, mg/L",,,,,,,,0.4710808688824915,0.02012072434607646
3037459,Creatinine [Moles/volume] in Body fluid,Measurement,LOINC,Lab Test,25386-4,measurement,74,51,0.04026527711984841,"umol/L, µmol/L",0.018589088205223533,,,0.3794642857142857,,,,,
3020845,[Type] of Body fluid,Measurement,LOINC,Lab Test,14725-6,measurement,73,32,0.02526448760461077,,0.17659633794962357,,,,,,,,
3020554,Pulse intensity Ulnar artery - left by palpation,Measurement,LOINC,Clinical Observation,8912-8,measurement,70,59,0.046581399021001106,,,,,1.1607142857142858,0.36900369003690037,,,,
3022520,Coagulation factor VIII activated [Units/volume] in Platelet poor plasma by Coagulation assay,Measurement,LOINC,Lab Test,3208-6,measurement,69,41,0.03237012474340755,%,,,,,,,,0.942161737764983,
3033489,Left ventricular Intrachamber diastolic pressure,Measurement,LOINC,Clinical Observation,8375-8,measurement,69,47,0.03710721616927207,mmHg,,,,,,,,,
3018100,Left ventricular End diastolic blood pressure,Measurement,LOINC,Clinical Observation,8391-5,measurement,68,47,0.03710721616927207,mmHg,,,,,,,,,
40762525,Clinical biochemist review of results,Measurement,LOINC,Lab Test,59462-2,measurement,65,62,0.04894994473393337,,,,,0.44642857142857145,,,,,
3016293,Bicarbonate [Moles/volume] in Serum or Plasma,Measurement,LOINC,Lab Test,1963-8,measurement,63,33,0.026054002842254856,mmol/L,,,,0.15625,,,,,
3023694,Leukocytes [#/volume] in Cerebral spinal fluid by Manual count,Measurement,LOINC,Lab Test,806-0,measurement,62,56,0.044212853308068845,/µl,0.24165814666790594,,,,,,,,
3029217,Referral lab test identifier and name [Identifier],Measurement,LOINC,Lab Test,49581-2,measurement,61,41,0.03237012474340755,,0.18589088205223533,,,,,,,,
42868692,Triglyceride [Moles/volume] in Blood,Measurement,LOINC,Lab Test,70218-3,measurement,60,44,0.034738670456339805,mmol/l,,,0.17789198003656667,,,,,,
3002394,K Ag [Presence] on Red Blood Cells,Measurement,LOINC,Lab Test,1096-7,measurement,57,54,0.04263382283278067,,,,,0.15625,,,,,
3003573,C Ag [Presence] on Red Blood Cells,Measurement,LOINC,Lab Test,948-0,measurement,57,54,0.04263382283278067,,,,,0.15625,,,,,
3005222,little e Ag [Presence] on Red Blood Cells,Measurement,LOINC,Lab Test,1165-0,measurement,57,54,0.04263382283278067,,,,,0.15625,,,,,
3005186,little c Ag [Presence] on Red Blood Cells,Measurement,LOINC,Lab Test,1159-3,measurement,57,54,0.04263382283278067,,,,,0.15625,,,,,
3005480,E Ag [Presence] on Red Blood Cells,Measurement,LOINC,Lab Test,1021-5,measurement,57,54,0.04263382283278067,,,,,0.15625,,,,,
3013603,Prostate specific Ag [Mass/volume] in Serum or Plasma,Measurement,LOINC,Lab Test,2857-1,measurement,56,54,0.04263382283278067,µg/L,,,,,,,,0.36639623135304894,
3022229,Phosphate [Moles/volume] in Urine,Measurement,LOINC,Lab Test,13539-2,measurement,55,46,0.03631770093162798,"mmol/L, mmol/l",,,,,,,,0.07851347814708191,0.14587525150905434
3026989,Triiodothyronine (T3) Free [Moles/volume] in Serum or Plasma,Measurement,LOINC,Lab Test,14928-6,measurement,55,32,0.02526448760461077,"pmol/L, nmol/L, pmol/l",,,,0.044642857142857144,,,0.01818292017698042,0.3402250719706883,
3028531,Enolase.neuron specific [Mass/volume] in Serum or Plasma,Measurement,LOINC,Lab Test,15060-7,measurement,55,28,0.022106426654034422,µg/L,,,,0.33482142857142855,,,,,
3019947,Neutrophils/Leukocytes in Body fluid by Manual count,Measurement,LOINC,Lab Test,12238-2,measurement,55,41,0.03237012474340755,%,0.1394181615391765,,,,,,,,
3017289,Acyclovir [Mass/volume] in Serum or Plasma,Measurement,LOINC,Lab Test,9416-9,measurement,54,21,0.016579819990525817,"mg/L, ",,,,,,,,0.5234231876472127,
4259496,Corneal pachymetry,Measurement,SNOMED,Procedure,410456003,measurement,53,52,0.0410547923574925,,,,,,,,,,
3037701,Pyridoxine [Mass/volume] in Serum or Plasma,Measurement,LOINC,Lab Test,2900-9,measurement,52,50,0.03947576188220433,"nmol/L, nmol/l",0.037178176410447066,,,,,,,,
3016254,Gentamicin [Mass/volume] in Serum or Plasma --trough,Measurement,LOINC,Lab Test,3665-7,measurement,51,26,0.02052739617874625,"mg/L, mg/l",0.009294544102611766,,,0.15625,,,,,0.04024144869215292
3009496,Pulse intensity Ulnar artery - right by palpation,Measurement,LOINC,Clinical Observation,8913-6,measurement,51,40,0.03158060950576346,,,,,0.7366071428571429,0.36900369003690037,,,,
3051593,INR in Capillary blood by Coagulation assay,Measurement,LOINC,Lab Test,46418-0,measurement,51,49,0.03868624664456024,INR,,,,0.20089285714285715,0.43050430504305043,,,,
3040197,Anisochromasia [Presence] in Blood by Light microscopy,Measurement,LOINC,Lab Test,51582-5,measurement,50,32,0.02526448760461077,,,,,0.5357142857142857,,,,,
3011681,Plasma cells/Leukocytes in Body fluid,Measurement,LOINC,Lab Test,17803-8,measurement,49,39,0.030791094268119375,"x10^9/l, 10*9/L",0.24165814666790594,,,,,,,,
3018171,Choriogonadotropin [Units/volume] in Serum or Plasma,Measurement,LOINC,Lab Test,19080-1,measurement,45,38,0.03000157903047529,E/l,,,,,,,,,0.1056338028169014
3017766,Complement C4 [Mass/volume] in Serum or Plasma,Measurement,LOINC,Lab Test,4498-2,measurement,45,41,0.03237012474340755,"g/L, mg/L",0.009294544102611766,,,0.06696428571428571,,,,0.5495943470295734,
3024783,Stomatocytes [Presence] in Blood by Light microscopy,Measurement,LOINC,Lab Test,10380-4,measurement,45,30,0.023685457129322594,,,,,0.11160714285714286,1.4145141451414514,,,,
3038136,Choriogonadotropin.beta subunit [Units/volume] in Serum or Plasma,Measurement,LOINC,Lab Test,21198-7,measurement,45,44,0.034738670456339805,U/L,,,,0.044642857142857144,,,,,
3025696,Lithium [Mass/volume] in Serum or Plasma,Measurement,LOINC,Lab Test,3719-2,measurement,45,14,0.011053213327017211,mmol/L,,,,,,,,0.287882753205967,
44787085,Pyridoxal phosphate [Moles/volume] in Blood,Measurement,LOINC,Lab Test,74442-5,measurement,44,39,0.030791094268119375,nmol/L,,,,,1.6605166051660516,,,,
3046310,Tacrolimus [Mass/volume] in Serum or Plasma,Measurement,LOINC,Lab Test,32721-3,measurement,44,12,0.009474182851729039,µg/L,,,,0.06696428571428571,0.36900369003690037,,,,
3006025,Fluid output wound drain 8 hour,Measurement,LOINC,Clinical Observation,9198-3,measurement,44,3,0.0023685457129322598,ml,,,0.01482433166971389,,,,,,
3032700,Glomerular basement membrane Ab [Units/volume] in Serum,Measurement,LOINC,Lab Test,49774-3,measurement,44,37,0.0292120637928312,U/ml,0.1673017938470118,,,,,,,,
3010566,Parathyrin.intact [Moles/volume] in Serum or Plasma,Measurement,LOINC,Lab Test,14866-8,measurement,42,27,0.021316911416390336,pmol/L,,,,0.26785714285714285,,,,,
3009041,Cardiolipin IgG Ab [Units/volume] in Serum by Immunoassay,Measurement,LOINC,Lab Test,3181-5,measurement,42,37,0.0292120637928312,GPL-U/ml,0.1115345292313412,,,,,,,,
3014300,Beta 2 glycoprotein 1 IgM Ab [Units/volume] in Serum,Measurement,LOINC,Lab Test,16136-4,measurement,41,37,0.0292120637928312,U/ml,0.1115345292313412,,,,,,,,
3023199,Leukocytes [#/volume] in Pleural fluid,Measurement,LOINC,Lab Test,26467-1,measurement,41,35,0.027633033317543028,x10^9/L,,,,0.4017857142857143,,,,,
3042027,Normetanephrine Free [Moles/volume] in Serum or Plasma,Measurement,LOINC,Lab Test,40851-8,measurement,41,38,0.03000157903047529,"nmol/L, nmol/l",0.13012361743656473,,,,,,,,
3015813,Cardiolipin IgM Ab [Units/volume] in Serum by Immunoassay,Measurement,LOINC,Lab Test,3182-3,measurement,41,37,0.0292120637928312,MPL-U/ml,0.1115345292313412,,,,,,,,
3010375,cycloSPORINE [Mass/volume] in Blood,Measurement,LOINC,Lab Test,3520-4,measurement,41,13,0.010263698089373125,mg/L,,,,,,,,0.23554043444124576,
3043688,Hemoglobin [Mass/volume] in Body fluid,Measurement,LOINC,Lab Test,33509-1,measurement,40,35,0.027633033317543028,mmol/l,0.0557672646156706,,,,,,,,
1002345,Substance use disorder score,Measurement,LOINC,Clinical Observation,94029-6,measurement,40,15,0.011842728564661297,,,,,0.08928571428571429,0.6765067650676507,,,,
3043332,Capillary refill [Time] of Chest,Measurement,LOINC,Clinical Observation,44964-5,measurement,39,16,0.012632243802305385,,,,,0.06696428571428571,0.7995079950799509,,,,
3029103,Nuclear Ab [Presence] in Serum by Immunofluorescence,Measurement,LOINC,Lab Test,42254-3,measurement,39,37,0.0292120637928312,,0.018589088205223533,,,0.11160714285714286,,,,,
3008278,IgA [Mass/volume] in Cerebral spinal fluid,Measurement,LOINC,Lab Test,2457-0,measurement,39,38,0.03000157903047529,g/l,0.15800724974440003,,,,,,,,
3003785,Carcinoembryonic Ag [Mass/volume] in Serum or Plasma,Measurement,LOINC,Lab Test,2039-6,measurement,37,35,0.027633033317543028,"µg/l, ug/L, µg/L",0.037178176410447066,,,0.044642857142857144,,,,0.02617115938236064,
2000000627,Inspiratory rise time - sec set,Measurement,ICUdata,Observable Entity,2000000627,measurement,37,32,0.02526448760461077,"msec, sec",,,,0.6919642857142857,,,,0.02617115938236064,
3006706,IgM [Mass/volume] in Cerebral spinal fluid,Measurement,LOINC,Lab Test,2471-1,measurement,37,36,0.028422548555187114,g/l,0.1394181615391765,,,,,,,,
3025616,Target cells [Presence] in Blood by Light microscopy,Measurement,LOINC,Lab Test,10381-2,measurement,36,25,0.019737880941102164,,,,,0.49107142857142855,,,,,
3007808,Renin [Enzymatic activity/volume] in Plasma,Measurement,LOINC,Lab Test,2915-7,measurement,36,33,0.026054002842254856,"ng/l, ng/L",0.1673017938470118,,,,,,,,
3010657,Triiodothyronine (T3) Free [Mass/volume] in Serum or Plasma by Dialysis,Measurement,LOINC,Lab Test,29239-1,measurement,36,23,0.01815885046581399,pmol/l,0.10223998512872944,,,,,,,,
3014594,Urea [Moles/volume] in Body fluid,Measurement,LOINC,Lab Test,25549-7,measurement,34,11,0.008684667614084951,mmol/L,0.09294544102611767,,,,,,,,
1617262,Barthel index panel,Measurement,LOINC,Clinical Observation,96762-0,measurement,33,28,0.022106426654034422,,,,,0.022321428571428572,1.4760147601476015,,,,
3000637,Triglyceride [Mass/volume] in Body fluid,Measurement,LOINC,Lab Test,12228-3,measurement,32,20,0.01579030475288173,mmol/L,,,,,,,,0.4187385501177702,
3034780,Angiotensin converting enzyme [Enzymatic activity/volume] in Serum or Plasma,Measurement,LOINC,Lab Test,2742-5,measurement,32,32,0.02526448760461077,"U/l, U/L",0.046472720513058834,,,,,,,,
3022616,Phenytoin [Mass/volume] in Serum or Plasma,Measurement,LOINC,Lab Test,3968-5,measurement,31,11,0.008684667614084951,"mg/L, mg/l",0.07435635282089413,,,,,,,0.05234231876472128,
3045462,Protein/Creatinine [Ratio] in Urine,Measurement,LOINC,Lab Test,34366-5,measurement,31,27,0.021316911416390336,mg/mmol,0.06506180871828236,,,0.11160714285714286,,,,,
3027184,Lupus anticoagulant [Interpretation] in Platelet poor plasma,Measurement,LOINC,Lab Test,3281-3,measurement,30,27,0.021316911416390336,,,,,0.044642857142857144,0.43050430504305043,,,,
3015375,Amiodarone [Mass/volume] in Serum or Plasma,Measurement,LOINC,Lab Test,3330-8,measurement,30,20,0.01579030475288173,"mg/L, mg/l",0.046472720513058834,,,,,,,0.07851347814708191,
3034860,Kappa light chains.free [Mass/volume] in Serum,Measurement,LOINC,Lab Test,36916-5,measurement,30,30,0.023685457129322594,mg/L,,,,0.022321428571428572,,,,0.2093692750588851,
3020666,levETIRAcetam [Mass/volume] in Serum or Plasma,Measurement,LOINC,Lab Test,30471-7,measurement,29,23,0.01815885046581399,"mg/L, mg/l",0.0836508969235059,,,0.022321428571428572,,,,0.10468463752944256,
3009214,Lutropin [Units/volume] in Serum or Plasma,Measurement,LOINC,Lab Test,10501-5,measurement,29,25,0.019737880941102164,E/l,,,,,,,,,0.05030181086519115
3030511,Albumin [Mass/volume] in 24 hour Urine by Electrophoresis,Measurement,LOINC,Lab Test,51190-7,measurement,29,22,0.017369335228169903,mg/24uur,,,,,,,,,0.05533199195171026
3041426,Ketones [Moles/volume] in Blood,Measurement,LOINC,Lab Test,53061-8,measurement,29,22,0.017369335228169903,mmol/L,,,,,,,,0.3925673907354096,
3000493,Elliptocytes [Presence] in Blood by Light microscopy,Measurement,LOINC,Lab Test,11274-8,measurement,28,24,0.018948365703458078,,,,,0.044642857142857144,0.984009840098401,,,,
3011335,Digoxin [Mass/volume] in Serum or Plasma,Measurement,LOINC,Lab Test,10535-3,measurement,27,21,0.016579819990525817,"ng/ml, µg/L",,,0.02470721944952315,0.022321428571428572,,,,0.26171159382360637,
3046326,RBC casts [Presence] in Urine sediment by Light microscopy,Measurement,LOINC,Lab Test,33804-6,measurement,26,22,0.017369335228169903,,0.009294544102611766,,,0.022321428571428572,,,,,
3026692,Albumin [Mass/volume] in Peritoneal fluid,Measurement,LOINC,Lab Test,1749-1,measurement,26,21,0.016579819990525817,"g/L, g/l",,,,0.11160714285714286,,,,0.23554043444124576,
44787056,Differential panel - Cord blood,Measurement,LOINC,Lab Test,74413-6,measurement,25,13,0.010263698089373125,,,,,0.044642857142857144,,,,,
3038315,Erythrocytes.dysmorphic/Erythrocytes in Urine sediment by Light microscopy,Measurement,LOINC,Lab Test,53967-6,measurement,25,21,0.016579819990525817,%,0.009294544102611766,,,0.022321428571428572,,,,,
3009445,Proteinase 3 Ab [Units/volume] in Serum,Measurement,LOINC,Lab Test,6968-2,measurement,25,23,0.01815885046581399,IU/mL,,,,0.20089285714285715,,,,,
3017809,Bicarbonate [Moles/volume] in Arterial cord blood,Measurement,LOINC,Lab Test,28640-1,measurement,25,14,0.011053213327017211,,,,,0.022321428571428572,,,,,
3005570,Glucose [Moles/volume] in Urine,Measurement,LOINC,Lab Test,15076-3,measurement,24,20,0.01579030475288173,mmol/L,,,,,,,,0.49725202826485215,
3028639,carBAMazepine [Mass/volume] in Serum or Plasma,Measurement,LOINC,Lab Test,3432-2,measurement,24,14,0.011053213327017211,"mg/L, mg/l",0.0557672646156706,,,,,,,0.05234231876472128,
3013751,cloZAPine [Mass/volume] in Serum or Plasma,Measurement,LOINC,Lab Test,6896-5,measurement,24,12,0.009474182851729039,"ug/L, mg/l, ug/l, µg/L",0.0836508969235059,,,,,,,,
3003291,Casts [Presence] in Urine sediment by Light microscopy,Measurement,LOINC,Lab Test,24124-0,measurement,24,21,0.016579819990525817,,,,,0.044642857142857144,0.18450184501845018,,,,
3010409,Erythrocytes [#/volume] in Cerebral spinal fluid by Manual count,Measurement,LOINC,Lab Test,792-2,measurement,23,23,0.01815885046581399,/µl,0.10223998512872944,,,,,,,,
3023150,Myeloperoxidase Ab [Units/volume] in Serum,Measurement,LOINC,Lab Test,6969-0,measurement,23,23,0.01815885046581399,IU/mL,,,,0.17857142857142858,,,,,
21490886,PCA dose number.max 1 hour Infusion pump,Measurement,LOINC,Clinical Observation,76312-8,measurement,22,19,0.015000789515237645,,,,,,,,0.10303654766955574,,
3016426,Methylmalonate [Moles/volume] in Serum or Plasma,Measurement,LOINC,Lab Test,13964-2,measurement,22,20,0.01579030475288173,nmol/L,,,,0.044642857142857144,,,,,
3030924,Segmented neutrophils/Leukocytes in Pleural fluid,Measurement,LOINC,Lab Test,33385-6,measurement,21,19,0.015000789515237645,%,,,,0.15625,,,,,
3031735,Monocytes [#/volume] in Pleural fluid,Measurement,LOINC,Lab Test,35028-0,measurement,21,19,0.015000789515237645,%,,,,0.15625,,,,,
3030845,Lymphocytes [#/volume] in Pleural fluid,Measurement,LOINC,Lab Test,35098-3,measurement,21,19,0.015000789515237645,%,,,,0.15625,,,,,
3001893,Eosinophils/Leukocytes in Pleural fluid,Measurement,LOINC,Lab Test,30379-2,measurement,21,19,0.015000789515237645,%,,,,0.15625,,,,,
3021374,Sirolimus [Mass/volume] in Blood,Measurement,LOINC,Lab Test,29247-4,measurement,21,6,0.0047370914258645196,µg/L,,,,,,,,0.10468463752944256,
3002148,Methylenedioxymethamphetamine [Presence] in Urine by Screen method,Measurement,LOINC,Lab Test,19568-5,measurement,20,20,0.01579030475288173,"µg/L, ",0.0278836323078353,,,0.26785714285714285,,,,,
3008512,Albumin [Mass/volume] in Urine by Electrophoresis,Measurement,LOINC,Lab Test,6942-7,measurement,20,17,0.013421759039949471,mg/l,,,,,,,,,0.030181086519114688
3009917,Gentamicin [Mass/volume] in Serum or Plasma --peak,Measurement,LOINC,Lab Test,3663-2,measurement,20,10,0.007895152376440865,"mg/L, mg/l",,,,0.022321428571428572,,,,,0.02012072434607646
3028029,Mesothelial cells/Leukocytes in Pleural fluid,Measurement,LOINC,Lab Test,30431-1,measurement,20,19,0.015000789515237645,%,,,,0.15625,,,,,
3030905,Deprecated Polymorphonuclear cells [#/volume] in Blood,Measurement,LOINC,Lab Test,35003-3,measurement,20,20,0.01579030475288173,/µL,,,,0.35714285714285715,,,,,
3030571,Basophils/Leukocytes in Pleural fluid,Measurement,LOINC,Lab Test,35070-2,measurement,20,19,0.015000789515237645,%,,,,0.15625,,,,,
3012441,Differential panel - Pleural fluid,Measurement,LOINC,Lab Test,29583-2,measurement,20,19,0.015000789515237645,,,,,0.15625,,,,,
3006638,Tobramycin [Mass/volume] in Serum or Plasma --trough,Measurement,LOINC,Lab Test,4059-2,measurement,19,13,0.010263698089373125,"mg/L, mg/l",0.009294544102611766,,,0.022321428571428572,,,,,0.04527162977867203
3001870,Mononuclear cells [#/volume] in Body fluid,Measurement,LOINC,Lab Test,26490-3,measurement,19,19,0.015000789515237645,/µL,,,,0.3794642857142857,,,,,
3011461,Vancomycin [Mass/volume] in Serum or Plasma --peak,Measurement,LOINC,Lab Test,4090-7,measurement,19,12,0.009474182851729039,"mg/l, mg/L",,,,0.044642857142857144,,,,,0.01006036217303823
3037522,Nuclear Ab [Titer] in Serum,Measurement,LOINC,Lab Test,29953-7,measurement,19,18,0.014211274277593557,"titer, IU/mL",,,,,,,,0.23554043444124576,
3042923,Malignant cells/cells in Pleural fluid,Measurement,LOINC,Lab Test,44902-5,measurement,19,18,0.014211274277593557,%,,,,0.15625,,,,,
3022826,Microalbumin/Creatinine [Ratio] in Urine,Measurement,LOINC,Lab Test,30000-4,measurement,18,17,0.013421759039949471,mg/mmol,0.009294544102611766,,,0.13392857142857142,,,,,
2000000465,N4-acetyl-sulfamethoxazole [Mass/volume] in Serum or Plasma,Measurement,ICUdata,Observable Entity,2000000465,measurement,18,8,0.0063161219011526925,mg/L,,,,,,,,0.2093692750588851,
3018718,Plasma cells/Leukocytes in Blood,Measurement,LOINC,Lab Test,13047-6,measurement,18,13,0.010263698089373125,%,,,,0.022321428571428572,0.6765067650676507,,,,
3034436,Sulfamethoxazole [Mass/volume] in Serum or Plasma,Measurement,LOINC,Lab Test,10342-4,measurement,18,8,0.0063161219011526925,mg/L,,,,,,,,0.2093692750588851,
3010087,Midazolam [Mass/volume] in Serum or Plasma,Measurement,LOINC,Lab Test,3821-6,measurement,18,17,0.013421759039949471,"ug/L, mg/L",,,,,,,,0.4187385501177702,
3019420,Tryptase [Mass/volume] in Serum or Plasma,Measurement,LOINC,Lab Test,21582-2,measurement,18,15,0.011842728564661297,"µg/L, ug/L",0.009294544102611766,,,,0.12300123001230012,,,,
40757533,4-Hydroxymidazolam [Mass/volume] in Serum or Plasma,Measurement,LOINC,Lab Test,54402-3,measurement,17,16,0.012632243802305385,mg/L,,,,,,,,0.4187385501177702,
3032948,Heparin induced platelet Ab [Presence] in Serum,Measurement,LOINC,Lab Test,34701-3,measurement,16,14,0.011053213327017211,,,,,0.15625,,,,,
3044920,Orthostatic blood pressure,Measurement,LOINC,Clinical Observation,34538-9,measurement,16,15,0.011842728564661297,,,,,,,,,,
3045150,Osmol gap of Serum or Plasma,Measurement,LOINC,Lab Test,33264-3,measurement,16,15,0.011842728564661297,mOsmol/kg,,,,0.11160714285714286,,,,,
3016244,Insulin [Units/volume] in Serum or Plasma,Measurement,LOINC,Lab Test,20448-7,measurement,16,6,0.0047370914258645196,"mU/l, IE/u, m[IU]/L",,,,0.08928571428571429,,,,,
3027008,Opiates [Presence] in Urine,Measurement,LOINC,Lab Test,3879-4,measurement,16,16,0.012632243802305385,", µg/L",0.009294544102611766,,,0.26785714285714285,,,,,
3006887,Glucose [Mass/volume] in Serum or Plasma --pre dose lactose PO,Measurement,LOINC,Lab Test,12638-3,measurement,16,15,0.011842728564661297,mmol/l,0.009294544102611766,,,,,,,,
3000764,Benzodiazepines [Presence] in Urine,Measurement,LOINC,Lab Test,3390-2,measurement,16,16,0.012632243802305385,"µg/L, ",0.009294544102611766,,,0.26785714285714285,,,,,
42529368,Grip strength Hand - right Dynamometer,Measurement,LOINC,Clinical Observation,83174-3,measurement,16,11,0.008684667614084951,kg,,,,0.11160714285714286,0.36900369003690037,,,,
3014605,Amiodarone [Mass/volume] in Body fluid,Measurement,LOINC,Lab Test,29207-8,measurement,15,9,0.0071056371387967785,mg/l,0.046472720513058834,,,,,,,,
46235426,IgG [Moles/volume] in Serum or Plasma,Measurement,LOINC,Lab Test,77177-4,measurement,15,14,0.011053213327017211,g/L,,,,,,,,0.13085579691180318,
3042045,Bilirubin.total [Moles/volume] in Peritoneal fluid,Measurement,LOINC,Lab Test,39461-9,measurement,15,10,0.007895152376440865,µmol/l,,,,,,,,,0.04527162977867203
3021387,Prolactin [Units/volume] in Serum or Plasma,Measurement,LOINC,Lab Test,15081-3,measurement,15,13,0.010263698089373125,IU/L,,,,,,,,0.07851347814708191,
42527088,Pulmonary artery wedge Systolic blood pressure,Measurement,LOINC,Clinical Observation,60995-8,measurement,15,8,0.0063161219011526925,mmHg,,,,,,,0.006060973392326808,,
3000144,Amphetamine [Presence] in Urine by Screen method,Measurement,LOINC,Lab Test,19343-3,measurement,15,15,0.011842728564661297,µg/L,,,,0.26785714285714285,,,,,
21491756,Right eye Intraocular pressure,Measurement,LOINC,Clinical Observation,79892-6,measurement,15,14,0.011053213327017211,mmHg,,,,0.022321428571428572,0.7995079950799509,,,,
3024666,Lithium [Moles/volume] in Serum or Plasma,Measurement,LOINC,Lab Test,14334-7,measurement,15,6,0.0047370914258645196,mmol/L,,,,0.06696428571428571,,,,,
3036866,Desethylamiodarone [Mass/volume] in Serum or Plasma,Measurement,LOINC,Lab Test,6774-4,measurement,15,11,0.008684667614084951,mg/L,,,,,,,,0.07851347814708191,
3028707,Methadone [Presence] in Urine by Screen method,Measurement,LOINC,Lab Test,19550-3,measurement,15,15,0.011842728564661297,µg/L,,,,0.26785714285714285,,,,,
3002020,Barbiturates [Presence] in Urine,Measurement,LOINC,Lab Test,3377-9,measurement,15,15,0.011842728564661297,µg/L,,,,0.26785714285714285,,,,,
21490876,Pulmonary capillary Diastolic blood pressure,Measurement,LOINC,Clinical Observation,76286-4,measurement,15,8,0.0063161219011526925,mmHg,,,,,,,0.006060973392326808,,
3023487,Leukocytes [#/volume] in Peritoneal fluid,Measurement,LOINC,Lab Test,26468-9,measurement,15,12,0.009474182851729039,x10^9/L,,,,,,,,0.2093692750588851,
3036832,Pulse intensity Brachial artery - right by palpation,Measurement,LOINC,Clinical Observation,8899-7,measurement,15,6,0.0047370914258645196,,,,,0.06696428571428571,0.12300123001230012,,,,
21490877,Pulmonary capillary Mean blood pressure,Measurement,LOINC,Clinical Observation,76287-2,measurement,15,8,0.0063161219011526925,mmHg,,,,,,,0.006060973392326808,,
3008691,Amylase [Enzymatic activity/volume] in Peritoneal fluid,Measurement,LOINC,Lab Test,1797-0,measurement,14,11,0.008684667614084951,U/L,,,,0.08928571428571429,,,,0.15702695629416383,
3022810,Sodium [Moles/volume] in Body fluid,Measurement,LOINC,Lab Test,2950-4,measurement,14,13,0.010263698089373125,mmol/l,0.09294544102611767,,,,,,,,
3027653,Mycophenolate [Mass/volume] in Serum or Plasma,Measurement,LOINC,Lab Test,23905-3,measurement,14,4,0.0031580609505763462,mg/L,,,,,,,,0.10468463752944256,
3001981,E Ab [Presence] in Serum or Plasma,Measurement,LOINC,Lab Test,1018-1,measurement,14,5,0.003947576188220433,,,,,0.06696428571428571,,,,,
3023323,Follitropin [Units/volume] in Serum or Plasma,Measurement,LOINC,Lab Test,15067-2,measurement,14,13,0.010263698089373125,IU/L,,,,,,,,0.05234231876472128,
43534000,von Willebrand factor (vWf).activity [Units/volume] in Platelet poor plasma by Immunoassay,Measurement,LOINC,Lab Test,73978-9,measurement,14,10,0.007895152376440865,%,,,,,,,,0.18319811567652447,
3032370,Actin IgG Ab [Units/volume] in Serum or Plasma,Measurement,LOINC,Lab Test,34661-9,measurement,14,14,0.011053213327017211,.,0.018589088205223533,,,,,,,,
42529367,Grip strength Hand - left Dynamometer,Measurement,LOINC,Clinical Observation,83173-5,measurement,14,9,0.0071056371387967785,Kg,,,,0.11160714285714286,0.24600246002460024,,,,
3021600,Valproate Free [Mass/volume] in Serum or Plasma,Measurement,LOINC,Lab Test,4087-3,measurement,13,8,0.0063161219011526925,mg/L,,,,0.044642857142857144,0.24600246002460024,,,,
3005322,IgE [Units/volume] in Serum or Plasma,Measurement,LOINC,Lab Test,19113-0,measurement,13,9,0.0071056371387967785,"k[IU]/L, kU/L",,,,,0.24600246002460024,,,,
2000000635,positive airway pressure device leak,Measurement,ICUdata,Observable Entity,2000000635,measurement,13,13,0.010263698089373125,ml,,,,0.08928571428571429,0.5535055350553506,,,,
3014326,Insulin-like growth factor-I [Moles/volume] in Serum or Plasma,Measurement,LOINC,Lab Test,29775-4,measurement,13,11,0.008684667614084951,nmol/L,,,,,,,,0.02617115938236064,
3017597,Amitriptyline [Mass/volume] in Serum or Plasma,Measurement,LOINC,Lab Test,3333-2,measurement,13,11,0.008684667614084951,"mg/l, ug/L, µg/l",0.046472720513058834,,,,,,,,
3031076,Corticotropin [Mass/volume] in Plasma --baseline,Measurement,LOINC,Lab Test,42598-3,measurement,12,12,0.009474182851729039,pmol/l,0.06506180871828236,,,,,,,,
3008581,Lactate dehydrogenase [Enzymatic activity/volume] in Peritoneal fluid,Measurement,LOINC,Lab Test,2531-2,measurement,12,10,0.007895152376440865,U/L,,,,0.06696428571428571,,,,0.15702695629416383,
3023540,Body height Measured,Measurement,LOINC,Clinical Observation,3137-7,measurement,12,10,0.007895152376440865,cm,,,,,,,,,
3011412,CD3 cells [#/volume] in Blood,Measurement,LOINC,Lab Test,8122-4,measurement,12,8,0.0063161219011526925,"10*9/L, x10^9/L",0.018589088205223533,,,,,,,,
3035544,Cardiolipin IgG Ab [Units/volume] in Serum or Plasma,Measurement,LOINC,Lab Test,8065-5,measurement,12,12,0.009474182851729039,"U/mL, [GPL'U]/mL",,,,0.044642857142857144,,,,,
3007368,IgG [Mass/volume] in Cerebral spinal fluid,Measurement,LOINC,Lab Test,2464-6,measurement,12,11,0.008684667614084951,"mg/L, Geen",0.009294544102611766,,,,,,,0.10468463752944256,
3029782,Chylomicrons [Presence] in Body fluid,Measurement,LOINC,Lab Test,33009-2,measurement,12,10,0.007895152376440865,,0.018589088205223533,,,0.022321428571428572,,,,,
3036596,Pulse intensity Brachial artery - left by palpation,Measurement,LOINC,Clinical Observation,8898-9,measurement,11,8,0.0063161219011526925,,,,,0.11160714285714286,0.12300123001230012,,,,
3018658,Beta 2 glycoprotein 1 IgG Ab [Units/volume] in Serum,Measurement,LOINC,Lab Test,16135-6,measurement,11,11,0.008684667614084951,U/mL,,,,0.044642857142857144,,,,,
3048752,Lipase [Enzymatic activity/volume] in Pleural fluid,Measurement,LOINC,Lab Test,47418-9,measurement,11,8,0.0063161219011526925,U/L,,,,0.06696428571428571,,,,,
3002620,Howell-Jolly bodies [Presence] in Blood by Light microscopy,Measurement,LOINC,Lab Test,7793-3,measurement,11,8,0.0063161219011526925,,,,,0.044642857142857144,0.36900369003690037,,,,
3021494,OLANZapine [Mass/volume] in Serum or Plasma,Measurement,LOINC,Lab Test,12389-3,measurement,11,10,0.007895152376440865,"ug/L, µg/L, mg/l, ug/l",0.037178176410447066,,,0.022321428571428572,,,,,
3008515,Right ventricular End diastolic blood pressure,Measurement,LOINC,Clinical Observation,8392-3,measurement,11,5,0.003947576188220433,mmHg,,,,,,,,,
3027923,C peptide [Moles/volume] in Serum or Plasma,Measurement,LOINC,Lab Test,14633-2,measurement,11,10,0.007895152376440865,"nmol/L, pmol/L",0.009294544102611766,,,,,,,0.05234231876472128,
3035124,Erythrocytes [#/area] in Urine sediment by Microscopy high power field,Measurement,LOINC,Lab Test,13945-1,measurement,11,11,0.008684667614084951,/[HPF],,,,,,,,,
3001362,Plasma cells [#/volume] in Blood,Measurement,LOINC,Lab Test,30458-4,measurement,10,8,0.0063161219011526925,/nL,,,,0.17857142857142858,,,,,
36305682,Bias flow setting Ventilator,Measurement,LOINC,Clinical Observation,76272-4,measurement,10,8,0.0063161219011526925,l/min,,,,0.15625,,,,,0.005030181086519115
3028308,Erythrocytes [#/volume] in Pleural fluid,Measurement,LOINC,Lab Test,26456-4,measurement,10,9,0.0071056371387967785,/pL,,,,0.13392857142857142,,,,,
3002331,Protein [Mass/volume] in Peritoneal fluid,Measurement,LOINC,Lab Test,2883-7,measurement,10,9,0.0071056371387967785,g/L,,,,,,,,0.10468463752944256,
2000000451,Hemoglobin [Moles/volume] in Pleural fluid,Measurement,ICUdata,Observable Entity,2000000451,measurement,10,10,0.007895152376440865,mmol/L,,,,,,,,0.2093692750588851,
3037816,CD4+CD8+ cells/cells in Blood,Measurement,LOINC,Lab Test,17146-2,measurement,10,6,0.0047370914258645196,,,,,,,,,,
3031731,Floxacillin [Mass/volume] in Serum or Plasma,Measurement,LOINC,Lab Test,35112-2,measurement,10,7,0.005526606663508606,"mg/L, mg/l",0.0278836323078353,,,0.044642857142857144,,,,,0.005030181086519115
3003195,risperiDONE [Mass/volume] in Serum or Plasma,Measurement,LOINC,Lab Test,9393-0,measurement,9,4,0.0031580609505763462,"µg/L, mg/l",0.018589088205223533,,,0.022321428571428572,,,,,
3009306,Alpha-1-Fetoprotein [Mass/volume] in Serum or Plasma,Measurement,LOINC,Lab Test,1834-1,measurement,9,8,0.0063161219011526925,µg/L,,,,,,,,0.10468463752944256,
3034548,Prostate specific Ag [Mass/volume] in Serum or Plasma by Detection limit <= 0.01 ng/mL,Measurement,LOINC,Lab Test,35741-8,measurement,9,9,0.0071056371387967785,µg/L,,,,0.044642857142857144,,,,,
3004562,Bacteria [Presence] in Urine sediment by Light microscopy,Measurement,LOINC,Lab Test,25145-4,measurement,9,9,0.0071056371387967785,,,,,,,,,,
40769406,Specimen type,Measurement,LOINC,Lab Test,66746-9,measurement,9,8,0.0063161219011526925,,,,,0.11160714285714286,,,,,
3015401,Amylase [Enzymatic activity/volume] in Pleural fluid,Measurement,LOINC,Lab Test,1796-2,measurement,9,8,0.0063161219011526925,U/L,,,,,,,,0.15702695629416383,
3017446,Testosterone [Moles/volume] in Serum or Plasma,Measurement,LOINC,Lab Test,14913-8,measurement,9,8,0.0063161219011526925,"nmol/L, pmol/L",,,,,,,,0.02617115938236064,
3036472,Blood group antibodies identified in Serum or Plasma,Measurement,LOINC,Lab Test,888-8,measurement,9,7,0.005526606663508606,,0.009294544102611766,,,,,,,,
3005386,K Ab [Presence] in Serum or Plasma,Measurement,LOINC,Lab Test,1093-4,measurement,9,6,0.0047370914258645196,,,,,,,,,,
3012565,Volume of 24 hour Urine,Measurement,LOINC,Lab Test,3167-4,measurement,9,9,0.0071056371387967785,ml,0.037178176410447066,,,,,,,,
40766275,Albumin in serum - albumin in peritoneal fluid [Mass concentration difference],Measurement,LOINC,Lab Test,63549-0,measurement,9,8,0.0063161219011526925,g/L,,,,0.11160714285714286,,,,,
3002082,risperiDONE+9-Hydroxyrisperidone [Mass/volume] in Serum or Plasma,Measurement,LOINC,Lab Test,9394-8,measurement,9,4,0.0031580609505763462,"mg/l, µg/L",0.018589088205223533,,,0.022321428571428572,,,,,
3029143,Chylomicrons [Presence] in Pleural fluid,Measurement,LOINC,Lab Test,33375-7,measurement,9,5,0.003947576188220433,,,,,0.022321428571428572,,,,,
3020071,Venlafaxine [Mass/volume] in Serum or Plasma,Measurement,LOINC,Lab Test,9630-5,measurement,9,7,0.005526606663508606,"ug/l, µg/L, µg/l, mg/l",0.018589088205223533,,0.00494144388990463,0.022321428571428572,,,,,
3053209,Kappa light chains.free/Lambda light chains.free [Mass Ratio] in Serum,Measurement,LOINC,Lab Test,48378-4,measurement,8,8,0.0063161219011526925,,,,,0.022321428571428572,,,,,
3023261,lamoTRIgine [Mass/volume] in Serum or Plasma,Measurement,LOINC,Lab Test,6948-4,measurement,8,8,0.0063161219011526925,"mg/l, mg/L",,,,0.022321428571428572,,,,0.02617115938236064,
3049804,Myeloperoxidase IgG Ab [Units/volume] in Serum,Measurement,LOINC,Lab Test,48404-8,measurement,8,7,0.005526606663508606,"[IU]/mL, ",0.0278836323078353,,,0.022321428571428572,,,,,
3048689,Calprotectin [Mass/mass] in Stool,Measurement,LOINC,Lab Test,38445-3,measurement,8,5,0.003947576188220433,µg/g,,,,,0.24600246002460024,,,,
3035708,Gamma hydroxybutyrate [Presence] in Urine,Measurement,LOINC,Lab Test,29868-7,measurement,8,8,0.0063161219011526925,mg/L,,,,0.044642857142857144,,,,,
3007857,Nortriptyline [Mass/volume] in Serum or Plasma,Measurement,LOINC,Lab Test,3872-9,measurement,8,6,0.0047370914258645196,"mg/l, µg/L, ug/L",0.018589088205223533,,,0.022321428571428572,,,,,
3006872,clomiPRAMINE+Norclomipramine [Mass/volume] in Serum or Plasma,Measurement,LOINC,Lab Test,3493-4,measurement,8,7,0.005526606663508606,"mg/l, ug/l",0.018589088205223533,,,,,,,,
2000000144,Hemoglobin [Moles/volume] in Capillary blood,Measurement,ICUdata,Observable Entity,2000000144,measurement,8,8,0.0063161219011526925,mmol/l,,,,,,,,,
3014695,Myeloblasts/Leukocytes in Blood,Measurement,LOINC,Lab Test,30445-1,measurement,8,4,0.0031580609505763462,%,,,,0.06696428571428571,,,,,
21490676,Central venous pressure (CVP) Diastolic,Measurement,LOINC,Clinical Observation,60986-7,measurement,8,3,0.0023685457129322598,mmHg,,,,,,,,,
3009210,Methanol [Mass/volume] in Blood,Measurement,LOINC,Lab Test,9334-4,measurement,8,8,0.0063161219011526925,mg/l,0.046472720513058834,,,,,,,,
3010997,Myeloblasts [#/volume] in Blood,Measurement,LOINC,Lab Test,30444-4,measurement,8,4,0.0031580609505763462,/nL,,,,0.06696428571428571,,,,,
3007204,Coagulation factor IX activated [Units/volume] in Platelet poor plasma by Coagulation assay,Measurement,LOINC,Lab Test,3186-4,measurement,8,8,0.0063161219011526925,%,,,,,,,,0.13085579691180318,
3047169,Lambda light chains.free [Mass/volume] in Serum or Plasma,Measurement,LOINC,Lab Test,33944-0,measurement,8,8,0.0063161219011526925,mg/L,,,,0.022321428571428572,,,,,
3035826,Galactomannan Ag [Units/volume] in Serum or Plasma,Measurement,LOINC,Lab Test,35383-9,measurement,8,8,0.0063161219011526925,Geen,,,,,,,,,0.015090543259557344
44786763,Proteinase 3 IgG Ab [Units/volume] in Serum or Plasma by Immunoassay,Measurement,LOINC,Lab Test,74106-6,measurement,7,6,0.0047370914258645196,[IU]/mL,0.0278836323078353,,,,,,,,
21490681,Right atrial pressure Diastolic,Measurement,LOINC,Clinical Observation,60997-4,measurement,7,5,0.003947576188220433,mmHg,,,,,,,,,
3000259,Yeast [Presence] in Urine sediment by Light microscopy,Measurement,LOINC,Lab Test,32356-8,measurement,7,7,0.005526606663508606,,,,,,,,,,
3026101,Triglyceride [Moles/volume] in Body fluid,Measurement,LOINC,Lab Test,29766-3,measurement,7,7,0.005526606663508606,mmol/L,0.009294544102611766,,,,,,,,
3016095,Left ventricular Oxygen saturation,Measurement,LOINC,Clinical Observation,8845-0,measurement,7,7,0.005526606663508606,%,,,,,,,,,
3002971,Nuclear Ab [Titer] in Serum by Immunofluorescence,Measurement,LOINC,Lab Test,5048-4,measurement,7,7,0.005526606663508606,.,0.018589088205223533,,,,,,,,
3022338,Retinol [Mass/volume] in Serum or Plasma,Measurement,LOINC,Lab Test,2923-1,measurement,7,6,0.0047370914258645196,µmol/l,,,,,,,,,
3036603,Volume of Urine,Measurement,LOINC,Lab Test,28009-9,measurement,7,6,0.0047370914258645196,mL,0.009294544102611766,,,,,,,,
3014507,Right atrial Intrachamber mean pressure,Measurement,LOINC,Clinical Observation,8400-4,measurement,7,5,0.003947576188220433,mmHg,,,,,,,,,
3007124,Reticulocytes/Erythrocytes in Blood by Automated count,Measurement,LOINC,Lab Test,17849-1,measurement,7,7,0.005526606663508606,%,,,0.03459010722933241,,,,,,
21493527,Floxacillin Free [Mass/volume] in Serum or Plasma,Measurement,LOINC,Lab Test,80642-2,measurement,7,5,0.003947576188220433,mg/L,0.018589088205223533,,,0.022321428571428572,,,,,
21490682,Right atrial pressure Systolic,Measurement,LOINC,Clinical Observation,60998-2,measurement,7,5,0.003947576188220433,mmHg,,,,,,,,,
3019410,Aspergillus fumigatus IgG Ab [Presence] in Serum,Measurement,LOINC,Lab Test,19726-9,measurement,7,7,0.005526606663508606,mg/l,0.009294544102611766,,,,,,,,
3003159,Erythrocytes [#/volume] in Body fluid by Automated count,Measurement,LOINC,Lab Test,23860-0,measurement,7,6,0.0047370914258645196,10*6/L,0.018589088205223533,,,,,,,,
3017394,Zinc [Mass/volume] in Serum or Plasma,Measurement,LOINC,Lab Test,5763-8,measurement,7,5,0.003947576188220433,µmol/l,,,,,,,,,
3031624,CD55 Granulocytes [Presence] in Blood,Measurement,LOINC,Lab Test,49599-4,measurement,7,5,0.003947576188220433,.,0.018589088205223533,,,,,,,,
3000456,Dacrocytes [Presence] in Blood by Light microscopy,Measurement,LOINC,Lab Test,7791-7,measurement,6,6,0.0047370914258645196,,,,,0.06696428571428571,,,,,
3001102,Acetylcholine receptor Ab [Units/volume] in Serum,Measurement,LOINC,Lab Test,8058-0,measurement,6,6,0.0047370914258645196,.,0.0278836323078353,,,,,,,,
40758897,Direct antiglobulin test.IgG specific reagent [Presence] on Red Blood Cells,Measurement,LOINC,Lab Test,55776-9,measurement,6,5,0.003947576188220433,,,,,0.044642857142857144,,,,,
3026729,Phosphate [Mass/volume] in Urine,Measurement,LOINC,Lab Test,2778-9,measurement,6,5,0.003947576188220433,g/24u,0.009294544102611766,,,,,,,,
44787114,Injury severity score Calculated,Measurement,LOINC,Clinical Observation,74471-4,measurement,6,6,0.0047370914258645196,,,,,0.13392857142857142,,,,,
3015182,Deprecated Erythrocyte distribution width [Entitic volume] by Automated count,Measurement,LOINC,Lab Test,21000-5,measurement,6,6,0.0047370914258645196,fL,,,,0.044642857142857144,,,,,
36660625,Protein.monoclonal [Presence] in Serum or Plasma,Measurement,LOINC,Lab Test,94400-9,measurement,6,5,0.003947576188220433,,,,,,,,,,
3019738,Magnesium [Mass/volume] in Urine,Measurement,LOINC,Lab Test,19124-7,measurement,6,6,0.0047370914258645196,mmol/L,,,,,,,,0.10468463752944256,
42868627,Methadone [Presence] in Urine by Screen method >300 ng/mL,Measurement,LOINC,Lab Test,70149-0,measurement,6,6,0.0047370914258645196,,0.037178176410447066,,,,,,,,
3002907,Coagulation factor XII activated [Units/volume] in Platelet poor plasma by Coagulation assay,Measurement,LOINC,Lab Test,3231-8,measurement,6,6,0.0047370914258645196,%,,,,,,,,0.07851347814708191,
42868643,Hematocrit [Volume Fraction] of Pleural fluid by calculation,Measurement,LOINC,Lab Test,70169-8,measurement,6,5,0.003947576188220433,%,0.018589088205223533,,,,,,,,
3011951,Aspergillus fumigatus IgE Ab [Units/volume] in Serum,Measurement,LOINC,Lab Test,6025-1,measurement,6,6,0.0047370914258645196,"kU/l, k[IU]/L",0.009294544102611766,,,,,,,,
3026904,Basophilic stippling [Presence] in Blood by Light microscopy,Measurement,LOINC,Lab Test,703-9,measurement,6,4,0.0031580609505763462,,,,,0.08928571428571429,,,,,
3021322,Cryoglobulin [Presence] in Serum,Measurement,LOINC,Lab Test,5117-7,measurement,6,6,0.0047370914258645196,", .",0.018589088205223533,,,,,,,,
3035729,Glucose [Moles/volume] in Body fluid,Measurement,LOINC,Lab Test,14745-4,measurement,6,6,0.0047370914258645196,mmol/L,0.0278836323078353,,,,,,,,
3001788,Aldosterone [Moles/volume] in Serum or Plasma,Measurement,LOINC,Lab Test,14586-2,measurement,6,5,0.003947576188220433,pmol/L,,,,0.06696428571428571,,,,,
40758895,Direct antiglobulin test.complement C3d specific reagent [Presence] on Red Blood Cells,Measurement,LOINC,Lab Test,55774-4,measurement,6,5,0.003947576188220433,,,,,0.044642857142857144,,,,,
3042010,Triglyceride [Moles/volume] in Pleural fluid,Measurement,LOINC,Lab Test,39801-6,measurement,6,5,0.003947576188220433,mmol/l,,,,0.022321428571428572,,,,,
3023044,Glucose [Moles/volume] in Peritoneal fluid,Measurement,LOINC,Lab Test,14748-8,measurement,6,6,0.0047370914258645196,"mmol/L, mmol/l",,,,0.06696428571428571,,,,0.07851347814708191,
3004090,Tobramycin [Mass/volume] in Serum or Plasma --peak,Measurement,LOINC,Lab Test,4057-6,measurement,6,3,0.0023685457129322598,mg/l,,,,,,,,,0.015090543259557344
3034739,Osmolality of Serum or Plasma by calculated by sum of electrolytes,Measurement,LOINC,Lab Test,18182-6,measurement,6,3,0.0023685457129322598,mosm/kg,0.009294544102611766,,,,,,,,
3022481,Fat [Presence] in Stool,Measurement,LOINC,Lab Test,2270-7,measurement,6,5,0.003947576188220433,"g/100g, %",0.009294544102611766,,,,,,,,
40769111,Beta hydroxybutyrate [Moles/volume] in Blood by Test strip,Measurement,LOINC,Lab Test,66441-7,measurement,6,6,0.0047370914258645196,mmol/L,,,,0.11160714285714286,,,,,
3014995,M Ab [Presence] in Serum or Plasma,Measurement,LOINC,Lab Test,1228-6,measurement,6,4,0.0031580609505763462,,,,,0.022321428571428572,,,,,
3012471,Hemoglobin.gastrointestinal.lower [Presence] in Stool by Immunoassay,Measurement,LOINC,Lab Test,29771-3,measurement,6,6,0.0047370914258645196,", ng/mL",,,,0.022321428571428572,,,,,
43533388,Cannabinoids [Presence] in Urine by Screen method >50 ng/mL,Measurement,LOINC,Lab Test,70145-8,measurement,6,6,0.0047370914258645196,,0.037178176410447066,,,,,,,,
3016724,Homocysteine [Moles/volume] in Serum or Plasma,Measurement,LOINC,Lab Test,13965-9,measurement,6,6,0.0047370914258645196,µmol/L,,,,,0.06150061500615006,,,,
3019575,Right ventricular Intrachamber systolic pressure,Measurement,LOINC,Clinical Observation,8432-7,measurement,6,5,0.003947576188220433,mmHg,,,,,,,,,
3002966,Deprecated Coagulation factor XI activated activity,Measurement,LOINC,Lab Test,3225-0,measurement,6,6,0.0047370914258645196,%,,,,,,,,0.07851347814708191,
3016072,Theophylline [Mass/volume] in Serum or Plasma,Measurement,LOINC,Lab Test,4049-3,measurement,5,4,0.0031580609505763462,"mg/L, mg/l",,,,,,,,0.05234231876472128,
3013542,traMADol [Presence] in Urine by Screen method,Measurement,LOINC,Lab Test,19710-3,measurement,5,5,0.003947576188220433,,0.0278836323078353,,,,,,,,
3021016,oxyCODONE [Presence] in Urine by Screen method,Measurement,LOINC,Lab Test,19642-8,measurement,5,5,0.003947576188220433,,0.0278836323078353,,,,,,,,
3017400,Magnesium [Moles/volume] in Urine,Measurement,LOINC,Lab Test,2598-1,measurement,5,3,0.0023685457129322598,mmol/L,,,,0.022321428571428572,,,,,
3029794,Leukocyte clumps [#/volume] in Urine by Automated count,Measurement,LOINC,Lab Test,33768-3,measurement,5,4,0.0031580609505763462,x10^9/l,0.009294544102611766,,,,,,,,
3024980,IgG subclass 4 [Mass/volume] in Serum,Measurement,LOINC,Lab Test,2469-5,measurement,5,5,0.003947576188220433,g/L,,,,0.022321428571428572,,,,,
36031214,Diastolic blood pressure mean,Measurement,LOINC,Clinical Observation,96609-3,measurement,5,4,0.0031580609505763462,mmHg,,,,,,,,,
3022907,Direct antiglobulin test.polyspecific reagent [Presence] on Red Blood Cells,Measurement,LOINC,Lab Test,1007-4,measurement,5,5,0.003947576188220433,,0.009294544102611766,,,,,,,,
43533701,Voriconazole [Mass/volume] in Serum or Plasma --trough,Measurement,LOINC,Lab Test,73676-9,measurement,5,1,0.0007895152376440866,mg/L,0.009294544102611766,,,,,,,,
3028612,Thyroperoxidase Ab [Presence] in Serum or Plasma,Measurement,LOINC,Lab Test,32042-4,measurement,5,4,0.0031580609505763462,kU/L,,,,0.022321428571428572,,,,,
40758294,Paroxysmal nocturnal panel - Blood,Measurement,LOINC,Lab Test,55164-8,measurement,5,5,0.003947576188220433,,,,,0.022321428571428572,0.18450184501845018,,,,
3005029,Protein [Mass/volume] in Body fluid,Measurement,LOINC,Lab Test,2881-1,measurement,5,5,0.003947576188220433,g/L,0.018589088205223533,,,,,,,,
3018672,pH of Body fluid,Measurement,LOINC,Lab Test,2748-2,measurement,5,5,0.003947576188220433,[pH],0.009294544102611766,,,,,,,,
44786754,Tacrolimus [Mass/volume] in Blood by LC/MS/MS,Measurement,LOINC,Lab Test,74097-7,measurement,5,3,0.0023685457129322598,ug/L,,,,,,,,,
3015529,Ketamine [Presence] in Urine,Measurement,LOINC,Lab Test,12327-3,measurement,5,5,0.003947576188220433,,0.0278836323078353,,,,,,,,
3035583,Leukocytes [#/area] in Urine sediment by Microscopy high power field,Measurement,LOINC,Lab Test,5821-4,measurement,5,5,0.003947576188220433,/[HPF],,,,,,,,,
3000570,Elastase.pancreatic [Mass/mass] in Stool,Measurement,LOINC,Lab Test,25907-7,measurement,5,5,0.003947576188220433,"µg/g, ug/g",,,,,,,,,
36032082,Norfentanyl [Presence] in Urine by Screen method,Measurement,LOINC,Lab Test,95797-7,measurement,5,5,0.003947576188220433,,0.0278836323078353,,,,,,,,
3013412,"Gabapentin [Mass/volume] in Serum, Plasma or Blood",Measurement,LOINC,Lab Test,9738-6,measurement,5,4,0.0031580609505763462,"mg/L, mg/l",,,,,,,,0.05234231876472128,
3037310,Renin [Mass/volume] in Plasma,Measurement,LOINC,Lab Test,35570-1,measurement,5,4,0.0031580609505763462,ng/L,,,,0.06696428571428571,,,,,
3047226,Benzoylecgonine [Presence] in Urine by Screen method >150 ng/mL,Measurement,LOINC,Lab Test,43984-4,measurement,5,5,0.003947576188220433,,0.0278836323078353,,,,,,,,
3033308,Hyaline casts [Presence] in Urine sediment by Light microscopy,Measurement,LOINC,Lab Test,25162-9,measurement,5,5,0.003947576188220433,,,,,0.022321428571428572,,,,,
3007847,Interleukin 2 Receptor Soluble [Units/volume] in Serum or Plasma,Measurement,LOINC,Lab Test,9654-5,measurement,5,5,0.003947576188220433,[arb'U]/mL,0.018589088205223533,,,,,,,,
3020804,Pelger Huet cells [Presence] in Blood by Light microscopy,Measurement,LOINC,Lab Test,18311-1,measurement,5,3,0.0023685457129322598,.,0.0278836323078353,,,,,,,,
3011402,Methamphetamine [Presence] in Urine by Screen method,Measurement,LOINC,Lab Test,19554-5,measurement,5,5,0.003947576188220433,,0.0278836323078353,,,,,,,,
42868623,Benzodiazepines [Presence] in Urine by Screen method >200 ng/mL,Measurement,LOINC,Lab Test,70141-7,measurement,5,5,0.003947576188220433,,0.0278836323078353,,,,,,,,
3005058,Barbiturates [Presence] in Urine by Screen method,Measurement,LOINC,Lab Test,19270-8,measurement,5,5,0.003947576188220433,,0.0278836323078353,,,,,,,,
3010109,Ethanol [Presence] in Urine,Measurement,LOINC,Lab Test,5644-0,measurement,5,3,0.0023685457129322598,o/oo,0.018589088205223533,,,,,,,,
3018954,Choriogonadotropin [Presence] in Urine,Measurement,LOINC,Lab Test,2106-3,measurement,5,5,0.003947576188220433,,0.0278836323078353,,,,,,,,
43533393,Opiates [Presence] in Urine by Screen method >300 ng/mL,Measurement,LOINC,Lab Test,70151-6,measurement,5,5,0.003947576188220433,,0.0278836323078353,,,,,,,,
3000415,Haloperidol [Mass/volume] in Serum or Plasma,Measurement,LOINC,Lab Test,3669-9,measurement,5,5,0.003947576188220433,"µg/l, µg/L",,,,,,,,,0.005030181086519115
40760871,Heparin induced platelet Ab [Presence] in Serum or Plasma by Immunoassay,Measurement,LOINC,Lab Test,57761-9,measurement,5,5,0.003947576188220433,%,,,,0.044642857142857144,,,,,
3043870,Heparin induced platelet Ab [Units/volume] in Serum,Measurement,LOINC,Lab Test,45155-9,measurement,5,4,0.0031580609505763462,.,,,,,,,,,
3006006,Tricyclic antidepressants [Presence] in Urine by Screen method,Measurement,LOINC,Lab Test,19312-8,measurement,5,5,0.003947576188220433,,0.0278836323078353,,,,,,,,
3014791,Apolipoprotein B [Mass/volume] in Serum or Plasma,Measurement,LOINC,Lab Test,1884-6,measurement,5,5,0.003947576188220433,g/L,,,,,0.12300123001230012,,,,
3044376,Amphetamines [Presence] in Urine by Screen method >500 ng/mL,Measurement,LOINC,Lab Test,43983-6,measurement,5,5,0.003947576188220433,,0.0278836323078353,,,,,,,,
3035963,Corticotropin [Moles/volume] in Plasma,Measurement,LOINC,Lab Test,14674-6,measurement,4,4,0.0031580609505763462,ng/L,,,,,,,,0.07851347814708191,
3019153,Superior vena cava Mean blood pressure,Measurement,LOINC,Clinical Observation,8590-2,measurement,4,4,0.0031580609505763462,mmHg,,,,,,,,,
3005723,Lu sup(a) Ab [Presence] in Serum or Plasma,Measurement,LOINC,Lab Test,1135-3,measurement,4,1,0.0007895152376440866,,,,,,,,,,
1175343,PESI Total score,Measurement,LOINC,Clinical Observation,89693-6,measurement,4,4,0.0031580609505763462,,,,,0.08928571428571429,,,,,
3014694,little c Ab [Presence] in Serum or Plasma,Measurement,LOINC,Lab Test,1156-9,measurement,4,3,0.0023685457129322598,,,,,,,,,,
3027476,Ascorbate [Mass/volume] in Serum or Plasma,Measurement,LOINC,Lab Test,1903-4,measurement,4,4,0.0031580609505763462,µmol/l,,,,,,,,,
3022632,Rheumatoid factor IgM [Units/volume] in Serum,Measurement,LOINC,Lab Test,11573-3,measurement,4,4,0.0031580609505763462,kU/L,,,,,,,,,
40759883,Oligoclonal Bands IgG [Presence] in Cerebral spinal fluid by Isoelectric focusing,Measurement,LOINC,Lab Test,56764-4,measurement,4,4,0.0031580609505763462,,0.009294544102611766,,,,,,,,
3003932,Carbon dioxide [Partial pressure] in Arterial cord blood,Measurement,LOINC,Lab Test,28644-3,measurement,4,1,0.0007895152376440866,kPa,,,,,,,,,
3011570,Cholesterol [Moles/volume] in Body fluid,Measurement,LOINC,Lab Test,29765-5,measurement,4,4,0.0031580609505763462,mmol/L,0.009294544102611766,,,,,,,,
3049082,CYP2C9 gene allele [Genotype] in Blood or Tissue by Molecular genetics method Nominal,Measurement,LOINC,Lab Test,46724-1,measurement,4,4,0.0031580609505763462,,,,,0.022321428571428572,,,,,
3017391,Smooth muscle IgG Ab [Presence] in Serum,Measurement,LOINC,Lab Test,30557-3,measurement,4,4,0.0031580609505763462,,0.009294544102611766,,,0.022321428571428572,,,,,
3005797,Superior vena cava Oxygen saturation,Measurement,LOINC,Clinical Observation,8855-9,measurement,4,4,0.0031580609505763462,%,,,,,,,,,
43055458,Rivaroxaban [Mass/volume] in Serum or Plasma,Measurement,LOINC,Lab Test,72624-0,measurement,4,4,0.0031580609505763462,ng/ml,,,,0.06696428571428571,,,,,
3016543,Leukocytes [#/volume] in Cerebral spinal fluid,Measurement,LOINC,Lab Test,26465-5,measurement,4,4,0.0031580609505763462,10*6/L,0.009294544102611766,,,,,,,,
3003487,Left ventricular Cardiac output by Fick method,Measurement,LOINC,Clinical Observation,8736-1,measurement,4,2,0.0015790304752881731,,,,,,,,,,
3004959,Base excess in Arterial cord blood by calculation,Measurement,LOINC,Lab Test,28638-5,measurement,4,1,0.0007895152376440866,mmol/L,,,,,,,,,
3013247,Albumin in CSF/Albumin in Serum or Plasma,Measurement,LOINC,Lab Test,1756-6,measurement,4,4,0.0031580609505763462,"g/l, mg/g",0.018589088205223533,,,,,,,,
3019050,Tissue transglutaminase IgA Ab [Units/volume] in Serum,Measurement,LOINC,Lab Test,31017-7,measurement,4,4,0.0031580609505763462,"[arb'U]/mL, U/mL",,,,0.022321428571428572,,,,,
3016523,Insulin [Moles/volume] in Serum or Plasma,Measurement,LOINC,Lab Test,14796-7,measurement,4,4,0.0031580609505763462,mIU/L,,,,,,,,0.05234231876472128,
3005770,Creatinine renal clearance in 24 hour Urine and Serum or Plasma,Measurement,LOINC,Lab Test,2164-2,measurement,4,4,0.0031580609505763462,mL/min,0.009294544102611766,,,,,,,,
3006598,pH of Arterial cord blood,Measurement,LOINC,Lab Test,28646-8,measurement,4,1,0.0007895152376440866,[pH],,,,,,,,,
3012764,Erythrocyte [Morphology] in Blood,Measurement,LOINC,Lab Test,6742-1,measurement,4,4,0.0031580609505763462,.,0.009294544102611766,,,,,,,,
3003612,Inferior vena cava Mean blood pressure,Measurement,LOINC,Clinical Observation,8586-0,measurement,4,4,0.0031580609505763462,mmHg,,,,,,,,,
21490677,Central venous pressure (CVP) Systolic,Measurement,LOINC,Clinical Observation,60987-5,measurement,4,3,0.0023685457129322598,mmHg,,,,,,,,,
3039753,Posaconazole [Mass/volume] in Serum or Plasma,Measurement,LOINC,Lab Test,53731-6,measurement,4,3,0.0023685457129322598,mg/L,,,,,,,,0.02617115938236064,
3018994,Lactate dehydrogenase [Enzymatic activity/volume] in Body fluid by Lactate to pyruvate reaction,Measurement,LOINC,Lab Test,14803-1,measurement,4,4,0.0031580609505763462,U/L,0.009294544102611766,,,,,,,,
3006777,Left ventriclar Stroke work,Measurement,LOINC,Clinical Observation,8861-7,measurement,4,4,0.0031580609505763462,gm*m,,,,,,,,,
3022756,Ceruloplasmin [Mass/volume] in Serum or Plasma,Measurement,LOINC,Lab Test,2064-4,measurement,4,4,0.0031580609505763462,g/L,,,,0.044642857142857144,0.06150061500615006,,,,
3005577,Microalbumin [Mass/time] in 24 hour Urine,Measurement,LOINC,Lab Test,14956-7,measurement,4,4,0.0031580609505763462,"mg/(24.h), mg/24 u",,,,0.022321428571428572,,,,,
3016452,Inferior vena cava Oxygen saturation,Measurement,LOINC,Clinical Observation,8850-0,measurement,4,4,0.0031580609505763462,%,,,,,,,,,
3034578,Cells Counted Total [#] in Body fluid,Measurement,LOINC,Lab Test,38256-4,measurement,4,3,0.0023685457129322598,10*6/L,0.009294544102611766,,,,,,,,
3033670,Parathyrin related protein [Moles/volume] in Serum or Plasma,Measurement,LOINC,Lab Test,15087-0,measurement,3,2,0.0015790304752881731,pmol/L,,,,,,,,,
3010747,HIV 1 RNA [#/volume] (viral load) in Serum or Plasma by NAA with probe detection,Measurement,LOINC,Lab Test,20447-9,measurement,3,2,0.0015790304752881731,kopie/mL,,,,,,,,,
3008839,Basophils/Leukocytes in Body fluid by Manual count,Measurement,LOINC,Lab Test,12179-8,measurement,3,3,0.0023685457129322598,%,0.009294544102611766,,,,,,,,
42869454,Mononuclear cells/Leukocytes in Body fluid by Automated count,Measurement,LOINC,Lab Test,71697-7,measurement,3,3,0.0023685457129322598,%,0.009294544102611766,,,,,,,,
3041918,Cholesterol [Moles/volume] in Pleural fluid,Measurement,LOINC,Lab Test,39468-4,measurement,3,3,0.0023685457129322598,mmol/l,,,,,,,,,
3022231,Eosinophils/Leukocytes in Body fluid by Manual count,Measurement,LOINC,Lab Test,12209-3,measurement,3,3,0.0023685457129322598,%,0.009294544102611766,,,,,,,,
3033455,IgG in CSF/IgG in serum,Measurement,LOINC,Lab Test,42207-1,measurement,3,3,0.0023685457129322598,mg/g,0.009294544102611766,,,,,,,,
3006257,Acetylcholine receptor Ab [Moles/volume] in Serum,Measurement,LOINC,Lab Test,20427-1,measurement,3,3,0.0023685457129322598,,,,,0.044642857142857144,,,,,
3006768,little s Ag [Presence] on Red Blood Cells,Measurement,LOINC,Lab Test,1213-8,measurement,3,3,0.0023685457129322598,,,,,,,,,,
40771507,IgG.intrathecally synthesized/IgG.total in Cerebral spinal fluid,Measurement,LOINC,Lab Test,68974-5,measurement,3,3,0.0023685457129322598,%,0.009294544102611766,,,,,,,,
3004411,Monocytes/Leukocytes in Body fluid by Manual count,Measurement,LOINC,Lab Test,10330-9,measurement,3,3,0.0023685457129322598,%,0.009294544102611766,,,,,,,,
3028192,IgG subclass 2 [Mass/volume] in Serum,Measurement,LOINC,Lab Test,2467-9,measurement,3,3,0.0023685457129322598,g/L,,,,0.022321428571428572,,,,,
37020937,Giardia lamblia DNA [Presence] in Stool by NAA with probe detection,Measurement,LOINC,Lab Test,92687-3,measurement,3,3,0.0023685457129322598,,,,,0.022321428571428572,,,,,
3008108,Hematocrit [Volume Fraction] of Body fluid by calculation,Measurement,LOINC,Lab Test,11153-4,measurement,3,3,0.0023685457129322598,l/l,,,,,,,,,
42868766,Dientamoeba fragilis DNA [Presence] in Stool by NAA with probe detection,Measurement,LOINC,Lab Test,70295-1,measurement,3,3,0.0023685457129322598,,,,,0.022321428571428572,,,,,
40762008,Aspergillus niger IgG Ab [Mass/volume] in Serum,Measurement,LOINC,Lab Test,58914-3,measurement,3,2,0.0015790304752881731,mg/L,,,,,,,,,
3052996,IgG.intrathecally synthesized [Mass/volume] in Serum and CSF,Measurement,LOINC,Lab Test,48666-2,measurement,3,3,0.0023685457129322598,mg/L,0.009294544102611766,,,,,,,,
3046034,DNA double strand IgG Ab [Units/volume] in Serum or Plasma by Immunoassay,Measurement,LOINC,Lab Test,33799-8,measurement,3,3,0.0023685457129322598,[IU]/mL,,,,,,,,,
3003540,Lymphocytes/Leukocytes in Body fluid by Manual count,Measurement,LOINC,Lab Test,13941-0,measurement,3,3,0.0023685457129322598,%,0.009294544102611766,,,,,,,,
40760954,Leukocytes [#/volume] in Body fluid by Automated count,Measurement,LOINC,Lab Test,57845-0,measurement,3,3,0.0023685457129322598,10*6/L,0.009294544102611766,,,,,,,,
40763164,OLANZapine [Mass/volume] in Blood,Measurement,LOINC,Lab Test,60105-4,measurement,3,2,0.0015790304752881731,µg/L,,,,,,,,0.05234231876472128,
3027135,IgG subclass 1 [Mass/volume] in Serum,Measurement,LOINC,Lab Test,2466-1,measurement,3,3,0.0023685457129322598,g/L,,,,0.022321428571428572,,,,,
3020222,IgG clearance/Albumin clearance [Ratio] in Serum and CSF,Measurement,LOINC,Lab Test,14117-6,measurement,3,3,0.0023685457129322598,ratio,0.009294544102611766,,,,,,,,
3002357,Lopinavir [Mass/volume] in Serum or Plasma,Measurement,LOINC,Lab Test,31179-5,measurement,3,3,0.0023685457129322598,mg/l,,,,,,,,,0.01006036217303823
3013080,Insulin Ab [Mass/volume] in Serum,Measurement,LOINC,Lab Test,2482-8,measurement,3,3,0.0023685457129322598,U/ml,,,,,,,,,
3021614,Rheumatoid factor [Units/volume] in Serum or Plasma,Measurement,LOINC,Lab Test,11572-5,measurement,3,3,0.0023685457129322598,[IU]/mL,,,,,,,,,
3019597,S Ag [Presence] on Red Blood Cells,Measurement,LOINC,Lab Test,1320-1,measurement,3,3,0.0023685457129322598,,,,,,,,,,
3042272,von Willebrand factor (vWf) cleaving protease actual/normal in Platelet poor plasma by Chromogenic method,Measurement,LOINC,Lab Test,53622-7,measurement,3,1,0.0007895152376440866,%,,,,,,,,,
3025547,Thyroglobulin Ab [Units/volume] in Serum or Plasma,Measurement,LOINC,Lab Test,8098-6,measurement,3,3,0.0023685457129322598,kU/L,,,,,,,,,
3043937,Drugs identified in Specimen by Confirmatory method,Measurement,LOINC,Lab Test,40585-2,measurement,3,3,0.0023685457129322598,,0.009294544102611766,,,,,,,,
3002171,Fy sup(a) Ab [Presence] in Serum or Plasma,Measurement,LOINC,Lab Test,1024-9,measurement,3,3,0.0023685457129322598,,,,,,,,,,
3036535,Thyroglobulin [Mass/volume] in Serum or Plasma,Measurement,LOINC,Lab Test,3013-0,measurement,3,3,0.0023685457129322598,µg/L,,,,,,,,,
3005893,Phenytoin Free [Mass/volume] in Serum or Plasma,Measurement,LOINC,Lab Test,3969-3,measurement,3,2,0.0015790304752881731,mg/L,,,,,,,,0.05234231876472128,
1092180,Entamoeba histolytica DNA [Presence] in Stool,Measurement,LOINC,Lab Test,105905-4,measurement,3,3,0.0023685457129322598,,,,,0.022321428571428572,,,,,
3038238,Cryptosporidium parvum identified in Stool,Measurement,LOINC,Lab Test,40958-1,measurement,3,3,0.0023685457129322598,,,,,0.022321428571428572,,,,,
3024139,IgG subclass 3 [Mass/volume] in Serum,Measurement,LOINC,Lab Test,2468-7,measurement,3,3,0.0023685457129322598,g/L,,,,0.022321428571428572,,,,,
42869453,Granulocytes/Leukocytes in Body fluid by Automated count,Measurement,LOINC,Lab Test,71696-9,measurement,3,3,0.0023685457129322598,%,0.009294544102611766,,,,,,,,
1091880,Laceyella sacchari IgG Ab [Mass/volume] in Serum,Measurement,LOINC,Lab Test,105270-3,measurement,2,2,0.0015790304752881731,mg/L,,,,,,,,,
40769150,CYP2C19 gene targeted mutation analysis in Blood by Molecular genetics method,Measurement,LOINC,Lab Test,66489-6,measurement,2,2,0.0015790304752881731,,,,,,,,,,
3015233,Abnormal lymphocytes/Leukocytes in Blood,Measurement,LOINC,Lab Test,30413-9,measurement,2,2,0.0015790304752881731,,,,,0.022321428571428572,,,,,
3020358,CD16+CD56+ cells [#/volume] in Blood,Measurement,LOINC,Lab Test,20402-4,measurement,2,2,0.0015790304752881731,10*9/L,0.018589088205223533,,,,,,,,
3017044,Thyrotropin receptor Ab [Units/volume] in Serum,Measurement,LOINC,Lab Test,5385-0,measurement,2,2,0.0015790304752881731,U/L,,,,0.022321428571428572,,,,,
3021855,Mononuclear cells [#/volume] in Cerebral spinal fluid,Measurement,LOINC,Lab Test,26489-5,measurement,2,2,0.0015790304752881731,10*6/L,0.009294544102611766,,,,,,,,
3008751,Glomerular basement membrane IgG Ab [Units/volume] in Serum by Immunoassay,Measurement,LOINC,Lab Test,30343-8,measurement,2,2,0.0015790304752881731,[IU]/mL,0.018589088205223533,,,,,,,,
37172203,Flucytosine mass concentration in serum,Measurement,SNOMED,Observable Entity,4611000237103,measurement,2,1,0.0007895152376440866,mg/L,,,,,,,,0.02617115938236064,
3033306,Mononuclear cells/Leukocytes in Cerebral spinal fluid,Measurement,LOINC,Lab Test,26492-9,measurement,2,2,0.0015790304752881731,%,0.009294544102611766,,,,,,,,
42528593,TIF1-gamma Ab [Presence] in Serum by Line blot,Measurement,LOINC,Lab Test,82448-2,measurement,2,2,0.0015790304752881731,,0.018589088205223533,,,,,,,,
40765987,Ganglioside GQ1b IgM Ab [Presence] in Serum by Immunoassay,Measurement,LOINC,Lab Test,63255-4,measurement,2,2,0.0015790304752881731,,,,,,,,,,
3050351,Pregabalin [Mass/volume] in Serum or Plasma,Measurement,LOINC,Lab Test,47414-8,measurement,2,2,0.0015790304752881731,mg/L,,,,,,,,0.05234231876472128,
3021901,Oxygen saturation in Capillary blood,Measurement,LOINC,Clinical Observation,2709-4,measurement,2,2,0.0015790304752881731,%,,,,,,,,,
3005481,Spherocytes [Presence] in Blood by Light microscopy,Measurement,LOINC,Lab Test,802-9,measurement,2,1,0.0007895152376440866,,,,,,,,,,
3052708,Transferrin.carbohydrate deficient/Transferrin.total in Serum or Plasma,Measurement,LOINC,Lab Test,48495-6,measurement,2,2,0.0015790304752881731,%,,,,0.022321428571428572,,,,,
3030884,Deprecated Polymorphonuclear cells [#/volume] in Cerebral spinal fluid,Measurement,LOINC,Lab Test,35001-7,measurement,2,2,0.0015790304752881731,10*6/L,0.009294544102611766,,,,,,,,
3029529,Darunavir [Susceptibility] by Phenotype method,Measurement,LOINC,Lab Test,49666-1,measurement,2,1,0.0007895152376440866,mg/l,0.009294544102611766,,,,,,,,
42529210,Digoxin [Mass/volume] in Serum or Plasma by Immunoassay,Measurement,LOINC,Lab Test,83093-5,measurement,2,1,0.0007895152376440866,ug/L,0.009294544102611766,,,,,,,,
2000000458,Vitamin B6 [Moles/volume] in Serum or Plasma,Measurement,ICUdata,Observable Entity,2000000458,measurement,2,2,0.0015790304752881731,nmol/L,,,,,,,,0.02617115938236064,
3012984,Norclozapine [Mass/volume] in Serum or Plasma,Measurement,LOINC,Lab Test,10992-6,measurement,2,1,0.0007895152376440866,ug/L,0.009294544102611766,,,,,,,,
3028193,Bilirubin.total [Mass/volume] in Body fluid,Measurement,LOINC,Lab Test,1974-5,measurement,2,2,0.0015790304752881731,µmol/l,,,,,,,,,
3030855,CV2 Ab [Presence] in Serum or Plasma,Measurement,LOINC,Lab Test,34690-8,measurement,2,2,0.0015790304752881731,,,,,,,,,,
3010989,Calcitonin [Mass/volume] in Serum or Plasma,Measurement,LOINC,Lab Test,1992-7,measurement,2,2,0.0015790304752881731,ng/l,,,,,,,,,
21492307,Z-10-Hydroxynortriptyline [Mass/volume] in Serum or Plasma,Measurement,LOINC,Lab Test,79163-2,measurement,2,1,0.0007895152376440866,µg/L,,,,0.022321428571428572,,,,,
1175969,NMDAR subunit 1 Ab [Presence] in Cerebral spinal fluid by Cell binding immunofluorescent assay,Measurement,LOINC,Lab Test,90839-2,measurement,2,2,0.0015790304752881731,,0.009294544102611766,,,,,,,,
3011368,Poikilocytosis [Presence] in Blood by Light microscopy,Measurement,LOINC,Lab Test,779-9,measurement,2,2,0.0015790304752881731,,,,,0.022321428571428572,,,,,
3033882,Carnitine [Moles/volume] in Serum or Plasma,Measurement,LOINC,Lab Test,14288-5,measurement,2,2,0.0015790304752881731,"µmol/l, umol/L",0.009294544102611766,,,,,,,,
3018173,Methanol [Mass/volume] in Serum or Plasma,Measurement,LOINC,Lab Test,5693-7,measurement,2,2,0.0015790304752881731,mg/L,0.009294544102611766,,,,,,,,
40766170,Aquaporin 4 water channel IgG Ab [Presence] in Serum or Plasma by Immunofluorescence,Measurement,LOINC,Lab Test,63439-4,measurement,2,2,0.0015790304752881731,,,,,,,,,,
3007153,Bile [Presence] in Stool,Measurement,LOINC,Lab Test,1965-3,measurement,2,2,0.0015790304752881731,µmol/24u,0.009294544102611766,,,,,,,,
3015816,F5 gene p.Arg506Gln [Presence] in Blood or Tissue by Molecular genetics method,Measurement,LOINC,Lab Test,21668-9,measurement,2,2,0.0015790304752881731,,,,,,,,,,
3025879,Neuronal nuclear Ab [Presence] in Serum,Measurement,LOINC,Lab Test,11088-2,measurement,2,2,0.0015790304752881731,,,,,,,,,,
40759839,Ma+Ta Ab [Presence] in Serum by Immunoblot,Measurement,LOINC,Lab Test,56720-6,measurement,2,2,0.0015790304752881731,,,,,,,,,,
3025008,F2 gene c.20210G>A [Genotype] in Blood or Tissue by Molecular genetics method Nominal,Measurement,LOINC,Lab Test,24475-6,measurement,2,2,0.0015790304752881731,,,,,,,,,,
42529582,MDA5 Ab [Presence] in Serum by Line blot,Measurement,LOINC,Lab Test,82424-3,measurement,2,2,0.0015790304752881731,,0.018589088205223533,,,,,,,,
3010600,Phosphate [Moles/time] in 24 hour Urine,Measurement,LOINC,Lab Test,14881-7,measurement,2,2,0.0015790304752881731,mmol/24u,,,,,0.06150061500615006,,,,
3036152,Amikacin [Mass/volume] in Serum or Plasma,Measurement,LOINC,Lab Test,35669-1,measurement,2,1,0.0007895152376440866,mg/L,,,,,,,,,
3021009,Hemoglobin A2/Hemoglobin.total in Blood by Electrophoresis,Measurement,LOINC,Lab Test,4552-6,measurement,2,2,0.0015790304752881731,%,,,,,,,,,
3033876,Fy sup(b) Ag [Presence] on Red Blood Cells,Measurement,LOINC,Lab Test,1033-0,measurement,2,2,0.0015790304752881731,,,,,,,,,,
3015235,Bicarbonate [Moles/volume] in Capillary blood,Measurement,LOINC,Lab Test,1961-2,measurement,2,2,0.0015790304752881731,mmol/L,,,,,,,,,
3023560,House dust Greer IgE Ab [Units/volume] in Serum,Measurement,LOINC,Lab Test,9828-5,measurement,2,2,0.0015790304752881731,kU/l,,,,,,,,,
3037821,Fy sup(a) Ag [Presence] on Red Blood Cells,Measurement,LOINC,Lab Test,1027-2,measurement,2,2,0.0015790304752881731,,,,,,,,,,
40759864,PL-12 Ab [Presence] in Serum by Immunoblot,Measurement,LOINC,Lab Test,56745-3,measurement,2,2,0.0015790304752881731,,0.018589088205223533,,,,,,,,
44816798,Bilirubin.total [Moles/volume] in Cerebral spinal fluid,Measurement,LOINC,Lab Test,74906-9,measurement,2,2,0.0015790304752881731,"µmol/L, umol/L",,,,0.022321428571428572,,,,,
40770918,von Willebrand factor (vWf).activity actual/normal in Platelet poor plasma by Immunoassay,Measurement,LOINC,Lab Test,68324-3,measurement,2,2,0.0015790304752881731,%,,,,,,,,,
3009131,Hemoglobin A/Hemoglobin.total in Blood by Electrophoresis,Measurement,LOINC,Lab Test,20572-4,measurement,2,2,0.0015790304752881731,%,,,,,,,,,
42529529,Ej Ab [Presence] in Serum by Line blot,Measurement,LOINC,Lab Test,82392-2,measurement,2,2,0.0015790304752881731,,0.018589088205223533,,,,,,,,
1175790,Dipeptidyl aminopeptidase-like protein 6 Ab [Presence] in Cerebral spinal fluid by Cell binding immunofluorescent assay,Measurement,LOINC,Lab Test,90823-6,measurement,2,2,0.0015790304752881731,,0.009294544102611766,,,,,,,,
3035508,Candida albicans IgG Ab [Mass/volume] in Serum,Measurement,LOINC,Lab Test,35530-5,measurement,2,2,0.0015790304752881731,mg/L,,,,,,,,,
42529115,GABABR IgG Ab [Presence] in Cerebral spinal fluid by Immunofluorescence,Measurement,LOINC,Lab Test,82984-6,measurement,2,2,0.0015790304752881731,,0.009294544102611766,,,,,,,,
3003351,S Ab [Presence] in Serum or Plasma,Measurement,LOINC,Lab Test,1317-7,measurement,2,1,0.0007895152376440866,,,,,,,,,,
42529116,Leucine-rich glioma-inactivated protein 1 IgG Ab [Presence] in Cerebral spinal fluid by Immunofluorescence,Measurement,LOINC,Lab Test,82985-3,measurement,2,2,0.0015790304752881731,,0.009294544102611766,,,,,,,,
42529067,Signal Recognition Particle (SRP) IgG Ab [Presence] in Serum by Line blot,Measurement,LOINC,Lab Test,82936-6,measurement,2,2,0.0015790304752881731,,0.018589088205223533,,,,,,,,
1616347,PCA-Tr Ab [Presence] in Serum,Measurement,LOINC,Lab Test,97207-5,measurement,2,2,0.0015790304752881731,,,,,,,,,,
3009666,O-desmethylvenlafaxine [Mass/volume] in Serum or Plasma,Measurement,LOINC,Lab Test,9628-9,measurement,2,1,0.0007895152376440866,ug/L,,,,0.022321428571428572,,,,,
1175984,Myelin oligodendrocyte glycoprotein IgG1 Ab [Presence] in Serum or Plasma by Flow cytometry (FC),Measurement,LOINC,Lab Test,90248-6,measurement,2,2,0.0015790304752881731,,,,,,,,,,
42529124,Mi-2 beta IgG Ab [Presence] in Serum by Line blot,Measurement,LOINC,Lab Test,82996-0,measurement,2,2,0.0015790304752881731,,0.018589088205223533,,,,,,,,
3008136,Dog epithelium IgE Ab [Units/volume] in Serum,Measurement,LOINC,Lab Test,6099-6,measurement,2,2,0.0015790304752881731,kU/l,,,,,,,,,
3003129,Base excess in Capillary blood by calculation,Measurement,LOINC,Lab Test,1926-5,measurement,2,2,0.0015790304752881731,mmol/L,,,,,,,,,
3022914,Cancer Ag 19-9 [Units/volume] in Serum or Plasma,Measurement,LOINC,Lab Test,24108-3,measurement,2,2,0.0015790304752881731,kU/L,,,,,,,,,
3010683,Neuronal nuclear type 2 Ab [Presence] in Serum,Measurement,LOINC,Lab Test,31539-0,measurement,2,2,0.0015790304752881731,,,,,,,,,,
3021201,Thiopental [Mass/volume] in Serum or Plasma,Measurement,LOINC,Lab Test,4050-1,measurement,2,1,0.0007895152376440866,mg/L,,,,,,,,0.02617115938236064,
3025481,Topiramate [Mass/volume] in Serum or Plasma,Measurement,LOINC,Lab Test,17713-9,measurement,2,2,0.0015790304752881731,"mg/l, mg/L",0.009294544102611766,,,0.022321428571428572,,,,,
3009343,pH of Capillary blood,Measurement,LOINC,Lab Test,2745-8,measurement,2,2,0.0015790304752881731,[pH],,,,,,,,,
3004511,QUEtiapine [Mass/volume] in Serum or Plasma,Measurement,LOINC,Lab Test,26776-5,measurement,2,2,0.0015790304752881731,µg/L,,,,0.022321428571428572,,,,0.02617115938236064,
3024841,Left ventricular stroke work index,Measurement,LOINC,Clinical Observation,8863-3,measurement,2,2,0.0015790304752881731,gm*m/m2,,,,,,,,,
3010884,Ethanol [Mass/volume] in Serum or Plasma by Gas chromatography,Measurement,LOINC,Lab Test,14336-2,measurement,2,2,0.0015790304752881731,mg/L,0.009294544102611766,,,,,,,,
3038776,Pigeon serum proteins+feathers+droppings IgG Ab [Presence] in Serum,Measurement,LOINC,Lab Test,51859-7,measurement,2,2,0.0015790304752881731,mg/L,,,,,,,,,
3053000,Hemoglobin pattern [Interpretation] in Blood by Electrophoresis,Measurement,LOINC,Lab Test,49316-3,measurement,2,2,0.0015790304752881731,,,,,,,,,,
40758301,Cytoplasmic Ab pattern [Interpretation] in Serum by Immunofluorescence,Measurement,LOINC,Lab Test,55171-3,measurement,2,1,0.0007895152376440866,,,,,,,,,,
3004198,Follitropin [Units/volume] in Serum or Plasma --baseline,Measurement,LOINC,Lab Test,32317-0,measurement,2,2,0.0015790304752881731,U/l,0.009294544102611766,,,,,,,,
3025857,Cortisol [Mass/volume] in Serum or Plasma --AM peak specimen,Measurement,LOINC,Lab Test,9813-7,measurement,2,2,0.0015790304752881731,nmol/l,0.009294544102611766,,,,,,,,
42527814,GABABR Ab [Presence] in Serum by Immunofluorescence,Measurement,LOINC,Lab Test,84931-5,measurement,2,1,0.0007895152376440866,,,,,,,,,,
42870557,Ma1 Ab [Presence] in Serum by Immunoblot,Measurement,LOINC,Lab Test,69558-5,measurement,2,2,0.0015790304752881731,,,,,,,,,,
3023515,Verapamil [Mass/volume] in Serum or Plasma,Measurement,LOINC,Lab Test,4094-9,measurement,2,1,0.0007895152376440866,ug/l,0.009294544102611766,,,,,,,,
3028568,M Ag [Presence] on Red Blood Cells,Measurement,LOINC,Lab Test,1231-0,measurement,2,2,0.0015790304752881731,,,,,,,,,,
3010838,Calcium [Moles/time] in 24 hour Urine,Measurement,LOINC,Lab Test,14637-3,measurement,2,2,0.0015790304752881731,mmol/24 uur,,,,,,,,,
3045706,Amphiphysin Ab [Presence] in Serum,Measurement,LOINC,Lab Test,33422-7,measurement,2,2,0.0015790304752881731,,,,,,,,,,
42529598,SUMO-activating enzyme subunit 1 Ab [Presence] in Serum by Line blot,Measurement,LOINC,Lab Test,82440-9,measurement,2,2,0.0015790304752881731,,0.018589088205223533,,,,,,,,
3022356,Deprecated Polymorphonuclear cells/100 leukocytes in Cerebral spinal fluid,Measurement,LOINC,Lab Test,26517-3,measurement,2,2,0.0015790304752881731,%,0.009294544102611766,,,,,,,,
42869446,Mononuclear cells [#/volume] in Body fluid by Automated count,Measurement,LOINC,Lab Test,71689-4,measurement,2,2,0.0015790304752881731,10*6/L,0.009294544102611766,,,,,,,,
3010503,CD19 cells [#/volume] in Blood,Measurement,LOINC,Lab Test,8116-6,measurement,2,2,0.0015790304752881731,10*9/L,0.018589088205223533,,,,,,,,
3004195,Bilirubin.direct [Moles/volume] in Body fluid,Measurement,LOINC,Lab Test,25564-6,measurement,2,2,0.0015790304752881731,umol/L,,,,,,,,,
3030703,Everolimus [Mass/volume] in Blood,Measurement,LOINC,Lab Test,50544-6,measurement,2,1,0.0007895152376440866,ug/l,,,,,,,,,
3023863,Haddock IgE Ab [Units/volume] in Serum,Measurement,LOINC,Lab Test,7384-1,measurement,2,2,0.0015790304752881731,µmol/l,,,,,,,,,
3036035,von Willebrand factor (vWf) Ag actual/normal in Platelet poor plasma by Immunoassay,Measurement,LOINC,Lab Test,27816-8,measurement,2,2,0.0015790304752881731,%,,,,,,,,,
3019805,Aspergillus fumigatus IgG Ab [Units/volume] in Serum,Measurement,LOINC,Lab Test,7103-5,measurement,2,2,0.0015790304752881731,mg/L,,,,,,,,,
42529053,Jo-1 extractable nuclear IgG Ab [Presence] in Serum by Line blot,Measurement,LOINC,Lab Test,82918-4,measurement,2,2,0.0015790304752881731,,0.018589088205223533,,,,,,,,
3004248,Sex hormone binding globulin [Moles/volume] in Serum or Plasma,Measurement,LOINC,Lab Test,13967-5,measurement,2,2,0.0015790304752881731,nmol/L,,,,,,,,,
40759660,Glutamate decarboxylase 65 Ab [Units/volume] in Serum by Immunoassay,Measurement,LOINC,Lab Test,56540-8,measurement,2,2,0.0015790304752881731,[arb'U]/mL,0.009294544102611766,,,,,,,,
3009710,Isopropanol [Mass/volume] in Serum or Plasma,Measurement,LOINC,Lab Test,5669-7,measurement,2,2,0.0015790304752881731,mg/L,0.009294544102611766,,,,,,,,
3028167,CD3+CD4+ (T4 helper) cells [#/volume] in Blood,Measurement,LOINC,Lab Test,24467-3,measurement,2,2,0.0015790304752881731,10*9/L,0.018589088205223533,,,,,,,,
40759863,PL-7 Ab [Presence] in Serum by Immunoblot,Measurement,LOINC,Lab Test,56744-6,measurement,2,2,0.0015790304752881731,,0.018589088205223533,,,,,,,,
42527807,PCA-1 Ab [Presence] in Serum by Immunofluorescence,Measurement,LOINC,Lab Test,84924-0,measurement,2,2,0.0015790304752881731,,,,,,,,,,
3027126,Copper [Mass/volume] in Serum or Plasma,Measurement,LOINC,Lab Test,5631-7,measurement,2,2,0.0015790304752881731,µmol/l,0.009294544102611766,,,,,,,,
42529265,OJ IgG Ab [Presence] in Serum by Line blot,Measurement,LOINC,Lab Test,83137-0,measurement,2,2,0.0015790304752881731,,0.018589088205223533,,,,,,,,
42869455,Granulocytes [#/volume] in Body fluid by Automated count,Measurement,LOINC,Lab Test,71698-5,measurement,2,2,0.0015790304752881731,10*6/L,0.009294544102611766,,,,,,,,
3004739,Amitriptyline+Nortriptyline [Mass/volume] in Serum or Plasma,Measurement,LOINC,Lab Test,3335-7,measurement,2,1,0.0007895152376440866,ug/L,0.009294544102611766,,,,,,,,
3006689,Flecainide [Mass/volume] in Serum or Plasma,Measurement,LOINC,Lab Test,3638-4,measurement,2,2,0.0015790304752881731,mg/L,,,,,,,,0.02617115938236064,
3001405,CD3+CD8+ (T8 suppressor) cells [#/volume] in Blood,Measurement,LOINC,Lab Test,14135-8,measurement,2,2,0.0015790304752881731,10*9/L,0.018589088205223533,,,,,,,,
42529117,Contactin-associated protein 2 IgG Ab [Presence] in Cerebral spinal fluid by Immunofluorescence,Measurement,LOINC,Lab Test,82986-1,measurement,2,2,0.0015790304752881731,,0.009294544102611766,,,,,,,,
3022621,pH of Urine by Test strip,Measurement,LOINC,Lab Test,5803-2,measurement,2,2,0.0015790304752881731,[pH],0.009294544102611766,,,,,,,,
3022761,Ku Ab [Presence] in Serum,Measurement,LOINC,Lab Test,18484-6,measurement,2,2,0.0015790304752881731,,0.018589088205223533,,,,,,,,
40765581,Venlafaxine+O-desmethylvenlafaxine [Mass/volume] in Serum or Plasma,Measurement,LOINC,Lab Test,62849-5,measurement,2,1,0.0007895152376440866,µg/L,,,,0.022321428571428572,,,,,
42528889,AMPAR1+AMPAR2 IgG Ab [Presence] in Cerebral spinal fluid by Immunofluorescence,Measurement,LOINC,Lab Test,82732-9,measurement,2,2,0.0015790304752881731,,0.009294544102611766,,,,,,,,
3006588,Cancer Ag 15-3 [Units/volume] in Serum or Plasma,Measurement,LOINC,Lab Test,6875-9,measurement,2,2,0.0015790304752881731,kE/l,0.009294544102611766,,,,,,,,
40765986,Ganglioside GQ1b IgG Ab [Presence] in Serum by Immunoassay,Measurement,LOINC,Lab Test,63254-7,measurement,2,2,0.0015790304752881731,,,,,,,,,,
3019531,Acetone [Mass/volume] in Serum or Plasma,Measurement,LOINC,Lab Test,5568-1,measurement,2,2,0.0015790304752881731,mg/L,0.009294544102611766,,,,,,,,
3037596,N Ag [Presence] on Red Blood Cells,Measurement,LOINC,Lab Test,1261-7,measurement,2,2,0.0015790304752881731,,,,,,,,,,
3030408,3-Methoxytyramine [Moles/volume] in Serum or Plasma,Measurement,LOINC,Lab Test,50140-3,measurement,1,1,0.0007895152376440866,pmol/L,,,,,,,,,
40765979,Ganglioside GM1 IgM Ab [Presence] in Serum by Immunoassay,Measurement,LOINC,Lab Test,63247-1,measurement,1,1,0.0007895152376440866,,,,,,,,,,
3038080,Amino acid pattern [Interpretation] in Serum or Plasma,Measurement,LOINC,Lab Test,13500-4,measurement,1,1,0.0007895152376440866,,,,,,,,,,
43055228,Oxyhemoglobin [Moles/volume] in Cerebral spinal fluid,Measurement,LOINC,Lab Test,72263-7,measurement,1,1,0.0007895152376440866,umol/L,,,,,,,,,
1176364,PCA-Tr Ab [Presence] in Cerebral spinal fluid by Immunofluorescence,Measurement,LOINC,Lab Test,90845-9,measurement,1,1,0.0007895152376440866,,0.009294544102611766,,,,,,,,
3023410,Appearance of Cerebral spinal fluid,Measurement,LOINC,Lab Test,10333-3,measurement,1,1,0.0007895152376440866,,,,,,,,,,
3005769,clonazePAM [Mass/volume] in Serum or Plasma,Measurement,LOINC,Lab Test,3494-2,measurement,1,1,0.0007895152376440866,µg/L,,,,,,,,0.02617115938236064,
3026285,Alpha 1 antitrypsin [Mass/volume] in Serum or Plasma,Measurement,LOINC,Lab Test,1825-9,measurement,1,1,0.0007895152376440866,g/L,,,,,,,,,
40759301,Aspergillus fumigatus IgG4 Ab [Mass/volume] in Serum,Measurement,LOINC,Lab Test,56180-3,measurement,1,1,0.0007895152376440866,mg/L,,,,,,,,,
3036243,Potassium [Moles/volume] in Body fluid,Measurement,LOINC,Lab Test,2821-7,measurement,1,1,0.0007895152376440866,mmol/l,,,,,,,,,
42870632,1-Hydroxymidazolam [Mass/volume] in Serum or Plasma,Measurement,LOINC,Lab Test,69797-9,measurement,1,1,0.0007895152376440866,ug/L,,,,,,,,,
3000475,Leukocytes [#/volume] in Synovial fluid,Measurement,LOINC,Lab Test,26469-7,measurement,1,1,0.0007895152376440866,x10^9/L,,,,0.022321428571428572,,,,,
3042784,Coproporphyrin 3/Creatinine [Molar ratio] in Urine,Measurement,LOINC,Lab Test,45315-9,measurement,1,1,0.0007895152376440866,umol/mol,,,,,,,,,
3022297,Mirtazapine [Mass/volume] in Serum or Plasma,Measurement,LOINC,Lab Test,17283-3,measurement,1,1,0.0007895152376440866,µg/L,,,,,,,,0.02617115938236064,
40765948,CV2 Ab [Presence] in Cerebral spinal fluid by Immunofluorescence,Measurement,LOINC,Lab Test,63216-6,measurement,1,1,0.0007895152376440866,,0.009294544102611766,,,,,,,,
3013539,Creatinine [Moles/volume] in 24 hour Urine,Measurement,LOINC,Lab Test,25886-3,measurement,1,1,0.0007895152376440866,mmol/L,,,,,,,,,
3025886,Oxalate [Mass/time] in 24 hour Urine,Measurement,LOINC,Lab Test,2701-1,measurement,1,1,0.0007895152376440866,mmol/24u,,,,,,,,,
3051387,C reactive protein [Mass/volume] in Capillary blood,Measurement,LOINC,Lab Test,48421-2,measurement,1,1,0.0007895152376440866,mg/L,,,,,,,,,
3015672,Urea [Moles/volume] in 24 hour Urine,Measurement,LOINC,Lab Test,25998-6,measurement,1,1,0.0007895152376440866,mmol/L,,,,,,,,,
40765982,Ganglioside GM2 IgM Ab [Presence] in Serum by Immunoassay,Measurement,LOINC,Lab Test,63250-5,measurement,1,1,0.0007895152376440866,,,,,,,,,,
3037524,Glucose-6-Phosphate dehydrogenase [Enzymatic activity/volume] in Red Blood Cells,Measurement,LOINC,Lab Test,2357-2,measurement,1,1,0.0007895152376440866,IE/per gram Hb,0.009294544102611766,,,,,,,,
3020331,Lead [Mass/volume] in Blood,Measurement,LOINC,Lab Test,5671-3,measurement,1,1,0.0007895152376440866,µmol/l,0.009294544102611766,,,,,,,,
44816867,Phenytoin [Mass/volume] in Serum or Plasma --trough,Measurement,LOINC,Lab Test,74976-2,measurement,1,1,0.0007895152376440866,mg/L,,,,0.022321428571428572,,,,,
3024942,Coagulation factor VIII inhibitor [Units/volume] in Platelet poor plasma by Coagulation assay,Measurement,LOINC,Lab Test,3204-5,measurement,1,1,0.0007895152376440866,%,,,,,,,,,
3011149,Choriogonadotropin.beta subunit [Presence] in Serum or Plasma,Measurement,LOINC,Lab Test,2110-5,measurement,1,1,0.0007895152376440866,,0.009294544102611766,,,,,,,,
3015153,Gamma hydroxybutyrate [Mass/volume] in Serum or Plasma,Measurement,LOINC,Lab Test,28041-2,measurement,1,1,0.0007895152376440866,mg/L,0.009294544102611766,,,,,,,,
42870558,Ma1 Ab [Presence] in Cerebral spinal fluid by Immunoblot,Measurement,LOINC,Lab Test,69559-3,measurement,1,1,0.0007895152376440866,,0.009294544102611766,,,,,,,,
3038106,Epithelial casts [Presence] in Urine sediment by Light microscopy,Measurement,LOINC,Lab Test,25157-9,measurement,1,1,0.0007895152376440866,,,,,,,,,,
3030817,Heptacarboxylporphyrin/Creatinine [Molar ratio] in Urine,Measurement,LOINC,Lab Test,50628-7,measurement,1,1,0.0007895152376440866,umol/mol,,,,,,,,,
3042009,Drugs identified in Urine by Confirmatory method,Measurement,LOINC,Lab Test,40464-0,measurement,1,1,0.0007895152376440866,,0.009294544102611766,,,,,,,,
42868724,Islet cell 512 IgG Ab [Presence] in Serum or Plasma by Immunoassay,Measurement,LOINC,Lab Test,70252-2,measurement,1,1,0.0007895152376440866,,0.009294544102611766,,,,,,,,
3000787,Salicylates [Mass/volume] in Serum or Plasma,Measurement,LOINC,Lab Test,4024-6,measurement,1,1,0.0007895152376440866,mg/L,,,,,,,,,
3044597,Porphobilinogen/Creatinine [Molar ratio] in Urine,Measurement,LOINC,Lab Test,34357-4,measurement,1,1,0.0007895152376440866,mmol/mol,,,,,,,,,
3027401,Testosterone Free/Testosterone.total in Serum or Plasma,Measurement,LOINC,Lab Test,15432-8,measurement,1,1,0.0007895152376440866,pmol/l,0.009294544102611766,,,,,,,,
40760564,Ma+Ta Ab [Presence] in Cerebral spinal fluid by Immunoblot,Measurement,LOINC,Lab Test,57452-5,measurement,1,1,0.0007895152376440866,,0.009294544102611766,,,,,,,,
3009461,5-Hydroxyindoleacetate [Moles/time] in 24 hour Urine,Measurement,LOINC,Lab Test,14573-0,measurement,1,1,0.0007895152376440866,µmol/24u,,,,,,,,,
3040677,Delta aminolevulinate/Creatinine [Molar ratio] in Urine,Measurement,LOINC,Lab Test,39782-8,measurement,1,1,0.0007895152376440866,mmol/mol,,,,,,,,,
3047171,Jo-1 extractable nuclear IgG Ab [Units/volume] in Serum,Measurement,LOINC,Lab Test,33571-1,measurement,1,1,0.0007895152376440866,[arb'U]/mL,,,,,,,,,
3025673,Glucose [Mass/volume] in Serum or Plasma --2 hours post 75 g glucose PO,Measurement,LOINC,Lab Test,1518-0,measurement,1,1,0.0007895152376440866,mmol/l,0.009294544102611766,,,,,,,,
2000000132,Coagulation factor X activated inhibitor [Mass/volume] in Platelet poor plasma --apixaban,Measurement,ICUdata,Observable Entity,2000000132,measurement,1,1,0.0007895152376440866,ng/mL,,,,,,,,,
3030367,Cyclic citrullinated peptide IgG Ab [Units/volume] in Serum or Plasma,Measurement,LOINC,Lab Test,33935-8,measurement,1,1,0.0007895152376440866,[arb'U]/mL,,,,,,,,,
3022620,Valproate [Mass/volume] in Serum or Plasma --trough,Measurement,LOINC,Lab Test,4088-1,measurement,1,1,0.0007895152376440866,mg/L,0.009294544102611766,,,,,,,,
3029800,Calcium oxalate dihydrate/Total in Stone by Infrared spectroscopy,Measurement,LOINC,Lab Test,49500-2,measurement,1,1,0.0007895152376440866,%,0.009294544102611766,,,,,,,,
3015820,5-Hydroxyindoleacetate/Creatinine [Molar ratio] in Urine,Measurement,LOINC,Lab Test,29520-4,measurement,1,1,0.0007895152376440866,µmol/mmol,,,,,,,,,
42529214,Estradiol (E2) [Moles/volume] in Serum or Plasma by Immunoassay,Measurement,LOINC,Lab Test,83097-6,measurement,1,1,0.0007895152376440866,pmol/L,,,,,,,,,
3037492,Cardiolipin IgM Ab [Units/volume] in Serum or Plasma,Measurement,LOINC,Lab Test,8067-1,measurement,1,1,0.0007895152376440866,[MPL'U]/mL,,,,,,,,,
3028271,Lactate [Moles/volume] in Capillary blood,Measurement,LOINC,Lab Test,19239-3,measurement,1,1,0.0007895152376440866,mmol/L,,,,,,,,,
3044355,Beta 2 glycoprotein 1 IgG Ab [Units/volume] in Serum or Plasma by Immunoassay,Measurement,LOINC,Lab Test,44448-9,measurement,1,1,0.0007895152376440866,[arb'U]/mL,,,,,,,,,
3036931,Citrate [Mass/volume] in 24 hour Urine,Measurement,LOINC,Lab Test,21203-5,measurement,1,1,0.0007895152376440866,mmol/mmol kreat,0.009294544102611766,,,,,,,,
3010156,C reactive protein [Mass/volume] in Serum or Plasma by High sensitivity method,Measurement,LOINC,Lab Test,30522-7,measurement,1,1,0.0007895152376440866,mg/L,,,,,,,,,
3009261,Glucose [Presence] in Urine by Test strip,Measurement,LOINC,Lab Test,25428-4,measurement,1,1,0.0007895152376440866,,0.009294544102611766,,,,,,,,
3013888,Pyruvate [Moles/volume] in Serum or Plasma,Measurement,LOINC,Lab Test,32338-6,measurement,1,1,0.0007895152376440866,mmol/L,0.009294544102611766,,,,,,,,
43055442,Apixaban [Mass/volume] in Serum or Plasma,Measurement,LOINC,Lab Test,72608-3,measurement,1,1,0.0007895152376440866,ng/mL,,,,0.022321428571428572,,,,,
3024448,Jk sup(a) Ag [Presence] on Red Blood Cells,Measurement,LOINC,Lab Test,1072-8,measurement,1,1,0.0007895152376440866,,,,,,,,,,
3050001,Acylcarnitine pattern [Interpretation] in Serum or Plasma,Measurement,LOINC,Lab Test,46252-3,measurement,1,1,0.0007895152376440866,,,,,,,,,,
3044341,Pentacarboxylporphyrins/Creatinine [Molar ratio] in Urine,Measurement,LOINC,Lab Test,34353-3,measurement,1,1,0.0007895152376440866,umol/mol,,,,,,,,,
3024959,Parrot feather IgE Ab [Units/volume] in Serum,Measurement,LOINC,Lab Test,6202-6,measurement,1,1,0.0007895152376440866,kU/l,0.009294544102611766,,,,,,,,
3020475,"Ethylene glycol [Mass/volume] in Serum, Plasma or Blood",Measurement,LOINC,Lab Test,5646-5,measurement,1,1,0.0007895152376440866,mg/L,,,,,,,,,
3017750,Porphobilinogen [Mass/volume] in Urine,Measurement,LOINC,Lab Test,24446-7,measurement,1,1,0.0007895152376440866,µmol/l,0.009294544102611766,,,,,,,,
3022683,Crystals [type] in Synovial fluid by Light microscopy,Measurement,LOINC,Lab Test,5781-0,measurement,1,1,0.0007895152376440866,,,,,0.022321428571428572,,,,,
21490726,Left atrial pressure Diastolic,Measurement,LOINC,Clinical Observation,75933-2,measurement,1,1,0.0007895152376440866,mmHg,,,,,,,,,
3011937,Urate/Total in Stone,Measurement,LOINC,Lab Test,32149-7,measurement,1,1,0.0007895152376440866,%,0.009294544102611766,,,,,,,,
3017937,Magnesium [Moles/time] in 24 hour Urine,Measurement,LOINC,Lab Test,2599-9,measurement,1,1,0.0007895152376440866,mmol/24 uur,,,,,,,,,
3017644,Pyruvate kinase [Enzymatic activity/volume] in Red Blood Cells,Measurement,LOINC,Lab Test,2912-4,measurement,1,1,0.0007895152376440866,IE/per gram Hb,0.009294544102611766,,,,,,,,
3042951,Complement C1q Ab [Units/volume] in Serum,Measurement,LOINC,Lab Test,44702-9,measurement,1,1,0.0007895152376440866,AU/mL,,,,,,,,,
40760078,Neuronal nuclear type 2 Ab [Presence] in Cerebral spinal fluid by Immunofluorescence,Measurement,LOINC,Lab Test,56959-0,measurement,1,1,0.0007895152376440866,,0.009294544102611766,,,,,,,,
3006567,Chloride [Moles/time] in 24 hour Urine,Measurement,LOINC,Lab Test,2079-2,measurement,1,1,0.0007895152376440866,mmol/24 uur,,,,,,,,,
40765980,Ganglioside GM2 IgG Ab [Presence] in Serum by Immunoassay,Measurement,LOINC,Lab Test,63248-9,measurement,1,1,0.0007895152376440866,,,,,,,,,,
3044048,Fat [Mass/mass] in 24 hour Stool,Measurement,LOINC,Lab Test,34329-3,measurement,1,1,0.0007895152376440866,g/kg,0.009294544102611766,,,,,,,,
40761175,Wr sup(a) Ab [Presence] in Serum or Plasma,Measurement,LOINC,Lab Test,58074-6,measurement,1,1,0.0007895152376440866,,,,,,,,,,
3046665,Ganglioside GD1b IgG Ab [Presence] in Serum,Measurement,LOINC,Lab Test,43601-4,measurement,1,1,0.0007895152376440866,,,,,,,,,,
3022695,Caffeine [Mass/volume] in Serum or Plasma,Measurement,LOINC,Lab Test,3422-3,measurement,1,1,0.0007895152376440866,mg/L,,,,,,,,,
3017980,Sjogrens syndrome-B extractable nuclear IgG Ab [Units/volume] in Serum by Immunoassay,Measurement,LOINC,Lab Test,29965-1,measurement,1,1,0.0007895152376440866,[arb'U]/mL,,,,,,,,,
3041423,Sjogrens syndrome-A extractable nuclear 60kD Ab [Units/volume] in Serum,Measurement,LOINC,Lab Test,53019-6,measurement,1,1,0.0007895152376440866,[arb'U]/mL,,,,,,,,,
40763580,Pseudo Pelger Huet cells [Presence] in Blood by Light microscopy,Measurement,LOINC,Lab Test,60526-1,measurement,1,1,0.0007895152376440866,,,,,0.022321428571428572,,,,,
3044152,Coproporphyrin 1/Creatinine [Molar ratio] in Urine,Measurement,LOINC,Lab Test,45313-4,measurement,1,1,0.0007895152376440866,umol/mol,,,,,,,,,
3037745,PARoxetine [Mass/volume] in Serum or Plasma,Measurement,LOINC,Lab Test,9699-0,measurement,1,1,0.0007895152376440866,ug/l,,,,,,,,,
3045815,Ganglioside GD1b IgM Ab [Presence] in Serum,Measurement,LOINC,Lab Test,43600-6,measurement,1,1,0.0007895152376440866,,,,,,,,,,
40769427,Triglyceride [Moles/volume] in Peritoneal fluid,Measurement,LOINC,Lab Test,66769-1,measurement,1,1,0.0007895152376440866,mmol/l,,,,0.022321428571428572,,,,,
3005107,Weight [Mass/time] of 24 hour Stool,Measurement,LOINC,Lab Test,25530-7,measurement,1,1,0.0007895152376440866,g/(24.h),0.009294544102611766,,,,,,,,
3013005,Retinol [Moles/volume] in Serum or Plasma,Measurement,LOINC,Lab Test,14905-4,measurement,1,1,0.0007895152376440866,µmol/L,,,,,,,,,
3048548,Porphyrins [Interpretation] in Urine Narrative,Measurement,LOINC,Lab Test,49291-8,measurement,1,1,0.0007895152376440866,,,,,,,,,,
3029962,CD19+Lambda+ cells [#/volume] in Blood,Measurement,LOINC,Lab Test,50665-9,measurement,1,1,0.0007895152376440866,/nL,,,,0.022321428571428572,,,,,
40762388,Lacosamide [Mass/volume] in Serum or Plasma,Measurement,LOINC,Lab Test,59297-2,measurement,1,1,0.0007895152376440866,mg/L,0.009294544102611766,,,,,,,,
3016278,Endomysium IgA Ab [Presence] in Serum,Measurement,LOINC,Lab Test,10362-2,measurement,1,1,0.0007895152376440866,,,,,,,,,,
40761074,Ganglioside GD1a IgG Ab [Presence] in Serum,Measurement,LOINC,Lab Test,57968-0,measurement,1,1,0.0007895152376440866,,,,,,,,,,
42527136,Airway pressure backup setting Ventilator,Measurement,LOINC,Clinical Observation,76151-0,measurement,1,1,0.0007895152376440866,,,,,,,,,0.02617115938236064,
1176096,Amphiphysin Ab [Presence] in Cerebral spinal fluid by Immunofluorescence,Measurement,LOINC,Lab Test,90815-2,measurement,1,1,0.0007895152376440866,,0.009294544102611766,,,,,,,,
3046904,Somatotropin [Units/volume] in Serum or Plasma,Measurement,LOINC,Lab Test,33858-2,measurement,1,1,0.0007895152376440866,mIU/L,,,,,,,,0.02617115938236064,
3027260,Neuronal nuclear Ab [Presence] in Cerebral spinal fluid,Measurement,LOINC,Lab Test,11089-0,measurement,1,1,0.0007895152376440866,,0.009294544102611766,,,,,,,,
3037551,Cancer Ag 125 [Units/volume] in Serum or Plasma,Measurement,LOINC,Lab Test,10334-1,measurement,1,1,0.0007895152376440866,kU/L,,,,0.022321428571428572,,,,,
3010024,Jk sup(b) Ag [Presence] on Red Blood Cells,Measurement,LOINC,Lab Test,1078-5,measurement,1,1,0.0007895152376440866,,,,,,,,,,
3013201,Beta-2-Microglobulin [Mass/volume] in Serum or Plasma,Measurement,LOINC,Lab Test,1952-1,measurement,1,1,0.0007895152376440866,mg/L,,,,,,,,,
40761075,Ganglioside GD1a IgM Ab [Presence] in Serum,Measurement,LOINC,Lab Test,57969-8,measurement,1,1,0.0007895152376440866,,,,,,,,,,
21494260,Myeloperoxidase IgG Ab [Presence] in Serum or Plasma by Immunoassay,Measurement,LOINC,Lab Test,81787-4,measurement,1,1,0.0007895152376440866,,0.009294544102611766,,,,,,,,
3015654,D Ab [Presence] in Serum or Plasma,Measurement,LOINC,Lab Test,975-3,measurement,1,1,0.0007895152376440866,,,,,,,,,,
42868446,Proteinase 3 IgG Ab [Presence] in Serum by Immunoassay,Measurement,LOINC,Lab Test,69957-9,measurement,1,1,0.0007895152376440866,,0.009294544102611766,,,,,,,,
3014188,Size [Entitic volume] of Stone,Measurement,LOINC,Lab Test,9802-0,measurement,1,1,0.0007895152376440866,,0.009294544102611766,,,,,,,,
3018081,Beta-2-Microglobulin [Mass/volume] in Urine,Measurement,LOINC,Lab Test,1953-9,measurement,1,1,0.0007895152376440866,mg/L,,,,,,,,0.02617115938236064,
3033870,Appearance of Spun Cerebral spinal fluid,Measurement,LOINC,Lab Test,11135-1,measurement,1,1,0.0007895152376440866,,,,,,,,,,
3053287,Hemoglobin pattern [Interpretation] in Blood Narrative,Measurement,LOINC,Lab Test,49317-1,measurement,1,1,0.0007895152376440866,,,,,,,,,,
3026029,Penicillin V IgE Ab [Units/volume] in Serum,Measurement,LOINC,Lab Test,6210-9,measurement,1,1,0.0007895152376440866,k[IU]/L,,,,,,,,,
43055226,Bilirubin excess [Moles/volume] in Serum and CSF,Measurement,LOINC,Lab Test,72261-1,measurement,1,1,0.0007895152376440866,umol/L,,,,,,,,,
3015916,Alpha-1-Fetoprotein [Units/volume] in Serum or Plasma,Measurement,LOINC,Lab Test,19176-7,measurement,1,1,0.0007895152376440866,ng/mL,,,,,,,,,
40757502,Cholesterol [Moles/volume] in Peritoneal fluid,Measurement,LOINC,Lab Test,54371-0,measurement,1,1,0.0007895152376440866,mmol/l,,,,0.022321428571428572,,,,,
3010488,Prolactin [Mass/volume] in Serum or Plasma --1st specimen post XXX challenge,Measurement,LOINC,Lab Test,25736-0,measurement,1,1,0.0007895152376440866,%,0.009294544102611766,,,,,,,,
3021835,Urate [Mass/time] in 24 hour Urine,Measurement,LOINC,Lab Test,3087-4,measurement,1,1,0.0007895152376440866,mmol/24u,,,,,,,,,
3030814,Protein [Interpretation] in Urine,Measurement,LOINC,Lab Test,50749-1,measurement,1,1,0.0007895152376440866,Geen,,,,,,,,,0.005030181086519115
3007527,Weight of Stone,Measurement,LOINC,Lab Test,9804-6,measurement,1,1,0.0007895152376440866,mg,0.009294544102611766,,,,,,,,
3052912,Proteinase 3 IgG Ab [Units/volume] in Serum,Measurement,LOINC,Lab Test,48408-9,measurement,1,1,0.0007895152376440866,,,,,0.022321428571428572,,,,,
3019250,Coagulation factor VIII activity actual/normal in Platelet poor plasma by Coagulation assay,Measurement,LOINC,Lab Test,3209-4,measurement,1,1,0.0007895152376440866,%,,,,,,,,,
3036273,Rouleaux [Presence] in Blood by Light microscopy,Measurement,LOINC,Lab Test,7797-4,measurement,1,1,0.0007895152376440866,,,,,0.022321428571428572,,,,,
3000722,Carnitine free (C0) [Moles/volume] in Serum or Plasma,Measurement,LOINC,Lab Test,14286-9,measurement,1,1,0.0007895152376440866,umol/L,,,,,,,,,
46235127,Lupus anticoagulant two screening tests W Reflex [interpretation],Measurement,LOINC,Lab Test,75514-0,measurement,1,1,0.0007895152376440866,,,,,,,,,,
42529069,Smith extractable nuclear D IgG Ab [Units/volume] in Serum,Measurement,LOINC,Lab Test,82938-2,measurement,1,1,0.0007895152376440866,[arb'U]/mL,,,,,,,,,
36303653,Glomerular basement membrane Ab [Presence] in Serum by Line blot,Measurement,LOINC,Lab Test,89514-4,measurement,1,1,0.0007895152376440866,,,,,0.022321428571428572,,,,,
44786747,Hexacarboxylporphyrin III/Creatinine [Molar ratio] in Urine,Measurement,LOINC,Lab Test,74090-2,measurement,1,1,0.0007895152376440866,umol/mol,,,,,,,,,
3011391,Calcitriol [Moles/volume] in Serum or Plasma,Measurement,LOINC,Lab Test,14566-4,measurement,1,1,0.0007895152376440866,pmol/L,,,,,,,,,
3025570,Left atrial Intrachamber mean pressure,Measurement,LOINC,Clinical Observation,8399-8,measurement,1,1,0.0007895152376440866,mmHg,,,,,,,,,
3039630,WBC casts [Presence] in Urine by Computer assisted method,Measurement,LOINC,Lab Test,53279-6,measurement,1,1,0.0007895152376440866,,,,,,,,,,
42868729,Sjogrens syndrome-A extractable nuclear 52kD IgG Ab [Units/volume] in Serum by Immunoassay,Measurement,LOINC,Lab Test,70257-1,measurement,1,1,0.0007895152376440866,[arb'U]/mL,,,,,,,,,
3044870,Hemoglobin C/Hemoglobin.total in Blood by Electrophoresis,Measurement,LOINC,Lab Test,32681-9,measurement,1,1,0.0007895152376440866,%,,,,,,,,,
3004227,Saccharopolyspora rectivirgula IgG Ab [Presence] in Serum,Measurement,LOINC,Lab Test,19749-1,measurement,1,1,0.0007895152376440866,mg/l,,,,,,,,,
3019105,Plasmin inhibitor Ag [Mass/volume] in Platelet poor plasma by Immunoassay,Measurement,LOINC,Lab Test,5966-7,measurement,1,1,0.0007895152376440866,%,,,,,,,,,
40758858,Erythrocytes.fetal/Erythrocytes [Ratio] in Blood by Flow cytometry (FC),Measurement,LOINC,Lab Test,55729-8,measurement,1,1,0.0007895152376440866,%,,,,,,,,,
3026572,PHENobarbital [Mass/volume] in Urine by Confirmatory method,Measurement,LOINC,Lab Test,16241-2,measurement,1,1,0.0007895152376440866,mg/l,,,,,,,,,
3049202,Albumin and Immunoglobulin Quotient [Interpretation] in Serum and CSF,Measurement,LOINC,Lab Test,48669-6,measurement,1,1,0.0007895152376440866,,,,,,,,,,
3049236,Origin of Stone,Measurement,LOINC,Lab Test,48557-3,measurement,1,1,0.0007895152376440866,,0.009294544102611766,,,,,,,,
3023851,Copper [Mass/time] in 24 hour Urine,Measurement,LOINC,Lab Test,5633-3,measurement,1,1,0.0007895152376440866,µmol/24u,0.009294544102611766,,,,,,,,
21490679,Left atrial pressure Systolic,Measurement,LOINC,Clinical Observation,60989-1,measurement,1,1,0.0007895152376440866,mmHg,,,,,,,,,
3022819,Cystine crystals [Presence] in Stone by Infrared spectroscopy,Measurement,LOINC,Lab Test,16710-6,measurement,1,1,0.0007895152376440866,.,,,,,,,,,
3008884,Ascorbate [Moles/volume] in Serum or Plasma,Measurement,LOINC,Lab Test,14622-5,measurement,1,1,0.0007895152376440866,µmol/L,,,,,,,,,
1176263,PCA-1 Ab [Presence] in Cerebral spinal fluid by Immunofluorescence,Measurement,LOINC,Lab Test,90841-8,measurement,1,1,0.0007895152376440866,,0.009294544102611766,,,,,,,,
3044458,Uroporphyrin/Creatinine [Molar ratio] in Urine,Measurement,LOINC,Lab Test,45319-1,measurement,1,1,0.0007895152376440866,umol/mol,,,,,,,,,
1989451,Pacemaker type,Measurement,LOINC,Clinical Observation,99686-8,measurement,1,1,0.0007895152376440866,,,,,,,,,,
40770974,Glomerular basement membrane IgG Ab [Presence] in Serum by Immunoassay,Measurement,LOINC,Lab Test,68386-2,measurement,1,1,0.0007895152376440866,,0.009294544102611766,,,,,,,,
21494702,CYP3A4 and CYP3A5 gene targeted mutation analysis in Blood or Tissue by Molecular genetics method,Measurement,LOINC,Lab Test,81146-3,measurement,1,1,0.0007895152376440866,,,,,,,,,,
3012989,Citrate [Moles/time] in 24 hour Urine,Measurement,LOINC,Lab Test,14650-6,measurement,1,1,0.0007895152376440866,mmol/24 uur,,,,,,,,,
40759668,U1 small nuclear ribonucleoprotein IgG Ab [Units/volume] in Serum by Immunoassay,Measurement,LOINC,Lab Test,56548-1,measurement,1,1,0.0007895152376440866,[arb'U]/mL,,,,,,,,,
3042301,Urate [Moles/volume] in Synovial fluid,Measurement,LOINC,Lab Test,39788-5,measurement,1,1,0.0007895152376440866,,,,,0.022321428571428572,,,,,
3034896,Calcium oxalate monohydrate/Total in Stone,Measurement,LOINC,Lab Test,38252-3,measurement,1,1,0.0007895152376440866,%,0.009294544102611766,,,,,,,,
3006772,Delta aminolevulinate [Mass/volume] in 24 hour Urine,Measurement,LOINC,Lab Test,26974-6,measurement,1,1,0.0007895152376440866,µmol/l,0.009294544102611766,,,,,,,,
40765975,Ganglioside GM1 IgG Ab [Presence] in Serum by Immunoassay,Measurement,LOINC,Lab Test,63243-0,measurement,1,1,0.0007895152376440866,,,,,,,,,,
3015196,Fat [Mass/time] in 24 hour Stool,Measurement,LOINC,Lab Test,16142-2,measurement,1,1,0.0007895152376440866,g/(24.h),0.009294544102611766,,,,,,,,
3013882,Canary feather IgE Ab [Units/volume] in Serum,Measurement,LOINC,Lab Test,7171-2,measurement,1,1,0.0007895152376440866,kU/l,0.009294544102611766,,,,,,,,
3052524,SCL-70 extractable nuclear IgG Ab [Units/volume] in Serum by Immunoassay,Measurement,LOINC,Lab Test,47322-3,measurement,1,1,0.0007895152376440866,[arb'U]/mL,,,,,,,,,
3046171,Beta 2 glycoprotein 1 IgM Ab [Units/volume] in Serum or Plasma by Immunoassay,Measurement,LOINC,Lab Test,44449-7,measurement,1,1,0.0007895152376440866,[arb'U]/mL,,,,,,,,,
40771570,Coagulation specialist review of results,Measurement,LOINC,Lab Test,69049-5,measurement,1,1,0.0007895152376440866,,,,,,,,,,
3010866,Cholinesterase [Enzymatic activity/volume] in Serum or Plasma,Measurement,LOINC,Lab Test,2098-2,measurement,1,1,0.0007895152376440866,kU/L,,,,,,,,,
40762387,Lacosamide [Mass/volume] in Blood,Measurement,LOINC,Lab Test,59296-4,measurement,1,1,0.0007895152376440866,mg/L,,,,,,,,,
3042239,Centromere protein B Ab [Presence] in Serum,Measurement,LOINC,Lab Test,53981-7,measurement,1,1,0.0007895152376440866,,,,,,,,,,
3010889,Jk sup(a) Ab [Presence] in Serum or Plasma,Measurement,LOINC,Lab Test,1069-4,measurement,1,1,0.0007895152376440866,,,,,,,,,,
3028348,Apolipoprotein A-I/Apolipoprotein B [Mass Ratio] in Serum or Plasma,Measurement,LOINC,Lab Test,13462-7,measurement,1,1,0.0007895152376440866,.,,,,,,,,,
3030661,Acylcarnitine pattern [Interpretation] in Urine,Measurement,LOINC,Lab Test,33472-2,measurement,1,1,0.0007895152376440866,.,0.009294544102611766,,,,,,,,
1469651,Method of oxygen delivery,Observation,LOINC,Clinical Observation,107117-4,observation,5590188,84370,66.61140060003159,,,88.98001025115326,86.89529080397293,37.65625,39.298892988929886,85.00548245614036,4.630583671737681,,89.30583501006036
36659961,Intensive care unit (ICU) admission date,Observation,LOINC,Clinical Observation,95367-9,observation,2683126,664,0.5242381177956734,,,,,,,,3.648705982180738,,
3024265,Body temperature measurement site,Observation,LOINC,Clinical Observation,8327-9,observation,1642037,48348,38.17148270961629,,47.346407658704344,16.090367858691796,,,,,91.72677131947391,,
4287468,Body position,Observation,SNOMED,Observable Entity,397155001,observation,1365958,46547,36.7495657666193,,80.77888279579886,,76.80486238078767,,,82.55665204678363,,,
3042082,Confusion Assessment Method (CAM),Observation,LOINC,Survey,52495-9,observation,1234371,43641,34.45523448602558,,,26.30603635216654,,,,83.12317251461988,86.94466331292806,41.37660298351217,8.06841046277666
4273031,Color of sputum - finding,Observation,SNOMED,Clinical Finding,365445003,observation,1160271,16822,13.281225327648823,,,,,16.540178571428573,11.746617466174662,,36.32341354021456,33.132687778068565,37.5
4146379,Cough reflex,Observation,SNOMED,Observable Entity,34606001,observation,436302,18918,14.936049265750828,,,34.81843630485353,,15.9375,11.07011070110701,,,40.225071970688305,37.51509054325956
40757705,Presence of pressure injury,Observation,LOINC,Survey,54574-9,observation,389737,55692,43.969682614874465,,,,90.12205366408064,,,91.72605994152046,,3.0620256477361947,84.54728370221328
2000000656,icu_specialty,Observation,ICUdata,Observable Entity,2000000656,observation,233731,89354,70.54634454444971,,,82.05653905295115,60.99224193309285,,,98.92635233918129,69.77392569246621,,92.15291750503017
2000000986,Ventilator trigger mode,Observation,ICUdata,Observable Entity,2000000986,observation,228538,5475,4.322595926101374,,,,,,,24.698464912280702,,,
2000000657,icu_admission_type,Observation,ICUdata,Observable Entity,2000000657,observation,220434,79820,63.01910626875099,,99.11701831025188,82.05653905295115,59.28250234718585,,,98.92635233918129,69.9072671070974,,
4043369,Activity of daily living,Observation,SNOMED,Observable Entity,129025006,observation,212105,19717,15.566871940628454,,,,,,,89.07163742690058,,,
4150612,Respiratory pattern,Observation,SNOMED,Observable Entity,278907009,observation,180204,12176,9.613137533554397,,19.221117204201136,,,,,20.476973684210527,,,
2000000662,History of diabetes,Observation,ICUdata,Observable Entity,2000000662,observation,174737,84022,66.33664929733143,,7.286922576447625,82.06048180420298,43.7564856451055,,,98.92635233918129,69.58603551730408,,39.798792756539235
4083588,Patient sex,Observation,SNOMED,Observable Entity,184100006,observation,161953,21904,17.29354176535607,,,,,,,99.22788742690058,,,
4127794,Decubitus,Observation,SNOMED,Qualifier Value,260452000,observation,137346,17480,13.800726354018632,,,,,,,78.1295687134503,,,
4137801,Coughing,Observation,SNOMED,Observable Entity,263731006,observation,126425,8379,6.615348176219801,,28.50636676271029,,,,,,,,
2000000961,Critical Care Pain Observation Tool facial expression,Observation,ICUdata,Observable Entity,2000000961,observation,124643,15272,12.05747670930049,,,,,,,69.06067251461988,,,
2000000993,Intensive Care Delirium Screening Checklist consciousness score,Observation,ICUdata,Observable Entity,2000000993,observation,122041,12469,9.844465498184116,,,,,,,56.026133040935676,,,
2000000962,Critical Care Pain Observation Tool body movements,Observation,ICUdata,Observable Entity,2000000962,observation,119419,14985,11.830885836096636,,,,,,,67.74945175438596,,,
2000000666,History of neoplasm with metastasis,Observation,ICUdata,Observable Entity,2000000666,observation,76997,56320,44.465498184114956,,,82.07231005795845,61.00212482087266,,,,69.62240135765803,,37.947686116700204
2000000667,History of hematologic malignancy,Observation,ICUdata,Observable Entity,2000000667,observation,76996,56317,44.46312963840202,,,82.07231005795845,61.00212482087266,,,,69.61027941087339,,37.947686116700204
2000000663,History of Chronic Respiratory Insufficiency,Observation,ICUdata,Observable Entity,2000000663,observation,76974,56318,44.463919153639665,,,82.07231005795845,61.00212482087266,,,,69.61634038426571,,37.947686116700204
2000000665,History of cirrhosis,Observation,ICUdata,Observable Entity,2000000665,observation,76974,56319,44.46470866887731,,,82.07231005795845,61.00212482087266,,,,69.62240135765803,,37.947686116700204
2000000990,Intensive Care Delirium Screening Checklist result,Observation,ICUdata,Observable Entity,2000000990,observation,68836,10653,8.410705826622454,punt(en),,,,,,47.69736842105263,,,
2000000987,Intensive Care Delirium Screening Checklist fluctuation score,Observation,ICUdata,Observable Entity,2000000987,observation,67263,10653,8.410705826622454,,,,,,,47.69736842105263,,,
2000000664,History of Chronic Cardiovascular Insufficiency,Observation,ICUdata,Observable Entity,2000000664,observation,61925,43216,34.11969051002684,,,82.07231005795845,61.00212482087266,,,,0.4485120310321838,,37.94265593561368
2000000668,History of immunologic insufficiency,Observation,ICUdata,Observable Entity,2000000668,observation,61750,43053,33.99099952629086,,,82.07231005795845,61.00212482087266,,,,,,37.947686116700204
2000000669,Mechanical ventilation on ICU admission,Observation,ICUdata,Observable Entity,2000000669,observation,56165,48419,38.227538291489026,,,82.07231005795845,61.00212482087266,,,,69.79816958603551,,
2000000671,Mechanical ventilation within 24 hours after ICU admission,Observation,ICUdata,Observable Entity,2000000671,observation,40868,35118,27.72619611558503,,,82.07231005795845,61.00212482087266,,,,,,
4125279,Ability to initiate swallowing reflex,Observation,SNOMED,Observable Entity,288963004,observation,33076,4883,3.8552029054160744,,11.460172878520309,,,9.464285714285714,9.28659286592866,,,38.6286312483643,
3023170,Hospital admission date,Observation,LOINC,Clinical Observation,8656-1,observation,32088,21955,17.333807042475918,,,,,,,98.30043859649123,,0.9159905783826223,
3021690,Hospital discharge date,Observation,LOINC,Clinical Observation,8649-6,observation,24432,21874,17.26985630822675,,,,,,,1.608187134502924,,,
3012697,History of Tobacco use,Observation,LOINC,Clinical Observation,11367-0,observation,24091,17271,13.635717669351019,,,,21.712704452240946,,,0.04568713450292398,,,
3027199,History of Alcohol use,Observation,LOINC,Clinical Observation,11331-6,observation,19309,10097,7.971735354492342,,,,20.67994267925088,,,,,,
4185148,Cardiac pacing rate,Observation,SNOMED,Observable Entity,413755002,observation,18860,5694,4.495499763145428,"BPM, ppm",,12.163387611875567,,,,,13.928116855567003,,
4168193,Intubation technique,Observation,SNOMED,Qualifier Value,416238005,observation,18759,1833,1.4471814306016106,,,,,,,,,47.867050510337606,
3022304,Age,Observation,LOINC,Clinical Observation,30525-0,observation,16512,14033,11.079267329859466,"jaar, ",,,,,,,71.53766894963331,,2.0824949698189137
37397718,Difficult intubation,Observation,SNOMED,Clinical Finding,718447001,observation,6445,2221,1.7535133428075163,,,,,,,9.946089181286549,,,
40758416,Time of death,Observation,LOINC,Clinical Observation,55287-7,observation,6089,3166,2.499605242381178,,,,,,,,13.140190314564519,,
21494253,Intra-aortic balloon pump used,Observation,LOINC,Clinical Observation,80998-8,observation,2561,34,0.026843518079898942,,,,,,,,,0.8113059408531798,
4297089,Natural death,Observation,SNOMED,Event,38605008,observation,1852,1458,1.1511132164850781,,0.32530904359141183,,5.089687206601769,,,,,,
1989127,Dialysis access site,Observation,LOINC,Clinical Observation,99715-5,observation,1832,1020,0.8053055423969683,,,0.22079407010211727,,,,,,,
4183166,Orientation,Observation,SNOMED,Observable Entity,43173001,observation,1821,768,0.6063477025106585,,,,,,,3.2118055555555554,,,
1073572,Rotational thromboelastometry technique,Observation,SNOMED,Qualifier Value,1306388004,observation,1403,288,0.2273803884414969,mm,,,,4.263392857142857,,,,,
3022196,History of Other nonmedical drug use,Observation,LOINC,Clinical Observation,11343-1,observation,463,356,0.2810674246012948,,,,,,,,,,
44808537,Assessment of ileostomy,Observation,SNOMED,Procedure,859131000000106,observation,394,341,0.2692246960366335,,,0.02759925876276466,,,,,,,
4091068,Consistency of liquor,Observation,SNOMED,Observable Entity,249133002,observation,220,155,0.12237486183483341,,,,,,,0.5254020467836257,,,
9201,,,,,,visit_occurrence,153813,124553,98.33649139428391,,100.0,100.0,100.0,100.0,100.0,100.0,100.0,100.0,100.0
8507,,,,,,person,56090,56090,44.28390967945681,,,,,,,,,,
2000000000,,,,,,measurement,47579,9840,7.768829938417811,,82.83297704247606,,,,,,,,
8532,,,,,,person,30459,30459,24.047844623401232,,,,,,,,,,
1,,,,,,person,14593,14593,11.521395862940155,,,,,,,,,,
2,,,,,,person,7311,7311,5.772145902415916,,,,,,,,,,
